sandbox,test,concurrency,session,op,t_start,dur_sec,ok,throttled,err
e2b,latency,1,0,start,1791362845.0199947,0.5830826270394027,1,0,
e2b,latency,1,0,py_import_first,1791362845.6030915,3.2212731490144506,1,0,
e2b,latency,1,0,py_import_again,1791362848.824382,0.7610237470362335,1,0,
e2b,latency,1,0,exec_true,1791362849.585419,0.008791362983174622,1,0,
e2b,latency,1,0,exec_true,1791362849.594221,0.008839654037728906,1,0,
e2b,latency,1,0,exec_true,1791362849.6030707,0.009327895939350128,1,0,
e2b,latency,1,0,exec_true,1791362849.6124084,0.00871422199998051,1,0,
e2b,latency,1,0,exec_true,1791362849.6211317,0.00909736705943942,1,0,
e2b,latency,1,0,exec_true,1791362849.630239,0.008333407924510539,1,0,
e2b,latency,1,0,exec_true,1791362849.6385815,0.008791653905063868,1,0,
e2b,latency,1,0,exec_true,1791362849.6473823,0.008608434000052512,1,0,
e2b,latency,1,0,exec_true,1791362849.6560063,0.008510561077855527,1,0,
e2b,latency,1,0,exec_true,1791362849.6645253,0.01000769599340856,1,0,
e2b,latency,1,0,exec_true,1791362849.6745431,0.008767563034780324,1,0,
e2b,latency,1,0,exec_true,1791362849.6833196,0.008488292922265828,1,0,
e2b,latency,1,0,exec_true,1791362849.691816,0.008619320928119123,1,0,
e2b,latency,1,0,exec_true,1791362849.700444,0.008166534011252224,1,0,
e2b,latency,1,0,exec_true,1791362849.7086186,0.008114335010759532,1,0,
e2b,latency,1,0,exec_true,1791362849.7167413,0.008549666032195091,1,0,
e2b,latency,1,0,exec_true,1791362849.7252994,0.013201246969401836,1,0,
e2b,latency,1,0,exec_true,1791362849.738509,0.008507924037985504,1,0,
e2b,latency,1,0,exec_true,1791362849.7470253,0.008646581904031336,1,0,
e2b,latency,1,0,exec_true,1791362849.7556803,0.009167757001705468,1,0,
e2b,latency,1,0,upload_1MB,1791362849.764859,0.0119322290411219,1,0,
e2b,latency,1,0,download_1MB,1791362849.7768128,0.02564785606227815,1,0,
e2b,latency,1,0,upload_8MB,1791362849.8024719,0.035618754918687046,1,0,
e2b,latency,1,0,download_8MB,1791362849.838109,0.1627936540171504,1,0,
e2b,latency,1,0,stop,1791362850.000918,0.10449294501449913,1,0,
e2b,latency,1,1,start,1791362850.1075413,0.10151714901439846,1,0,
e2b,latency,1,1,py_import_first,1791362850.2090688,0.8406500540440902,1,0,
e2b,latency,1,1,py_import_again,1791362851.0497298,0.7238115950021893,1,0,
e2b,latency,1,1,exec_true,1791362851.7735524,0.008893377031199634,1,0,
e2b,latency,1,1,exec_true,1791362851.7824554,0.00785904296208173,1,0,
e2b,latency,1,1,exec_true,1791362851.7903237,0.008044848102144897,1,0,
e2b,latency,1,1,exec_true,1791362851.798378,0.008198048104532063,1,0,
e2b,latency,1,1,exec_true,1791362851.806585,0.00811139796860516,1,0,
e2b,latency,1,1,exec_true,1791362851.8147054,0.007866084109991789,1,0,
e2b,latency,1,1,exec_true,1791362851.8225808,0.008330975077115,1,0,
e2b,latency,1,1,exec_true,1791362851.8309205,0.007721259957179427,1,0,
e2b,latency,1,1,exec_true,1791362851.8386505,0.008229305036365986,1,0,
e2b,latency,1,1,exec_true,1791362851.8468883,0.007975713000632823,1,0,
e2b,latency,1,1,exec_true,1791362851.8548722,0.008370968978852034,1,0,
e2b,latency,1,1,exec_true,1791362851.863252,0.00856029405258596,1,0,
e2b,latency,1,1,exec_true,1791362851.8718204,0.008491567918099463,1,0,
e2b,latency,1,1,exec_true,1791362851.8803205,0.009068332030437887,1,0,
e2b,latency,1,1,exec_true,1791362851.8893976,0.008618041058070958,1,0,
e2b,latency,1,1,exec_true,1791362851.8980238,0.008137030061334372,1,0,
e2b,latency,1,1,exec_true,1791362851.9061694,0.00817558798007667,1,0,
e2b,latency,1,1,exec_true,1791362851.9143531,0.00822619698010385,1,0,
e2b,latency,1,1,exec_true,1791362851.9225874,0.00794978893827647,1,0,
e2b,latency,1,1,exec_true,1791362851.9305453,0.00777814001776278,1,0,
e2b,latency,1,1,upload_1MB,1791362851.9383337,0.008725146995857358,1,0,
e2b,latency,1,1,download_1MB,1791362851.9470751,0.024153643986210227,1,0,
e2b,latency,1,1,upload_8MB,1791362851.9712389,0.03373330400791019,1,0,
e2b,latency,1,1,download_8MB,1791362852.004989,0.15335968707222492,1,0,
e2b,latency,1,1,stop,1791362852.1583626,0.04057865496724844,1,0,
e2b,latency,1,2,start,1791362852.2007957,0.10547261801548302,1,0,
e2b,latency,1,2,py_import_first,1791362852.3062773,0.8844520680140704,1,0,
e2b,latency,1,2,py_import_again,1791362853.19074,0.7662612380227074,1,0,
e2b,latency,1,2,exec_true,1791362853.9570115,0.009075858048163354,1,0,
e2b,latency,1,2,exec_true,1791362853.9660969,0.008740163058973849,1,0,
e2b,latency,1,2,exec_true,1791362853.9748466,0.008374750963412225,1,0,
e2b,latency,1,2,exec_true,1791362853.9832308,0.008791183936409652,1,0,
e2b,latency,1,2,exec_true,1791362853.9920306,0.008252657949924469,1,0,
e2b,latency,1,2,exec_true,1791362854.0002923,0.008718610042706132,1,0,
e2b,latency,1,2,exec_true,1791362854.00902,0.007889895932748914,1,0,
e2b,latency,1,2,exec_true,1791362854.0169191,0.009160032030194998,1,0,
e2b,latency,1,2,exec_true,1791362854.0260882,0.009055371978320181,1,0,
e2b,latency,1,2,exec_true,1791362854.0351527,0.008014211081899703,1,0,
e2b,latency,1,2,exec_true,1791362854.0431755,0.008211481967009604,1,0,
e2b,latency,1,2,exec_true,1791362854.0514104,0.008597573032602668,1,0,
e2b,latency,1,2,exec_true,1791362854.0600166,0.008017744985409081,1,0,
e2b,latency,1,2,exec_true,1791362854.068043,0.007964618969708681,1,0,
e2b,latency,1,2,exec_true,1791362854.0760164,0.00809167604893446,1,0,
e2b,latency,1,2,exec_true,1791362854.0841167,0.00814757402986288,1,0,
e2b,latency,1,2,exec_true,1791362854.0922728,0.008166405954398215,1,0,
e2b,latency,1,2,exec_true,1791362854.1004477,0.007902021985501051,1,0,
e2b,latency,1,2,exec_true,1791362854.1083584,0.008270764024928212,1,0,
e2b,latency,1,2,exec_true,1791362854.1166377,0.008743157959543169,1,0,
e2b,latency,1,2,upload_1MB,1791362854.1253986,0.008411752991378307,1,0,
e2b,latency,1,2,download_1MB,1791362854.1338341,0.024760789005085826,1,0,
e2b,latency,1,2,upload_8MB,1791362854.1586053,0.036129801999777555,1,0,
e2b,latency,1,2,download_8MB,1791362854.194751,0.16090432403143495,1,0,
e2b,latency,1,2,stop,1791362854.3556726,0.033847113023512065,1,0,
e2b,latency,1,3,start,1791362854.3939893,0.09365679300390184,1,0,
e2b,latency,1,3,py_import_first,1791362854.487655,0.8447967960964888,1,0,
e2b,latency,1,3,py_import_again,1791362855.3324616,0.7233698040945455,1,0,
e2b,latency,1,3,exec_true,1791362856.0558422,0.008665923029184341,1,0,
e2b,latency,1,3,exec_true,1791362856.064518,0.008448017993941903,1,0,
e2b,latency,1,3,exec_true,1791362856.0729756,0.008595013990998268,1,0,
e2b,latency,1,3,exec_true,1791362856.0815806,0.008711058064363897,1,0,
e2b,latency,1,3,exec_true,1791362856.0903013,0.008695574011653662,1,0,
e2b,latency,1,3,exec_true,1791362856.0990062,0.008581970003433526,1,0,
e2b,latency,1,3,exec_true,1791362856.1075978,0.008259673020802438,1,0,
e2b,latency,1,3,exec_true,1791362856.1158667,0.008413895033299923,1,0,
e2b,latency,1,3,exec_true,1791362856.1242895,0.008564863004721701,1,0,
e2b,latency,1,3,exec_true,1791362856.1328633,0.007738930988125503,1,0,
e2b,latency,1,3,exec_true,1791362856.1406112,0.008084301021881402,1,0,
e2b,latency,1,3,exec_true,1791362856.1487043,0.008843255112878978,1,0,
e2b,latency,1,3,exec_true,1791362856.157556,0.008638833998702466,1,0,
e2b,latency,1,3,exec_true,1791362856.1662035,0.008572606951929629,1,0,
e2b,latency,1,3,exec_true,1791362856.1747844,0.00842256797477603,1,0,
e2b,latency,1,3,exec_true,1791362856.1832159,0.008438272983767092,1,0,
e2b,latency,1,3,exec_true,1791362856.1916625,0.008449921035207808,1,0,
e2b,latency,1,3,exec_true,1791362856.2001212,0.00858596502803266,1,0,
e2b,latency,1,3,exec_true,1791362856.2087154,0.008427520049735904,1,0,
e2b,latency,1,3,exec_true,1791362856.2171516,0.008530202903784811,1,0,
e2b,latency,1,3,upload_1MB,1791362856.2256925,0.008941505919210613,1,0,
e2b,latency,1,3,download_1MB,1791362856.234651,0.024143346003256738,1,0,
e2b,latency,1,3,upload_8MB,1791362856.2588046,0.03488370298873633,1,0,
e2b,latency,1,3,download_8MB,1791362856.293705,0.15508480300195515,1,0,
e2b,latency,1,3,stop,1791362856.448802,0.0290677840821445,1,0,
e2b,latency,1,4,start,1791362856.4797547,0.08525651204399765,1,0,
e2b,latency,1,4,py_import_first,1791362856.5650198,0.8535764371044934,1,0,
e2b,latency,1,4,py_import_again,1791362857.4186068,0.7334049500059336,1,0,
e2b,latency,1,4,exec_true,1791362858.1520243,0.008303240058012307,1,0,
e2b,latency,1,4,exec_true,1791362858.1603377,0.00870927597861737,1,0,
e2b,latency,1,4,exec_true,1791362858.1690564,0.008736163028515875,1,0,
e2b,latency,1,4,exec_true,1791362858.177802,0.008418012061156332,1,0,
e2b,latency,1,4,exec_true,1791362858.1862295,0.008823905023746192,1,0,
e2b,latency,1,4,exec_true,1791362858.1950626,0.008261426002718508,1,0,
e2b,latency,1,4,exec_true,1791362858.2033331,0.008691444993019104,1,0,
e2b,latency,1,4,exec_true,1791362858.2120337,0.008909584023058414,1,0,
e2b,latency,1,4,exec_true,1791362858.2209523,0.008404728025197983,1,0,
e2b,latency,1,4,exec_true,1791362858.2293653,0.008905883063562214,1,0,
e2b,latency,1,4,exec_true,1791362858.2382798,0.008465509046800435,1,0,
e2b,latency,1,4,exec_true,1791362858.2467544,0.008963920990936458,1,0,
e2b,latency,1,4,exec_true,1791362858.2557268,0.00909339205827564,1,0,
e2b,latency,1,4,exec_true,1791362858.2648284,0.008911196026019752,1,0,
e2b,latency,1,4,exec_true,1791362858.2737482,0.008099189959466457,1,0,
e2b,latency,1,4,exec_true,1791362858.2818556,0.008390931994654238,1,0,
e2b,latency,1,4,exec_true,1791362858.2902548,0.008717847988009453,1,0,
e2b,latency,1,4,exec_true,1791362858.2989814,0.00849788507912308,1,0,
e2b,latency,1,4,exec_true,1791362858.3074877,0.009060319047421217,1,0,
e2b,latency,1,4,exec_true,1791362858.3165567,0.008527447003871202,1,0,
e2b,latency,1,4,upload_1MB,1791362858.3250945,0.008292481070384383,1,0,
e2b,latency,1,4,download_1MB,1791362858.3334053,0.023606989067047834,1,0,
e2b,latency,1,4,upload_8MB,1791362858.3570225,0.031805439037270844,1,0,
e2b,latency,1,4,download_8MB,1791362858.3888445,0.15272662707138807,1,0,
e2b,latency,1,4,stop,1791362858.5415847,0.030157337081618607,1,0,
e2b,latency,1,5,start,1791362858.5737007,0.08668469998519868,1,0,
e2b,latency,1,5,py_import_first,1791362858.6603942,0.8483666779939085,1,0,
e2b,latency,1,5,py_import_again,1791362859.508772,0.7198499219957739,1,0,
e2b,latency,1,5,exec_true,1791362860.2286336,0.008876907988451421,1,0,
e2b,latency,1,5,exec_true,1791362860.2375205,0.009302268037572503,1,0,
e2b,latency,1,5,exec_true,1791362860.2468326,0.00907075998838991,1,0,
e2b,latency,1,5,exec_true,1791362860.2559133,0.007807979010976851,1,0,
e2b,latency,1,5,exec_true,1791362860.2637305,0.008503088960424066,1,0,
e2b,latency,1,5,exec_true,1791362860.2722433,0.008447348955087364,1,0,
e2b,latency,1,5,exec_true,1791362860.2807,0.00795757700689137,1,0,
e2b,latency,1,5,exec_true,1791362860.2886667,0.009373780922032893,1,0,
e2b,latency,1,5,exec_true,1791362860.2980494,0.008809664985165,1,0,
e2b,latency,1,5,exec_true,1791362860.3068686,0.009161539026536047,1,0,
e2b,latency,1,5,exec_true,1791362860.3160412,0.008232225081883371,1,0,
e2b,latency,1,5,exec_true,1791362860.3242824,0.008342031971551478,1,0,
e2b,latency,1,5,exec_true,1791362860.332633,0.008511158055625856,1,0,
e2b,latency,1,5,exec_true,1791362860.3411527,0.008828683057799935,1,0,
e2b,latency,1,5,exec_true,1791362860.34999,0.008806321071460843,1,0,
e2b,latency,1,5,exec_true,1791362860.3588047,0.008828422985970974,1,0,
e2b,latency,1,5,exec_true,1791362860.367642,0.008511565043590963,1,0,
e2b,latency,1,5,exec_true,1791362860.376162,0.008196571026928723,1,0,
e2b,latency,1,5,exec_true,1791362860.384367,0.008620653999969363,1,0,
e2b,latency,1,5,exec_true,1791362860.392996,0.008137054042890668,1,0,
e2b,latency,1,5,upload_1MB,1791362860.4011433,0.008579442044720054,1,0,
e2b,latency,1,5,download_1MB,1791362860.4097407,0.024487268063239753,1,0,
e2b,latency,1,5,upload_8MB,1791362860.4342387,0.035942999995313585,1,0,
e2b,latency,1,5,download_8MB,1791362860.4701993,0.1597754720132798,1,0,
e2b,latency,1,5,stop,1791362860.6299872,0.0283837040187791,1,0,
e2b,latency,1,6,start,1791362860.660257,0.09578084701206535,1,0,
e2b,latency,1,6,py_import_first,1791362860.7560463,0.8533862249460071,1,0,
e2b,latency,1,6,py_import_again,1791362861.6094432,0.7358472440391779,1,0,
e2b,latency,1,6,exec_true,1791362862.3453012,0.00955505098681897,1,0,
e2b,latency,1,6,exec_true,1791362862.3548665,0.008502396056428552,1,0,
e2b,latency,1,6,exec_true,1791362862.3633788,0.009343966958113015,1,0,
e2b,latency,1,6,exec_true,1791362862.3727322,0.008197983959689736,1,0,
e2b,latency,1,6,exec_true,1791362862.3809397,0.008748254971578717,1,0,
e2b,latency,1,6,exec_true,1791362862.3896973,0.008693634998053312,1,0,
e2b,latency,1,6,exec_true,1791362862.3984,0.008986429078504443,1,0,
e2b,latency,1,6,exec_true,1791362862.4073954,0.008779195020906627,1,0,
e2b,latency,1,6,exec_true,1791362862.4161832,0.008248864905908704,1,0,
e2b,latency,1,6,exec_true,1791362862.424441,0.008681404986418784,1,0,
e2b,latency,1,6,exec_true,1791362862.4331312,0.009242109023034573,1,0,
e2b,latency,1,6,exec_true,1791362862.442382,0.008738839067518711,1,0,
e2b,latency,1,6,exec_true,1791362862.4511297,0.008983260951936245,1,0,
e2b,latency,1,6,exec_true,1791362862.4601212,0.008521584095433354,1,0,
e2b,latency,1,6,exec_true,1791362862.468651,0.008495657006278634,1,0,
e2b,latency,1,6,exec_true,1791362862.477155,0.007779506966471672,1,0,
e2b,latency,1,6,exec_true,1791362862.484943,0.008438354008831084,1,0,
e2b,latency,1,6,exec_true,1791362862.4933894,0.008388070040382445,1,0,
e2b,latency,1,6,exec_true,1791362862.5017858,0.008456108975224197,1,0,
e2b,latency,1,6,exec_true,1791362862.5102503,0.0088650620309636,1,0,
e2b,latency,1,6,upload_1MB,1791362862.5191255,0.009157444001175463,1,0,
e2b,latency,1,6,download_1MB,1791362862.5283003,0.02537376096006483,1,0,
e2b,latency,1,6,upload_8MB,1791362862.5536842,0.03657353506423533,1,0,
e2b,latency,1,6,download_8MB,1791362862.5902748,0.16020786797162145,1,0,
e2b,latency,1,6,stop,1791362862.750496,0.027604048955254257,1,0,
e2b,latency,1,7,start,1791362862.7799566,0.08926313696429133,1,0,
e2b,latency,1,7,py_import_first,1791362862.8692284,0.8769834709819406,1,0,
e2b,latency,1,7,py_import_again,1791362863.7462227,0.7551691230619326,1,0,
e2b,latency,1,7,exec_true,1791362864.5014026,0.009913639980368316,1,0,
e2b,latency,1,7,exec_true,1791362864.5113258,0.008817496942356229,1,0,
e2b,latency,1,7,exec_true,1791362864.5201528,0.009372740052640438,1,0,
e2b,latency,1,7,exec_true,1791362864.5295353,0.010031968005932868,1,0,
e2b,latency,1,7,exec_true,1791362864.5395763,0.009113691048696637,1,0,
e2b,latency,1,7,exec_true,1791362864.5486991,0.009362675016745925,1,0,
e2b,latency,1,7,exec_true,1791362864.558071,0.009388359962031245,1,0,
e2b,latency,1,7,exec_true,1791362864.5674675,0.009451998048461974,1,0,
e2b,latency,1,7,exec_true,1791362864.5769281,0.009411529055796564,1,0,
e2b,latency,1,7,exec_true,1791362864.5863483,0.008954062010161579,1,0,
e2b,latency,1,7,exec_true,1791362864.5953107,0.00853847002144903,1,0,
e2b,latency,1,7,exec_true,1791362864.6038578,0.009595974930562079,1,0,
e2b,latency,1,7,exec_true,1791362864.613462,0.009708933997899294,1,0,
e2b,latency,1,7,exec_true,1791362864.6231794,0.009161690017208457,1,0,
e2b,latency,1,7,exec_true,1791362864.6323497,0.009163704002276063,1,0,
e2b,latency,1,7,exec_true,1791362864.6415217,0.008860383066348732,1,0,
e2b,latency,1,7,exec_true,1791362864.6503904,0.009141688933596015,1,0,
e2b,latency,1,7,exec_true,1791362864.6595402,0.00867194205056876,1,0,
e2b,latency,1,7,exec_true,1791362864.6682205,0.008949288981966674,1,0,
e2b,latency,1,7,exec_true,1791362864.677178,0.009607592015527189,1,0,
e2b,latency,1,7,upload_1MB,1791362864.6867957,0.008765025995671749,1,0,
e2b,latency,1,7,download_1MB,1791362864.6955805,0.026344964979216456,1,0,
e2b,latency,1,7,upload_8MB,1791362864.7219355,0.028547934954985976,1,0,
e2b,latency,1,7,download_8MB,1791362864.7505004,0.1598564269952476,1,0,
e2b,latency,1,7,stop,1791362864.9103708,0.029427603003568947,1,0,
e2b,latency,1,8,start,1791362864.941987,0.08823144598864019,1,0,
e2b,latency,1,8,py_import_first,1791362865.0302274,0.8638295539421961,1,0,
e2b,latency,1,8,py_import_again,1791362865.8940678,0.7343754000030458,1,0,
e2b,latency,1,8,exec_true,1791362866.6284542,0.009395343950018287,1,0,
e2b,latency,1,8,exec_true,1791362866.6378593,0.008422826998867095,1,0,
e2b,latency,1,8,exec_true,1791362866.646292,0.007613939931616187,1,0,
e2b,latency,1,8,exec_true,1791362866.653916,0.008330474025569856,1,0,
e2b,latency,1,8,exec_true,1791362866.6622562,0.008165806997567415,1,0,
e2b,latency,1,8,exec_true,1791362866.6704311,0.009114725980907679,1,0,
e2b,latency,1,8,exec_true,1791362866.6795557,0.00870579108595848,1,0,
e2b,latency,1,8,exec_true,1791362866.6882706,0.008890446973964572,1,0,
e2b,latency,1,8,exec_true,1791362866.6971703,0.009253130061551929,1,0,
e2b,latency,1,8,exec_true,1791362866.7064323,0.008405860979110003,1,0,
e2b,latency,1,8,exec_true,1791362866.7148473,0.008719271048903465,1,0,
e2b,latency,1,8,exec_true,1791362866.723575,0.008658164064399898,1,0,
e2b,latency,1,8,exec_true,1791362866.732242,0.009086094913072884,1,0,
e2b,latency,1,8,exec_true,1791362866.7413366,0.008373521966859698,1,0,
e2b,latency,1,8,exec_true,1791362866.7497187,0.008531737956218421,1,0,
e2b,latency,1,8,exec_true,1791362866.758259,0.008608664036728442,1,0,
e2b,latency,1,8,exec_true,1791362866.766876,0.00892297609243542,1,0,
e2b,latency,1,8,exec_true,1791362866.7758071,0.009599015000276268,1,0,
e2b,latency,1,8,exec_true,1791362866.785415,0.00856430793646723,1,0,
e2b,latency,1,8,exec_true,1791362866.7939875,0.007877602009102702,1,0,
e2b,latency,1,8,upload_1MB,1791362866.8018754,0.008665699977427721,1,0,
e2b,latency,1,8,download_1MB,1791362866.8105586,0.025922435917891562,1,0,
e2b,latency,1,8,upload_8MB,1791362866.8364916,0.020180115941911936,1,0,
e2b,latency,1,8,download_8MB,1791362866.856688,0.15450330404564738,1,0,
e2b,latency,1,8,stop,1791362867.0112052,0.029301859089173377,1,0,
e2b,latency,1,9,start,1791362867.0423992,0.08595349290408194,1,0,
e2b,latency,1,9,py_import_first,1791362867.1283615,0.9159617170225829,1,0,
e2b,latency,1,9,py_import_again,1791362868.0443377,0.780728716054,1,0,
e2b,latency,1,9,exec_true,1791362868.8250785,0.010346779017709196,1,0,
e2b,latency,1,9,exec_true,1791362868.8354359,0.009202835033647716,1,0,
e2b,latency,1,9,exec_true,1791362868.8446484,0.008951682946644723,1,0,
e2b,latency,1,9,exec_true,1791362868.8536098,0.009002227918244898,1,0,
e2b,latency,1,9,exec_true,1791362868.8626218,0.009575870004482567,1,0,
e2b,latency,1,9,exec_true,1791362868.8722072,0.008726726053282619,1,0,
e2b,latency,1,9,exec_true,1791362868.880943,0.008316527004353702,1,0,
e2b,latency,1,9,exec_true,1791362868.8892684,0.009254758013412356,1,0,
e2b,latency,1,9,exec_true,1791362868.8985322,0.008777351002208889,1,0,
e2b,latency,1,9,exec_true,1791362868.9073186,0.009220499894581735,1,0,
e2b,latency,1,9,exec_true,1791362868.9165478,0.010606516036204994,1,0,
e2b,latency,1,9,exec_true,1791362868.9271634,0.008740068064071238,1,0,
e2b,latency,1,9,exec_true,1791362868.935912,0.008968363981693983,1,0,
e2b,latency,1,9,exec_true,1791362868.944889,0.009251468000002205,1,0,
e2b,latency,1,9,exec_true,1791362868.9541495,0.009873072966001928,1,0,
e2b,latency,1,9,exec_true,1791362868.9640338,0.00899136601947248,1,0,
e2b,latency,1,9,exec_true,1791362868.9730334,0.00859487010166049,1,0,
e2b,latency,1,9,exec_true,1791362868.981637,0.009279844001866877,1,0,
e2b,latency,1,9,exec_true,1791362868.9909253,0.008820573915727437,1,0,
e2b,latency,1,9,exec_true,1791362868.9997542,0.008461783058010042,1,0,
e2b,latency,1,9,upload_1MB,1791362869.0082269,0.008639274979941547,1,0,
e2b,latency,1,9,download_1MB,1791362869.0168855,0.028813120909035206,1,0,
e2b,latency,1,9,upload_8MB,1791362869.0457299,0.035559401963837445,1,0,
e2b,latency,1,9,download_8MB,1791362869.0813124,0.1634113300824538,1,0,
e2b,latency,1,9,stop,1791362869.244739,0.028680052957497537,1,0,
e2b,latency,1,10,start,1791362869.2761762,0.08305218606255949,1,0,
e2b,latency,1,10,py_import_first,1791362869.3592386,0.8547844419954345,1,0,
e2b,latency,1,10,py_import_again,1791362870.2140367,0.7473930669948459,1,0,
e2b,latency,1,10,exec_true,1791362870.961441,0.008918459992855787,1,0,
e2b,latency,1,10,exec_true,1791362870.9703696,0.00803793699014932,1,0,
e2b,latency,1,10,exec_true,1791362870.9784174,0.00840100203640759,1,0,
e2b,latency,1,10,exec_true,1791362870.986828,0.008105620974674821,1,0,
e2b,latency,1,10,exec_true,1791362870.994943,0.010008669923990965,1,0,
e2b,latency,1,10,exec_true,1791362871.004961,0.008660441963002086,1,0,
e2b,latency,1,10,exec_true,1791362871.0136313,0.0087439080234617,1,0,
e2b,latency,1,10,exec_true,1791362871.0223844,0.008777318987995386,1,0,
e2b,latency,1,10,exec_true,1791362871.031171,0.008611258934251964,1,0,
e2b,latency,1,10,exec_true,1791362871.039791,0.009047013008967042,1,0,
e2b,latency,1,10,exec_true,1791362871.0488472,0.00893596198875457,1,0,
e2b,latency,1,10,exec_true,1791362871.0577917,0.00832296593580395,1,0,
e2b,latency,1,10,exec_true,1791362871.0661237,0.008047932991757989,1,0,
e2b,latency,1,10,exec_true,1791362871.0741806,0.007989204954355955,1,0,
e2b,latency,1,10,exec_true,1791362871.0821788,0.008196837035939097,1,0,
e2b,latency,1,10,exec_true,1791362871.0903845,0.008039940032176673,1,0,
e2b,latency,1,10,exec_true,1791362871.0984328,0.00794878404121846,1,0,
e2b,latency,1,10,exec_true,1791362871.1063902,0.007988951983861625,1,0,
e2b,latency,1,10,exec_true,1791362871.1143878,0.008224627003073692,1,0,
e2b,latency,1,10,exec_true,1791362871.122622,0.009245433029718697,1,0,
e2b,latency,1,10,upload_1MB,1791362871.1318777,0.0077140070497989655,1,0,
e2b,latency,1,10,download_1MB,1791362871.1396105,0.024574702023528516,1,0,
e2b,latency,1,10,upload_8MB,1791362871.164196,0.03330294508486986,1,0,
e2b,latency,1,10,download_8MB,1791362871.1975152,0.15655572700779885,1,0,
e2b,latency,1,10,stop,1791362871.3540852,0.027830107952468097,1,0,
e2b,latency,1,11,start,1791362871.3842936,0.07942446495871991,1,0,
e2b,latency,1,11,py_import_first,1791362871.4637268,0.8402602529386058,1,0,
e2b,latency,1,11,py_import_again,1791362872.3039978,0.7389172930270433,1,0,
e2b,latency,1,11,exec_true,1791362873.0429256,0.00947821291629225,1,0,
e2b,latency,1,11,exec_true,1791362873.0524135,0.011149347992613912,1,0,
e2b,latency,1,11,exec_true,1791362873.0635724,0.008940759929828346,1,0,
e2b,latency,1,11,exec_true,1791362873.0725224,0.008924409979954362,1,0,
e2b,latency,1,11,exec_true,1791362873.0814564,0.008761013974435627,1,0,
e2b,latency,1,11,exec_true,1791362873.0902264,0.008654236095026135,1,0,
e2b,latency,1,11,exec_true,1791362873.0988898,0.008610547054558992,1,0,
e2b,latency,1,11,exec_true,1791362873.1075096,0.00857712293509394,1,0,
e2b,latency,1,11,exec_true,1791362873.1160955,0.009220600011758506,1,0,
e2b,latency,1,11,exec_true,1791362873.1253247,0.009033393929712474,1,0,
e2b,latency,1,11,exec_true,1791362873.134367,0.00920834206044674,1,0,
e2b,latency,1,11,exec_true,1791362873.143584,0.008736581075936556,1,0,
e2b,latency,1,11,exec_true,1791362873.1523292,0.008230598992668092,1,0,
e2b,latency,1,11,exec_true,1791362873.160568,0.008512959000654519,1,0,
e2b,latency,1,11,exec_true,1791362873.1690896,0.008517674985341728,1,0,
e2b,latency,1,11,exec_true,1791362873.1776156,0.008428284083493054,1,0,
e2b,latency,1,11,exec_true,1791362873.1860523,0.008639081963337958,1,0,
e2b,latency,1,11,exec_true,1791362873.1947002,0.009457992971874774,1,0,
e2b,latency,1,11,exec_true,1791362873.2041667,0.008101254003122449,1,0,
e2b,latency,1,11,exec_true,1791362873.212277,0.008841036004014313,1,0,
e2b,latency,1,11,upload_1MB,1791362873.221128,0.008071093005128205,1,0,
e2b,latency,1,11,download_1MB,1791362873.2292154,0.024008329957723618,1,0,
e2b,latency,1,11,upload_8MB,1791362873.2532341,0.028301435988396406,1,0,
e2b,latency,1,11,download_8MB,1791362873.2815518,0.15841061295941472,1,0,
e2b,latency,1,11,stop,1791362873.4399755,0.02650363789871335,1,0,
e2b,latency,1,12,start,1791362873.4683588,0.08341763203497976,1,0,
e2b,latency,1,12,py_import_first,1791362873.551785,0.8913953519659117,1,0,
e2b,latency,1,12,py_import_again,1791362874.4431906,0.7695281220367178,1,0,
e2b,latency,1,12,exec_true,1791362875.2127287,0.009485612972639501,1,0,
e2b,latency,1,12,exec_true,1791362875.2222242,0.008373880991712213,1,0,
e2b,latency,1,12,exec_true,1791362875.2306073,0.008374132914468646,1,0,
e2b,latency,1,12,exec_true,1791362875.2389905,0.008265946991741657,1,0,
e2b,latency,1,12,exec_true,1791362875.2472658,0.007901877979747951,1,0,
e2b,latency,1,12,exec_true,1791362875.2551768,0.008073369041085243,1,0,
e2b,latency,1,12,exec_true,1791362875.2632592,0.008711926988326013,1,0,
e2b,latency,1,12,exec_true,1791362875.27198,0.00790704507380724,1,0,
e2b,latency,1,12,exec_true,1791362875.2798958,0.009199796011671424,1,0,
e2b,latency,1,12,exec_true,1791362875.2891042,0.007666221004910767,1,0,
e2b,latency,1,12,exec_true,1791362875.2967792,0.008640949963591993,1,0,
e2b,latency,1,12,exec_true,1791362875.305429,0.008859556983225048,1,0,
e2b,latency,1,12,exec_true,1791362875.3142972,0.008575067040510476,1,0,
e2b,latency,1,12,exec_true,1791362875.3228805,0.008685184991918504,1,0,
e2b,latency,1,12,exec_true,1791362875.3315744,0.009056022041477263,1,0,
e2b,latency,1,12,exec_true,1791362875.3406389,0.008465751074254513,1,0,
e2b,latency,1,12,exec_true,1791362875.3491132,0.007970797014422715,1,0,
e2b,latency,1,12,exec_true,1791362875.3570926,0.008203868055716157,1,0,
e2b,latency,1,12,exec_true,1791362875.3653052,0.007927276892587543,1,0,
e2b,latency,1,12,exec_true,1791362875.373241,0.009373503969982266,1,0,
e2b,latency,1,12,upload_1MB,1791362875.382625,0.009116176050156355,1,0,
e2b,latency,1,12,download_1MB,1791362875.3917584,0.025213480927050114,1,0,
e2b,latency,1,12,upload_8MB,1791362875.4169831,0.031329877907410264,1,0,
e2b,latency,1,12,download_8MB,1791362875.44833,0.2079727801028639,1,0,
e2b,latency,1,12,stop,1791362875.6563165,0.027640741085633636,1,0,
e2b,latency,1,13,start,1791362875.6858556,0.08222020603716373,1,0,
e2b,latency,1,13,py_import_first,1791362875.7680848,0.847596189007163,1,0,
e2b,latency,1,13,py_import_again,1791362876.6156898,0.7326965830288827,1,0,
e2b,latency,1,13,exec_true,1791362877.3483953,0.009257546975277364,1,0,
e2b,latency,1,13,exec_true,1791362877.3576617,0.008524036034941673,1,0,
e2b,latency,1,13,exec_true,1791362877.3661945,0.00804388104006648,1,0,
e2b,latency,1,13,exec_true,1791362877.374247,0.008296906016767025,1,0,
e2b,latency,1,13,exec_true,1791362877.3825524,0.008095569908618927,1,0,
e2b,latency,1,13,exec_true,1791362877.3906565,0.00802848394960165,1,0,
e2b,latency,1,13,exec_true,1791362877.3986933,0.00869669602252543,1,0,
e2b,latency,1,13,exec_true,1791362877.4073985,0.007912278990261257,1,0,
e2b,latency,1,13,exec_true,1791362877.415319,0.009057801915332675,1,0,
e2b,latency,1,13,exec_true,1791362877.4243853,0.008512197993695736,1,0,
e2b,latency,1,13,exec_true,1791362877.4329057,0.007377775968052447,1,0,
e2b,latency,1,13,exec_true,1791362877.440292,0.008633779943920672,1,0,
e2b,latency,1,13,exec_true,1791362877.4489338,0.007475177990272641,1,0,
e2b,latency,1,13,exec_true,1791362877.4564176,0.007757325074635446,1,0,
e2b,latency,1,13,exec_true,1791362877.4641833,0.008114399039186537,1,0,
e2b,latency,1,13,exec_true,1791362877.4723063,0.008513045962899923,1,0,
e2b,latency,1,13,exec_true,1791362877.4808276,0.00805264594964683,1,0,
e2b,latency,1,13,exec_true,1791362877.4888883,0.008408453897573054,1,0,
e2b,latency,1,13,exec_true,1791362877.4973054,0.008642649045214057,1,0,
e2b,latency,1,13,exec_true,1791362877.5059564,0.00850981508847326,1,0,
e2b,latency,1,13,upload_1MB,1791362877.5144765,0.0070627189707010984,1,0,
e2b,latency,1,13,download_1MB,1791362877.5215573,0.023984935018233955,1,0,
e2b,latency,1,13,upload_8MB,1791362877.5455527,0.03471502894535661,1,0,
e2b,latency,1,13,download_8MB,1791362877.580284,0.15959493210539222,1,0,
e2b,latency,1,13,stop,1791362877.739893,0.026755903963930905,1,0,
e2b,latency,1,14,start,1791362877.7685254,0.08640137105248868,1,0,
e2b,latency,1,14,py_import_first,1791362877.8549356,0.9280318790115416,1,0,
e2b,latency,1,14,py_import_again,1791362878.7829769,0.7599132269388065,1,0,
e2b,latency,1,14,exec_true,1791362879.5428994,0.00909699802286923,1,0,
e2b,latency,1,14,exec_true,1791362879.5520124,0.008239970076829195,1,0,
e2b,latency,1,14,exec_true,1791362879.560262,0.008795711095444858,1,0,
e2b,latency,1,14,exec_true,1791362879.5690663,0.008295204024761915,1,0,
e2b,latency,1,14,exec_true,1791362879.5773702,0.008829309954307973,1,0,
e2b,latency,1,14,exec_true,1791362879.5862076,0.008505580946803093,1,0,
e2b,latency,1,14,exec_true,1791362879.594722,0.008359553990885615,1,0,
e2b,latency,1,14,exec_true,1791362879.6030903,0.008538637892343104,1,0,
e2b,latency,1,14,exec_true,1791362879.6116374,0.008323170011863112,1,0,
e2b,latency,1,14,exec_true,1791362879.6199687,0.008655937039293349,1,0,
e2b,latency,1,14,exec_true,1791362879.628633,0.008536075009033084,1,0,
e2b,latency,1,14,exec_true,1791362879.6371777,0.008337602019309998,1,0,
e2b,latency,1,14,exec_true,1791362879.645524,0.00847421505022794,1,0,
e2b,latency,1,14,exec_true,1791362879.6540072,0.00843266409356147,1,0,
e2b,latency,1,14,exec_true,1791362879.6624484,0.008619082043878734,1,0,
e2b,latency,1,14,exec_true,1791362879.6710763,0.008023408008739352,1,0,
e2b,latency,1,14,exec_true,1791362879.6791081,0.007850465015508235,1,0,
e2b,latency,1,14,exec_true,1791362879.6869674,0.008261050912551582,1,0,
e2b,latency,1,14,exec_true,1791362879.6952372,0.008671388030052185,1,0,
e2b,latency,1,14,exec_true,1791362879.703917,0.008189669926650822,1,0,
e2b,latency,1,14,upload_1MB,1791362879.712117,0.009533089003525674,1,0,
e2b,latency,1,14,download_1MB,1791362879.7216682,0.025381944957189262,1,0,
e2b,latency,1,14,upload_8MB,1791362879.7470613,0.0236377069959417,1,0,
e2b,latency,1,14,download_8MB,1791362879.7707162,0.15933913097251207,1,0,
e2b,latency,1,14,stop,1791362879.9300683,0.028631714987568557,1,0,
e2b,latency,1,15,start,1791362879.9605687,0.09938766690902412,1,0,
e2b,latency,1,15,py_import_first,1791362880.0599644,0.8558139310916886,1,0,
e2b,latency,1,15,py_import_again,1791362880.9157891,0.7344279210083187,1,0,
e2b,latency,1,15,exec_true,1791362881.6502275,0.009586189989931881,1,0,
e2b,latency,1,15,exec_true,1791362881.6598234,0.008600432076491416,1,0,
e2b,latency,1,15,exec_true,1791362881.6684337,0.010068078059703112,1,0,
e2b,latency,1,15,exec_true,1791362881.6785116,0.008504819008521736,1,0,
e2b,latency,1,15,exec_true,1791362881.6870255,0.008366112015210092,1,0,
e2b,latency,1,15,exec_true,1791362881.695401,0.009476193925365806,1,0,
e2b,latency,1,15,exec_true,1791362881.7048862,0.013699660077691078,1,0,
e2b,latency,1,15,exec_true,1791362881.718595,0.016054737963713706,1,0,
e2b,latency,1,15,exec_true,1791362881.7346587,0.009332602960057557,1,0,
e2b,latency,1,15,exec_true,1791362881.7440064,0.011894635972566903,1,0,
e2b,latency,1,15,exec_true,1791362881.7559097,0.00960554601624608,1,0,
e2b,latency,1,15,exec_true,1791362881.765524,0.009021411999128759,1,0,
e2b,latency,1,15,exec_true,1791362881.774554,0.00956795399542898,1,0,
e2b,latency,1,15,exec_true,1791362881.7841303,0.009058146039023995,1,0,
e2b,latency,1,15,exec_true,1791362881.7931972,0.009678084985353053,1,0,
e2b,latency,1,15,exec_true,1791362881.8028836,0.010967403999529779,1,0,
e2b,latency,1,15,exec_true,1791362881.8138597,0.008737696916796267,1,0,
e2b,latency,1,15,exec_true,1791362881.8226056,0.011563542066141963,1,0,
e2b,latency,1,15,exec_true,1791362881.8341777,0.012085110996849835,1,0,
e2b,latency,1,15,exec_true,1791362881.8462715,0.008743404992856085,1,0,
e2b,latency,1,15,upload_1MB,1791362881.8550246,0.037538953009061515,1,0,
e2b,latency,1,15,download_1MB,1791362881.8925822,0.03972480003722012,1,0,
e2b,latency,1,15,upload_8MB,1791362881.9323177,0.2705184230580926,1,0,
e2b,latency,1,15,download_8MB,1791362882.2028563,0.39992628700565547,1,0,
e2b,latency,1,15,stop,1791362882.602822,0.030444905976764858,1,0,
e2b,latency,1,16,start,1791362882.6360612,0.08500250801444054,1,0,
e2b,latency,1,16,py_import_first,1791362882.7210743,0.874147598980926,1,0,
e2b,latency,1,16,py_import_again,1791362883.5952322,0.7230489680077881,1,0,
e2b,latency,1,16,exec_true,1791362884.318292,0.009193536010570824,1,0,
e2b,latency,1,16,exec_true,1791362884.3274956,0.008244219003245234,1,0,
e2b,latency,1,16,exec_true,1791362884.3357496,0.008605386014096439,1,0,
e2b,latency,1,16,exec_true,1791362884.3443651,0.008714433060958982,1,0,
e2b,latency,1,16,exec_true,1791362884.3530889,0.008677172940224409,1,0,
e2b,latency,1,16,exec_true,1791362884.3617754,0.008976529003120959,1,0,
e2b,latency,1,16,exec_true,1791362884.3707614,0.009730657911859453,1,0,
e2b,latency,1,16,exec_true,1791362884.3805013,0.00874861201737076,1,0,
e2b,latency,1,16,exec_true,1791362884.3892589,0.007881969097070396,1,0,
e2b,latency,1,16,exec_true,1791362884.3971498,0.009004287072457373,1,0,
e2b,latency,1,16,exec_true,1791362884.406163,0.008953729062341154,1,0,
e2b,latency,1,16,exec_true,1791362884.4151251,0.008287721080705523,1,0,
e2b,latency,1,16,exec_true,1791362884.4234216,0.008246451034210622,1,0,
e2b,latency,1,16,exec_true,1791362884.4316764,0.008458634954877198,1,0,
e2b,latency,1,16,exec_true,1791362884.4401438,0.008100649924017489,1,0,
e2b,latency,1,16,exec_true,1791362884.448253,0.008088700007647276,1,0,
e2b,latency,1,16,exec_true,1791362884.4563498,0.008485304075293243,1,0,
e2b,latency,1,16,exec_true,1791362884.4648438,0.00834313698578626,1,0,
e2b,latency,1,16,exec_true,1791362884.4731956,0.008155626943334937,1,0,
e2b,latency,1,16,exec_true,1791362884.4813592,0.00872311508283019,1,0,
e2b,latency,1,16,upload_1MB,1791362884.4900925,0.007239022990688682,1,0,
e2b,latency,1,16,download_1MB,1791362884.4973488,0.025472410954535007,1,0,
e2b,latency,1,16,upload_8MB,1791362884.522832,0.03457753302063793,1,0,
e2b,latency,1,16,download_8MB,1791362884.557426,0.16623229498509318,1,0,
e2b,latency,1,16,stop,1791362884.7236726,0.027062305016443133,1,0,
e2b,latency,1,17,start,1791362884.752661,0.0869629270164296,1,0,
e2b,latency,1,17,py_import_first,1791362884.8396327,0.8782467449782416,1,0,
e2b,latency,1,17,py_import_again,1791362885.7178907,0.7503031230298802,1,0,
e2b,latency,1,17,exec_true,1791362886.4682055,0.008718824945390224,1,0,
e2b,latency,1,17,exec_true,1791362886.476935,0.008603825932368636,1,0,
e2b,latency,1,17,exec_true,1791362886.4855483,0.008206555037759244,1,0,
e2b,latency,1,17,exec_true,1791362886.4937649,0.008248011930845678,1,0,
e2b,latency,1,17,exec_true,1791362886.5020225,0.008435050025582314,1,0,
e2b,latency,1,17,exec_true,1791362886.510467,0.008516557980328798,1,0,
e2b,latency,1,17,exec_true,1791362886.5189927,0.007972683990374207,1,0,
e2b,latency,1,17,exec_true,1791362886.5269747,0.009083332028239965,1,0,
e2b,latency,1,17,exec_true,1791362886.5360672,0.008525411016307771,1,0,
e2b,latency,1,17,exec_true,1791362886.544602,0.008216290036216378,1,0,
e2b,latency,1,17,exec_true,1791362886.5528266,0.008351119933649898,1,0,
e2b,latency,1,17,exec_true,1791362886.5611866,0.007973221014253795,1,0,
e2b,latency,1,17,exec_true,1791362886.5691686,0.007753600017167628,1,0,
e2b,latency,1,17,exec_true,1791362886.5769308,0.009790554991923273,1,0,
e2b,latency,1,17,exec_true,1791362886.5867302,0.007456584018655121,1,0,
e2b,latency,1,17,exec_true,1791362886.5941951,0.007903296034783125,1,0,
e2b,latency,1,17,exec_true,1791362886.6021068,0.009171757032163441,1,0,
e2b,latency,1,17,exec_true,1791362886.611287,0.008665261091664433,1,0,
e2b,latency,1,17,exec_true,1791362886.6199608,0.008819431066513062,1,0,
e2b,latency,1,17,exec_true,1791362886.6287887,0.009232823038473725,1,0,
e2b,latency,1,17,upload_1MB,1791362886.6380317,0.00866595096886158,1,0,
e2b,latency,1,17,download_1MB,1791362886.6467154,0.024954961030744016,1,0,
e2b,latency,1,17,upload_8MB,1791362886.671681,0.038972805021330714,1,0,
e2b,latency,1,17,download_8MB,1791362886.7106717,0.16580737999174744,1,0,
e2b,latency,1,17,stop,1791362886.8764923,0.027158136013895273,1,0,
e2b,latency,1,18,start,1791362886.9063575,0.08784565201494843,1,0,
e2b,latency,1,18,py_import_first,1791362886.9942122,0.8368009119294584,1,0,
e2b,latency,1,18,py_import_again,1791362887.831025,0.7258842559531331,1,0,
e2b,latency,1,18,exec_true,1791362888.55692,0.008753833011724055,1,0,
e2b,latency,1,18,exec_true,1791362888.5656843,0.008685717941261828,1,0,
e2b,latency,1,18,exec_true,1791362888.5743797,0.00847519002854824,1,0,
e2b,latency,1,18,exec_true,1791362888.5828643,0.00814790592994541,1,0,
e2b,latency,1,18,exec_true,1791362888.5910215,0.008514926070347428,1,0,
e2b,latency,1,18,exec_true,1791362888.599546,0.008202846976928413,1,0,
e2b,latency,1,18,exec_true,1791362888.6077583,0.008539533009752631,1,0,
e2b,latency,1,18,exec_true,1791362888.6163075,0.008215978043153882,1,0,
e2b,latency,1,18,exec_true,1791362888.6245322,0.010135642951354384,1,0,
e2b,latency,1,18,exec_true,1791362888.634677,0.008720875019207597,1,0,
e2b,latency,1,18,exec_true,1791362888.6434069,0.008359994040802121,1,0,
e2b,latency,1,18,exec_true,1791362888.6517758,0.00828063499648124,1,0,
e2b,latency,1,18,exec_true,1791362888.660065,0.00851910701021552,1,0,
e2b,latency,1,18,exec_true,1791362888.668593,0.008350605028681457,1,0,
e2b,latency,1,18,exec_true,1791362888.6769521,0.008704078034497797,1,0,
e2b,latency,1,18,exec_true,1791362888.6856647,0.009015079005621374,1,0,
e2b,latency,1,18,exec_true,1791362888.6946886,0.009122885996475816,1,0,
e2b,latency,1,18,exec_true,1791362888.7038202,0.008102567051537335,1,0,
e2b,latency,1,18,exec_true,1791362888.7119315,0.011718090041540563,1,0,
e2b,latency,1,18,exec_true,1791362888.7236583,0.008271341910585761,1,0,
e2b,latency,1,18,upload_1MB,1791362888.7319398,0.008658146020025015,1,0,
e2b,latency,1,18,download_1MB,1791362888.7406173,0.025157268973998725,1,0,
e2b,latency,1,18,upload_8MB,1791362888.7657847,0.028939915006048977,1,0,
e2b,latency,1,18,download_8MB,1791362888.7947412,0.1625172169879079,1,0,
e2b,latency,1,18,stop,1791362888.957272,0.028294109972193837,1,0,
e2b,latency,1,19,start,1791362888.9874065,0.09110684599727392,1,0,
e2b,latency,1,19,py_import_first,1791362889.0785224,0.8387256040005013,1,0,
e2b,latency,1,19,py_import_again,1791362889.917261,0.7219705290626734,1,0,
e2b,latency,1,19,exec_true,1791362890.6392422,0.009095760993659496,1,0,
e2b,latency,1,19,exec_true,1791362890.648348,0.008521454990841448,1,0,
e2b,latency,1,19,exec_true,1791362890.6568794,0.008130303933285177,1,0,
e2b,latency,1,19,exec_true,1791362890.665019,0.008481577038764954,1,0,
e2b,latency,1,19,exec_true,1791362890.67351,0.00855826202314347,1,0,
e2b,latency,1,19,exec_true,1791362890.6820772,0.008414900046773255,1,0,
e2b,latency,1,19,exec_true,1791362890.6905015,0.008472286979667842,1,0,
e2b,latency,1,19,exec_true,1791362890.6989827,0.00804185401648283,1,0,
e2b,latency,1,19,exec_true,1791362890.7070334,0.009167312062345445,1,0,
e2b,latency,1,19,exec_true,1791362890.7162094,0.008767161052674055,1,0,
e2b,latency,1,19,exec_true,1791362890.7249854,0.008085688925348222,1,0,
e2b,latency,1,19,exec_true,1791362890.73308,0.008470461936667562,1,0,
e2b,latency,1,19,exec_true,1791362890.7415588,0.008458280004560947,1,0,
e2b,latency,1,19,exec_true,1791362890.7500257,0.008118483005091548,1,0,
e2b,latency,1,19,exec_true,1791362890.7581527,0.008410065085627139,1,0,
e2b,latency,1,19,exec_true,1791362890.7665713,0.007612250978127122,1,0,
e2b,latency,1,19,exec_true,1791362890.774192,0.008207794977352023,1,0,
e2b,latency,1,19,exec_true,1791362890.7824082,0.0079994109692052,1,0,
e2b,latency,1,19,exec_true,1791362890.7904158,0.007833268027752638,1,0,
e2b,latency,1,19,exec_true,1791362890.7982574,0.008364040986634791,1,0,
e2b,latency,1,19,upload_1MB,1791362890.806632,0.008845851989462972,1,0,
e2b,latency,1,19,download_1MB,1791362890.8154957,0.024905330035835505,1,0,
e2b,latency,1,19,upload_8MB,1791362890.8404114,0.02271040203049779,1,0,
e2b,latency,1,19,download_8MB,1791362890.8631387,0.16012454393785447,1,0,
e2b,latency,1,19,stop,1791362891.023277,0.02672787697520107,1,0,
e2b,latency,1,20,start,1791362891.0518675,0.0935768079943955,1,0,
e2b,latency,1,20,py_import_first,1791362891.1454532,0.850220985012129,1,0,
e2b,latency,1,20,py_import_again,1791362891.9956846,0.7286504429066554,1,0,
e2b,latency,1,20,exec_true,1791362892.7243454,0.009123009047470987,1,0,
e2b,latency,1,20,exec_true,1791362892.7335057,0.009069766034372151,1,0,
e2b,latency,1,20,exec_true,1791362892.7425852,0.008937148959375918,1,0,
e2b,latency,1,20,exec_true,1791362892.7515316,0.00856243900489062,1,0,
e2b,latency,1,20,exec_true,1791362892.7601035,0.009330461034551263,1,0,
e2b,latency,1,20,exec_true,1791362892.769443,0.009124025935307145,1,0,
e2b,latency,1,20,exec_true,1791362892.778576,0.008782888064160943,1,0,
e2b,latency,1,20,exec_true,1791362892.7873676,0.008341995067894459,1,0,
e2b,latency,1,20,exec_true,1791362892.7957187,0.010147021966986358,1,0,
e2b,latency,1,20,exec_true,1791362892.805874,0.008949117036536336,1,0,
e2b,latency,1,20,exec_true,1791362892.814832,0.00793752504978329,1,0,
e2b,latency,1,20,exec_true,1791362892.8227777,0.008556904969736934,1,0,
e2b,latency,1,20,exec_true,1791362892.8313437,0.008077761041931808,1,0,
e2b,latency,1,20,exec_true,1791362892.8394299,0.008697273093275726,1,0,
e2b,latency,1,20,exec_true,1791362892.8481357,0.008912552963010967,1,0,
e2b,latency,1,20,exec_true,1791362892.8570566,0.008956274949014187,1,0,
e2b,latency,1,20,exec_true,1791362892.8660214,0.0090422019129619,1,0,
e2b,latency,1,20,exec_true,1791362892.875072,0.008394049014896154,1,0,
e2b,latency,1,20,exec_true,1791362892.8834746,0.008293136954307556,1,0,
e2b,latency,1,20,exec_true,1791362892.8917763,0.009425424970686436,1,0,
e2b,latency,1,20,upload_1MB,1791362892.901212,0.008596214931458235,1,0,
e2b,latency,1,20,download_1MB,1791362892.909825,0.025378033984452486,1,0,
e2b,latency,1,20,upload_8MB,1791362892.9352129,0.03404105710797012,1,0,
e2b,latency,1,20,download_8MB,1791362892.96927,0.16043401404749602,1,0,
e2b,latency,1,20,stop,1791362893.1297169,0.027866356074810028,1,0,
e2b,latency,1,21,start,1791362893.1594357,0.08606178709305823,1,0,
e2b,latency,1,21,py_import_first,1791362893.2455056,0.8595243139425293,1,0,
e2b,latency,1,21,py_import_again,1791362894.1050396,0.730753290001303,1,0,
e2b,latency,1,21,exec_true,1791362894.8358026,0.00913009000942111,1,0,
e2b,latency,1,21,exec_true,1791362894.8449419,0.012199409073218703,1,0,
e2b,latency,1,21,exec_true,1791362894.8571498,0.009288504021242261,1,0,
e2b,latency,1,21,exec_true,1791362894.8664472,0.008996512042358518,1,0,
e2b,latency,1,21,exec_true,1791362894.8754525,0.009649594081565738,1,0,
e2b,latency,1,21,exec_true,1791362894.8851106,0.00859824800863862,1,0,
e2b,latency,1,21,exec_true,1791362894.8937175,0.008601539069786668,1,0,
e2b,latency,1,21,exec_true,1791362894.9023273,0.010124533087946475,1,0,
e2b,latency,1,21,exec_true,1791362894.9124603,0.009103165939450264,1,0,
e2b,latency,1,21,exec_true,1791362894.9215717,0.008453125017695129,1,0,
e2b,latency,1,21,exec_true,1791362894.9300332,0.008499059011228383,1,0,
e2b,latency,1,21,exec_true,1791362894.9385405,0.008153075003065169,1,0,
e2b,latency,1,21,exec_true,1791362894.946702,0.008401687955483794,1,0,
e2b,latency,1,21,exec_true,1791362894.955112,0.008609783952124417,1,0,
e2b,latency,1,21,exec_true,1791362894.96373,0.008563553914427757,1,0,
e2b,latency,1,21,exec_true,1791362894.9723017,0.00874484796077013,1,0,
e2b,latency,1,21,exec_true,1791362894.981055,0.008585738018155098,1,0,
e2b,latency,1,21,exec_true,1791362894.989649,0.008719944977201521,1,0,
e2b,latency,1,21,exec_true,1791362894.9983773,0.008206437109038234,1,0,
e2b,latency,1,21,exec_true,1791362895.0065923,0.009602750069461763,1,0,
e2b,latency,1,21,upload_1MB,1791362895.016205,0.010406004963442683,1,0,
e2b,latency,1,21,download_1MB,1791362895.0266292,0.0251905620098114,1,0,
e2b,latency,1,21,upload_8MB,1791362895.0518298,0.03273435204755515,1,0,
e2b,latency,1,21,download_8MB,1791362895.0845807,0.15959869895596057,1,0,
e2b,latency,1,21,stop,1791362895.244192,0.024944589007645845,1,0,
e2b,latency,1,22,start,1791362895.2710369,0.08800995093770325,1,0,
e2b,latency,1,22,py_import_first,1791362895.3590558,0.898669772897847,1,0,
e2b,latency,1,22,py_import_again,1791362896.2577357,0.7778355310438201,1,0,
e2b,latency,1,22,exec_true,1791362897.0355816,0.009268310968764126,1,0,
e2b,latency,1,22,exec_true,1791362897.0448596,0.008592276950366795,1,0,
e2b,latency,1,22,exec_true,1791362897.0534613,0.008526028017513454,1,0,
e2b,latency,1,22,exec_true,1791362897.0619962,0.007910217042081058,1,0,
e2b,latency,1,22,exec_true,1791362897.0699155,0.008345577982254326,1,0,
e2b,latency,1,22,exec_true,1791362897.0782704,0.008325570961460471,1,0,
e2b,latency,1,22,exec_true,1791362897.0866053,0.008449665969237685,1,0,
e2b,latency,1,22,exec_true,1791362897.0950642,0.015560820000246167,1,0,
e2b,latency,1,22,exec_true,1791362897.1106336,0.008817838039249182,1,0,
e2b,latency,1,22,exec_true,1791362897.1194603,0.009195300983265042,1,0,
e2b,latency,1,22,exec_true,1791362897.128664,0.008546450058929622,1,0,
e2b,latency,1,22,exec_true,1791362897.1372192,0.007945135002955794,1,0,
e2b,latency,1,22,exec_true,1791362897.1451726,0.008325615082867444,1,0,
e2b,latency,1,22,exec_true,1791362897.1535065,0.00880843703635037,1,0,
e2b,latency,1,22,exec_true,1791362897.1623232,0.008338936022482812,1,0,
e2b,latency,1,22,exec_true,1791362897.1706703,0.008382931002415717,1,0,
e2b,latency,1,22,exec_true,1791362897.1790617,0.0083199079381302,1,0,
e2b,latency,1,22,exec_true,1791362897.1873899,0.008481402066536248,1,0,
e2b,latency,1,22,exec_true,1791362897.1958797,0.007883033016696572,1,0,
e2b,latency,1,22,exec_true,1791362897.203771,0.008244759985245764,1,0,
e2b,latency,1,22,upload_1MB,1791362897.2120261,0.008136266027577221,1,0,
e2b,latency,1,22,download_1MB,1791362897.2201796,0.024564969004131854,1,0,
e2b,latency,1,22,upload_8MB,1791362897.244754,0.01970999501645565,1,0,
e2b,latency,1,22,download_8MB,1791362897.2644804,0.1575349309714511,1,0,
e2b,latency,1,22,stop,1791362897.4220285,0.027675739023834467,1,0,
e2b,latency,1,23,start,1791362897.451559,0.09125965996645391,1,0,
e2b,latency,1,23,py_import_first,1791362897.5428278,0.8815545559627935,1,0,
e2b,latency,1,23,py_import_again,1791362898.424394,0.7556439370382577,1,0,
e2b,latency,1,23,exec_true,1791362899.180048,0.009161598049104214,1,0,
e2b,latency,1,23,exec_true,1791362899.18922,0.009311226080171764,1,0,
e2b,latency,1,23,exec_true,1791362899.1985404,0.008766854996792972,1,0,
e2b,latency,1,23,exec_true,1791362899.2073164,0.008631802978925407,1,0,
e2b,latency,1,23,exec_true,1791362899.2159576,0.008601884008385241,1,0,
e2b,latency,1,23,exec_true,1791362899.2245686,0.00819882599171251,1,0,
e2b,latency,1,23,exec_true,1791362899.2327764,0.00818264507688582,1,0,
e2b,latency,1,23,exec_true,1791362899.240968,0.008227498037740588,1,0,
e2b,latency,1,23,exec_true,1791362899.249204,0.009184065973386168,1,0,
e2b,latency,1,23,exec_true,1791362899.2583966,0.008661307045258582,1,0,
e2b,latency,1,23,exec_true,1791362899.267067,0.008846002048812807,1,0,
e2b,latency,1,23,exec_true,1791362899.275921,0.008418912068009377,1,0,
e2b,latency,1,23,exec_true,1791362899.2843487,0.008270149934105575,1,0,
e2b,latency,1,23,exec_true,1791362899.292627,0.008404905907809734,1,0,
e2b,latency,1,23,exec_true,1791362899.3010406,0.00835320504847914,1,0,
e2b,latency,1,23,exec_true,1791362899.3094022,0.007867117994464934,1,0,
e2b,latency,1,23,exec_true,1791362899.3172777,0.009078804985620081,1,0,
e2b,latency,1,23,exec_true,1791362899.326365,0.008576642023399472,1,0,
e2b,latency,1,23,exec_true,1791362899.33495,0.008435130934230983,1,0,
e2b,latency,1,23,exec_true,1791362899.3433933,0.008268028032034636,1,0,
e2b,latency,1,23,upload_1MB,1791362899.3516717,0.007636177935637534,1,0,
e2b,latency,1,23,download_1MB,1791362899.3593264,0.024952549021691084,1,0,
e2b,latency,1,23,upload_8MB,1791362899.384289,0.03290071291849017,1,0,
e2b,latency,1,23,download_8MB,1791362899.4172072,0.1592167599592358,1,0,
e2b,latency,1,23,stop,1791362899.5764382,0.02645420003682375,1,0,
e2b,latency,1,24,start,1791362899.60482,0.08160905004478991,1,0,
e2b,latency,1,24,py_import_first,1791362899.686438,0.8685104280011728,1,0,
e2b,latency,1,24,py_import_again,1791362900.55496,0.7390446149511263,1,0,
e2b,latency,1,24,exec_true,1791362901.2940152,0.009589882916770875,1,0,
e2b,latency,1,24,exec_true,1791362901.3036153,0.009793626028113067,1,0,
e2b,latency,1,24,exec_true,1791362901.3134181,0.008829604950733483,1,0,
e2b,latency,1,24,exec_true,1791362901.322257,0.008869317010976374,1,0,
e2b,latency,1,24,exec_true,1791362901.3311355,0.00878565397579223,1,0,
e2b,latency,1,24,exec_true,1791362901.33993,0.009041314013302326,1,0,
e2b,latency,1,24,exec_true,1791362901.3489804,0.008988687070086598,1,0,
e2b,latency,1,24,exec_true,1791362901.3579779,0.009412745013833046,1,0,
e2b,latency,1,24,exec_true,1791362901.3673995,0.008815682958811522,1,0,
e2b,latency,1,24,exec_true,1791362901.3762238,0.0093374690040946,1,0,
e2b,latency,1,24,exec_true,1791362901.38557,0.009430643985979259,1,0,
e2b,latency,1,24,exec_true,1791362901.395009,0.009227648028172553,1,0,
e2b,latency,1,24,exec_true,1791362901.4042451,0.009379148948937654,1,0,
e2b,latency,1,24,exec_true,1791362901.4136329,0.009121831972151995,1,0,
e2b,latency,1,24,exec_true,1791362901.4227633,0.008776889997534454,1,0,
e2b,latency,1,24,exec_true,1791362901.4315484,0.00900430406909436,1,0,
e2b,latency,1,24,exec_true,1791362901.4405613,0.00880413909908384,1,0,
e2b,latency,1,24,exec_true,1791362901.449374,0.008805367047898471,1,0,
e2b,latency,1,24,exec_true,1791362901.4581878,0.008750943001359701,1,0,
e2b,latency,1,24,exec_true,1791362901.4669473,0.008594968938268721,1,0,
e2b,latency,1,24,upload_1MB,1791362901.4755523,0.008421621983870864,1,0,
e2b,latency,1,24,download_1MB,1791362901.4839926,0.024903871002607048,1,0,
e2b,latency,1,24,upload_8MB,1791362901.5089076,0.02148833603132516,1,0,
e2b,latency,1,24,download_8MB,1791362901.5304117,0.15396394801791757,1,0,
e2b,latency,1,24,stop,1791362901.6843896,0.028317885007709265,1,0,
e2b,latency,1,25,start,1791362901.7146015,0.08550788194406778,1,0,
e2b,latency,1,25,py_import_first,1791362901.800118,0.925145176006481,1,0,
e2b,latency,1,25,py_import_again,1791362902.7252731,0.8034898759797215,1,0,
e2b,latency,1,25,exec_true,1791362903.5287728,0.008584026014432311,1,0,
e2b,latency,1,25,exec_true,1791362903.5373669,0.010152149014174938,1,0,
e2b,latency,1,25,exec_true,1791362903.5475287,0.009058912983164191,1,0,
e2b,latency,1,25,exec_true,1791362903.556597,0.008444992010481656,1,0,
e2b,latency,1,25,exec_true,1791362903.565051,0.009149744058959186,1,0,
e2b,latency,1,25,exec_true,1791362903.5742097,0.008508292958140373,1,0,
e2b,latency,1,25,exec_true,1791362903.5827274,0.008722752914763987,1,0,
e2b,latency,1,25,exec_true,1791362903.5914588,0.00842507800552994,1,0,
e2b,latency,1,25,exec_true,1791362903.5998929,0.008635912905447185,1,0,
e2b,latency,1,25,exec_true,1791362903.6085377,0.008272252976894379,1,0,
e2b,latency,1,25,exec_true,1791362903.6168184,0.008230167906731367,1,0,
e2b,latency,1,25,exec_true,1791362903.6250575,0.00884491903707385,1,0,
e2b,latency,1,25,exec_true,1791362903.6339111,0.007905814098194242,1,0,
e2b,latency,1,25,exec_true,1791362903.6418254,0.008704268024303019,1,0,
e2b,latency,1,25,exec_true,1791362903.6505382,0.008443032042123377,1,0,
e2b,latency,1,25,exec_true,1791362903.6589901,0.009084403980523348,1,0,
e2b,latency,1,25,exec_true,1791362903.6680832,0.008153249975293875,1,0,
e2b,latency,1,25,exec_true,1791362903.6762452,0.008557148976251483,1,0,
e2b,latency,1,25,exec_true,1791362903.6848106,0.009028026950545609,1,0,
e2b,latency,1,25,exec_true,1791362903.6938472,0.0087671970250085,1,0,
e2b,latency,1,25,upload_1MB,1791362903.7026248,0.007262905943207443,1,0,
e2b,latency,1,25,download_1MB,1791362903.709904,0.02430340799037367,1,0,
e2b,latency,1,25,upload_8MB,1791362903.7342172,0.03392719500698149,1,0,
e2b,latency,1,25,download_8MB,1791362903.7681608,0.15817958605475724,1,0,
e2b,latency,1,25,stop,1791362903.9263535,0.028132792096585035,1,0,
e2b,latency,1,26,start,1791362903.9563603,0.08577727095689625,1,0,
e2b,latency,1,26,py_import_first,1791362904.042146,0.9064970290055498,1,0,
e2b,latency,1,26,py_import_again,1791362904.9486523,0.7814998410176486,1,0,
e2b,latency,1,26,exec_true,1791362905.7301621,0.009272341965697706,1,0,
e2b,latency,1,26,exec_true,1791362905.739444,0.009056486072950065,1,0,
e2b,latency,1,26,exec_true,1791362905.74851,0.008871256955899298,1,0,
e2b,latency,1,26,exec_true,1791362905.7573905,0.009065584046766162,1,0,
e2b,latency,1,26,exec_true,1791362905.7664652,0.008787777973338962,1,0,
e2b,latency,1,26,exec_true,1791362905.775262,0.00833213806618005,1,0,
e2b,latency,1,26,exec_true,1791362905.783603,0.00784530199598521,1,0,
e2b,latency,1,26,exec_true,1791362905.791457,0.008795769070275128,1,0,
e2b,latency,1,26,exec_true,1791362905.800261,0.008580832043662667,1,0,
e2b,latency,1,26,exec_true,1791362905.8088508,0.008200114942155778,1,0,
e2b,latency,1,26,exec_true,1791362905.8170595,0.009131658938713372,1,0,
e2b,latency,1,26,exec_true,1791362905.8261998,0.008365092915482819,1,0,
e2b,latency,1,26,exec_true,1791362905.8345733,0.008269129903055727,1,0,
e2b,latency,1,26,exec_true,1791362905.842851,0.008505366975441575,1,0,
e2b,latency,1,26,exec_true,1791362905.8513649,0.008539270958863199,1,0,
e2b,latency,1,26,exec_true,1791362905.8599124,0.012867716024629772,1,0,
e2b,latency,1,26,exec_true,1791362905.8727887,0.008665730012580752,1,0,
e2b,latency,1,26,exec_true,1791362905.8814628,0.00843059504404664,1,0,
e2b,latency,1,26,exec_true,1791362905.8899019,0.008328158990480006,1,0,
e2b,latency,1,26,exec_true,1791362905.8982382,0.008128516958095133,1,0,
e2b,latency,1,26,upload_1MB,1791362905.9063776,0.008629021933302283,1,0,
e2b,latency,1,26,download_1MB,1791362905.915023,0.025035094935446978,1,0,
e2b,latency,1,26,upload_8MB,1791362905.9400682,0.02747539896517992,1,0,
e2b,latency,1,26,download_8MB,1791362905.9675603,0.16611936804838479,1,0,
e2b,latency,1,26,stop,1791362906.1336932,0.02764640294481069,1,0,
e2b,latency,1,27,start,1791362906.1632195,0.2661114389775321,1,0,
e2b,latency,1,27,py_import_first,1791362906.4293396,0.8528788139810786,1,0,
e2b,latency,1,27,py_import_again,1791362907.2822287,0.7290163550060242,1,0,
e2b,latency,1,27,exec_true,1791362908.011257,0.009011317044496536,1,0,
e2b,latency,1,27,exec_true,1791362908.020278,0.008802677039057016,1,0,
e2b,latency,1,27,exec_true,1791362908.0290904,0.008474553003907204,1,0,
e2b,latency,1,27,exec_true,1791362908.0375743,0.008398894919082522,1,0,
e2b,latency,1,27,exec_true,1791362908.0459824,0.00825333409011364,1,0,
e2b,latency,1,27,exec_true,1791362908.0542448,0.008978188037872314,1,0,
e2b,latency,1,27,exec_true,1791362908.063232,0.009014811017550528,1,0,
e2b,latency,1,27,exec_true,1791362908.0722554,0.008557055029086769,1,0,
e2b,latency,1,27,exec_true,1791362908.0808213,0.00856129894964397,1,0,
e2b,latency,1,27,exec_true,1791362908.0893917,0.00864934001583606,1,0,
e2b,latency,1,27,exec_true,1791362908.0980496,0.009205449954606593,1,0,
e2b,latency,1,27,exec_true,1791362908.1072638,0.008833051077090204,1,0,
e2b,latency,1,27,exec_true,1791362908.1161053,0.008150348905473948,1,0,
e2b,latency,1,27,exec_true,1791362908.124264,0.008412822964601219,1,0,
e2b,latency,1,27,exec_true,1791362908.132685,0.008282655966468155,1,0,
e2b,latency,1,27,exec_true,1791362908.1409762,0.008842128911055624,1,0,
e2b,latency,1,27,exec_true,1791362908.1498268,0.00799780897796154,1,0,
e2b,latency,1,27,exec_true,1791362908.1578329,0.008250597049482167,1,0,
e2b,latency,1,27,exec_true,1791362908.166092,0.008819010923616588,1,0,
e2b,latency,1,27,exec_true,1791362908.1749196,0.008338461047969759,1,0,
e2b,latency,1,27,upload_1MB,1791362908.1832688,0.00853349908720702,1,0,
e2b,latency,1,27,download_1MB,1791362908.1918206,0.02448608400300145,1,0,
e2b,latency,1,27,upload_8MB,1791362908.2163165,0.02523511298932135,1,0,
e2b,latency,1,27,download_8MB,1791362908.2415683,0.15894751402083784,1,0,
e2b,latency,1,27,stop,1791362908.4005299,0.06559770100284368,1,0,
e2b,latency,1,28,start,1791362908.4680383,0.08202856604475528,1,0,
e2b,latency,1,28,py_import_first,1791362908.5500755,0.8475364479236305,1,0,
e2b,latency,1,28,py_import_again,1791362909.397623,0.7276839059777558,1,0,
e2b,latency,1,28,exec_true,1791362910.1253195,0.009808830916881561,1,0,
e2b,latency,1,28,exec_true,1791362910.135139,0.009108713013119996,1,0,
e2b,latency,1,28,exec_true,1791362910.1442568,0.008044468937441707,1,0,
e2b,latency,1,28,exec_true,1791362910.1523101,0.00886051298584789,1,0,
e2b,latency,1,28,exec_true,1791362910.161179,0.008123627048917115,1,0,
e2b,latency,1,28,exec_true,1791362910.1693113,0.007736374973319471,1,0,
e2b,latency,1,28,exec_true,1791362910.1770566,0.00798906001728028,1,0,
e2b,latency,1,28,exec_true,1791362910.185054,0.007919606985524297,1,0,
e2b,latency,1,28,exec_true,1791362910.192982,0.0076936830300837755,1,0,
e2b,latency,1,28,exec_true,1791362910.2006843,0.008294966071844101,1,0,
e2b,latency,1,28,exec_true,1791362910.2089875,0.007930163061246276,1,0,
e2b,latency,1,28,exec_true,1791362910.216926,0.00805534201208502,1,0,
e2b,latency,1,28,exec_true,1791362910.2249897,0.00797788193449378,1,0,
e2b,latency,1,28,exec_true,1791362910.2329757,0.008188090054318309,1,0,
e2b,latency,1,28,exec_true,1791362910.2411723,0.008168503060005605,1,0,
e2b,latency,1,28,exec_true,1791362910.249349,0.00783024588599801,1,0,
e2b,latency,1,28,exec_true,1791362910.2571876,0.00815030001103878,1,0,
e2b,latency,1,28,exec_true,1791362910.2653463,0.007707039010711014,1,0,
e2b,latency,1,28,exec_true,1791362910.2730615,0.008346784976311028,1,0,
e2b,latency,1,28,exec_true,1791362910.2814167,0.00886678695678711,1,0,
e2b,latency,1,28,upload_1MB,1791362910.290294,0.008145380998030305,1,0,
e2b,latency,1,28,download_1MB,1791362910.2984574,0.027509885956533253,1,0,
e2b,latency,1,28,upload_8MB,1791362910.3259785,0.03228490299079567,1,0,
e2b,latency,1,28,download_8MB,1791362910.3582823,0.1582745120394975,1,0,
e2b,latency,1,28,stop,1791362910.5165699,0.03781099210027605,1,0,
e2b,latency,1,29,start,1791362910.556267,0.08756472100503743,1,0,
e2b,latency,1,29,py_import_first,1791362910.6438406,0.8812154789920896,1,0,
e2b,latency,1,29,py_import_again,1791362911.5250666,0.758768641971983,1,0,
e2b,latency,1,29,exec_true,1791362912.2838454,0.010132283088751137,1,0,
e2b,latency,1,29,exec_true,1791362912.2939878,0.009451521909795702,1,0,
e2b,latency,1,29,exec_true,1791362912.3034487,0.008982372004538774,1,0,
e2b,latency,1,29,exec_true,1791362912.3124406,0.009355197078548372,1,0,
e2b,latency,1,29,exec_true,1791362912.3218048,0.008905850001610816,1,0,
e2b,latency,1,29,exec_true,1791362912.3307192,0.00878648809157312,1,0,
e2b,latency,1,29,exec_true,1791362912.3395147,0.008512669941410422,1,0,
e2b,latency,1,29,exec_true,1791362912.3480358,0.00816758000291884,1,0,
e2b,latency,1,29,exec_true,1791362912.3562124,0.009216267033480108,1,0,
e2b,latency,1,29,exec_true,1791362912.3654373,0.008889478049241006,1,0,
e2b,latency,1,29,exec_true,1791362912.3743353,0.008218141039833426,1,0,
e2b,latency,1,29,exec_true,1791362912.3825617,0.00825096806511283,1,0,
e2b,latency,1,29,exec_true,1791362912.3908212,0.008696682984009385,1,0,
e2b,latency,1,29,exec_true,1791362912.3995264,0.008614858030341566,1,0,
e2b,latency,1,29,exec_true,1791362912.4081497,0.009008525055833161,1,0,
e2b,latency,1,29,exec_true,1791362912.4171667,0.00890144205186516,1,0,
e2b,latency,1,29,exec_true,1791362912.4260764,0.008968299953266978,1,0,
e2b,latency,1,29,exec_true,1791362912.435053,0.008940314059145749,1,0,
e2b,latency,1,29,exec_true,1791362912.4440072,0.00870024599134922,1,0,
e2b,latency,1,29,exec_true,1791362912.4527159,0.008485875092446804,1,0,
e2b,latency,1,29,upload_1MB,1791362912.4612122,0.008408833993598819,1,0,
e2b,latency,1,29,download_1MB,1791362912.4696379,0.02467396599240601,1,0,
e2b,latency,1,29,upload_8MB,1791362912.494322,0.03652677498757839,1,0,
e2b,latency,1,29,download_8MB,1791362912.5308652,0.1567740999162197,1,0,
e2b,latency,1,29,stop,1791362912.6876552,0.03005032695364207,1,0,
e2b,concurrency,8,0,start,1791362912.7200103,0.10612086195033044,1,0,
e2b,concurrency,8,1,start,1791362912.7219512,0.1052307429490611,1,0,
e2b,concurrency,8,3,start,1791362912.7255652,0.11048086709342897,1,0,
e2b,concurrency,8,0,exec_true,1791362912.8261442,0.023772149928845465,1,0,
e2b,concurrency,8,1,exec_true,1791362912.827192,0.02669883903581649,1,0,
e2b,concurrency,8,0,exec_true,1791362912.8499253,0.013265985995531082,1,0,
e2b,concurrency,8,1,exec_true,1791362912.8538997,0.011759937042370439,1,0,
e2b,concurrency,8,3,exec_true,1791362912.8360548,0.038721526972949505,1,0,
e2b,concurrency,8,1,exec_true,1791362912.8656683,0.013592730974778533,1,0,
e2b,concurrency,8,0,exec_true,1791362912.8632002,0.02167491498403251,1,0,
e2b,concurrency,8,3,exec_true,1791362912.8747847,0.010706927976571023,1,0,
e2b,concurrency,8,1,exec_true,1791362912.8792698,0.00794575596228242,1,0,
e2b,concurrency,8,6,start,1791362912.7312622,0.16279714205302298,1,0,
e2b,concurrency,8,0,exec_true,1791362912.8848836,0.00969247694592923,1,0,
e2b,concurrency,8,3,exec_true,1791362912.8855002,0.010811696061864495,1,0,
e2b,concurrency,8,4,start,1791362912.7274065,0.1709949419600889,1,0,
e2b,concurrency,8,1,exec_true,1791362912.887224,0.011688795988447964,1,0,
e2b,concurrency,8,2,start,1791362912.7237697,0.18112625007051975,1,0,
e2b,concurrency,8,0,exec_true,1791362912.8945847,0.012887488934211433,1,0,
e2b,concurrency,8,3,exec_true,1791362912.8963208,0.0181656259810552,1,0,
e2b,concurrency,8,1,exec_true,1791362912.8989215,0.01573293493129313,1,0,
e2b,concurrency,8,0,exec_true,1791362912.9074807,0.009719836991280317,1,0,
e2b,concurrency,8,4,exec_true,1791362912.89841,0.025728535023517907,1,0,
e2b,concurrency,8,1,exec_true,1791362912.914662,0.01090484403539449,1,0,
e2b,concurrency,8,3,exec_true,1791362912.9144952,0.011446947930380702,1,0,
e2b,concurrency,8,6,exec_true,1791362912.894068,0.03203301795292646,1,0,
e2b,concurrency,8,0,exec_true,1791362912.9172094,0.010374546982347965,1,0,
e2b,concurrency,8,2,exec_true,1791362912.9049041,0.02699106594081968,1,0,
e2b,concurrency,8,4,exec_true,1791362912.9241471,0.009581407997757196,1,0,
e2b,concurrency,8,1,exec_true,1791362912.9255757,0.010417549987323582,1,0,
e2b,concurrency,8,3,exec_true,1791362912.9259508,0.01067990600131452,1,0,
e2b,concurrency,8,6,exec_true,1791362912.9261081,0.01091151696164161,1,0,
e2b,concurrency,8,0,exec_true,1791362912.9275928,0.010360221029259264,1,0,
e2b,concurrency,8,2,exec_true,1791362912.9319038,0.011544979992322624,1,0,
e2b,concurrency,8,4,exec_true,1791362912.9337373,0.011857007048092782,1,0,
e2b,concurrency,8,3,exec_true,1791362912.9366393,0.009362931945361197,1,0,
e2b,concurrency,8,0,exec_true,1791362912.9379616,0.008504986995831132,1,0,
e2b,concurrency,8,6,exec_true,1791362912.937028,0.010424713953398168,1,0,
e2b,concurrency,8,2,exec_true,1791362912.9434574,0.0103694680146873,1,0,
e2b,concurrency,8,0,exec_true,1791362912.946475,0.00796361395623535,1,0,
e2b,concurrency,8,3,exec_true,1791362912.9460104,0.009573626099154353,1,0,
e2b,concurrency,8,1,exec_true,1791362912.9360082,0.020318954018875957,1,0,
e2b,concurrency,8,7,start,1791362912.73306,0.22413690201938152,1,0,
e2b,concurrency,8,5,start,1791362912.7292285,0.22872378199826926,1,0,
e2b,concurrency,8,4,exec_true,1791362912.9456031,0.012626325944438577,1,0,
e2b,concurrency,8,6,exec_true,1791362912.9474611,0.011475247098132968,1,0,
e2b,concurrency,8,3,exec_true,1791362912.9555926,0.009060367941856384,1,0,
e2b,concurrency,8,2,exec_true,1791362912.9538352,0.011393527034670115,1,0,
e2b,concurrency,8,1,exec_true,1791362912.9563358,0.009285288979299366,1,0,
e2b,concurrency,8,6,exec_true,1791362912.958971,0.008437754004262388,1,0,
e2b,concurrency,8,4,exec_true,1791362912.9582374,0.009907237952575088,1,0,
e2b,concurrency,8,3,exec_true,1791362912.9646618,0.00838402402587235,1,0,
e2b,concurrency,8,2,exec_true,1791362912.9652371,0.009209778974764049,1,0,
e2b,concurrency,8,6,exec_true,1791362912.9674172,0.008175145951099694,1,0,
e2b,concurrency,8,4,exec_true,1791362912.9681537,0.008913323981687427,1,0,
e2b,concurrency,8,7,exec_true,1791362912.9572048,0.02140289603266865,1,0,
e2b,concurrency,8,0,stop,1791362912.9544475,0.027996771968901157,1,0,
e2b,concurrency,8,2,exec_true,1791362912.9744558,0.008583195973187685,1,0,
e2b,concurrency,8,6,exec_true,1791362912.9756012,0.0087455699685961,1,0,
e2b,concurrency,8,5,exec_true,1791362912.9579601,0.028665194055065513,1,0,
e2b,concurrency,8,4,exec_true,1791362912.9770753,0.010083826957270503,1,0,
e2b,concurrency,8,7,exec_true,1791362912.9786162,0.009306617896072567,1,0,
e2b,concurrency,8,2,exec_true,1791362912.9830472,0.008017388987354934,1,0,
e2b,concurrency,8,1,stop,1791362912.9656303,0.0262727061053738,1,0,
e2b,concurrency,8,6,exec_true,1791362912.984355,0.00867021200247109,1,0,
e2b,concurrency,8,4,exec_true,1791362912.9871678,0.00844797701574862,1,0,
e2b,concurrency,8,5,exec_true,1791362912.9866343,0.009745874092914164,1,0,
e2b,concurrency,8,7,exec_true,1791362912.9879317,0.010349127929657698,1,0,
e2b,concurrency,8,2,exec_true,1791362912.9910731,0.008389679016545415,1,0,
e2b,concurrency,8,3,stop,1791362912.973055,0.02747597999405116,1,0,
e2b,concurrency,8,6,exec_true,1791362912.993034,0.008934696903452277,1,0,
e2b,concurrency,8,4,exec_true,1791362912.9956243,0.009708318975754082,1,0,
e2b,concurrency,8,5,exec_true,1791362912.9963887,0.009460445027798414,1,0,
e2b,concurrency,8,7,exec_true,1791362912.9982893,0.009469265001825988,1,0,
e2b,concurrency,8,2,exec_true,1791362912.9994714,0.008970943978056312,1,0,
e2b,concurrency,8,6,exec_true,1791362913.0019772,0.008229142054915428,1,0,
e2b,concurrency,8,4,exec_true,1791362913.0053408,0.008529667975381017,1,0,
e2b,concurrency,8,5,exec_true,1791362913.0058577,0.00874232908245176,1,0,
e2b,concurrency,8,2,exec_true,1791362913.0084505,0.008101799990981817,1,0,
e2b,concurrency,8,7,exec_true,1791362913.0077672,0.013025899999774992,1,0,
e2b,concurrency,8,5,exec_true,1791362913.0146084,0.009842080995440483,1,0,
e2b,concurrency,8,7,exec_true,1791362913.020802,0.008653859025798738,1,0,
e2b,concurrency,8,5,exec_true,1791362913.0244594,0.008108412963338196,1,0,
e2b,concurrency,8,6,stop,1791362913.0102153,0.026672667008824646,1,0,
e2b,concurrency,8,7,exec_true,1791362913.0294642,0.00910176697652787,1,0,
e2b,concurrency,8,4,stop,1791362913.0138805,0.026510305935516953,1,0,
e2b,concurrency,8,5,exec_true,1791362913.032576,0.010104287997819483,1,0,
e2b,concurrency,8,2,stop,1791362913.0165617,0.0270384990144521,1,0,
e2b,concurrency,8,7,exec_true,1791362913.0385742,0.007847041939385235,1,0,
e2b,concurrency,8,5,exec_true,1791362913.0426886,0.008552851970307529,1,0,
e2b,concurrency,8,7,exec_true,1791362913.0464299,0.008175345952622592,1,0,
e2b,concurrency,8,5,exec_true,1791362913.05125,0.008292807964608073,1,0,
e2b,concurrency,8,7,exec_true,1791362913.0546138,0.008053556084632874,1,0,
e2b,concurrency,8,5,exec_true,1791362913.0595512,0.008817263995297253,1,0,
e2b,concurrency,8,7,stop,1791362913.0626764,0.025876710074953735,1,0,
e2b,concurrency,8,5,stop,1791362913.0683775,0.02744471689220518,1,0,
e2b,concurrency,32,27,start,1791362943.1821702,0.1017676229821518,1,0,
e2b,concurrency,32,4,start,1791362943.1373096,0.1484531150199473,1,0,
e2b,concurrency,32,5,start,1791362943.1392164,0.14923030801583081,1,0,
e2b,concurrency,32,27,exec_true,1791362943.2839491,0.033952333964407444,1,0,
e2b,concurrency,32,4,exec_true,1791362943.2857718,0.03489648597314954,1,0,
e2b,concurrency,32,5,exec_true,1791362943.2884552,0.03415115503594279,1,0,
e2b,concurrency,32,27,exec_true,1791362943.3179104,0.013423174968920648,1,0,
e2b,concurrency,32,5,exec_true,1791362943.3226151,0.010357749066315591,1,0,
e2b,concurrency,32,4,exec_true,1791362943.3206768,0.014801966026425362,1,0,
e2b,concurrency,32,27,exec_true,1791362943.3313427,0.009386047022417188,1,0,
e2b,concurrency,32,5,exec_true,1791362943.3329816,0.010170344030484557,1,0,
e2b,concurrency,32,12,start,1791362943.152969,0.19090085197240114,1,0,
e2b,concurrency,32,4,exec_true,1791362943.3354878,0.009980336064472795,1,0,
e2b,concurrency,32,8,start,1791362943.1452777,0.20340113097336143,1,0,
e2b,concurrency,32,27,exec_true,1791362943.3407378,0.017259269021451473,1,0,
e2b,concurrency,32,5,exec_true,1791362943.3431609,0.016410515061579645,1,0,
e2b,concurrency,32,4,exec_true,1791362943.345477,0.02196765993721783,1,0,
e2b,concurrency,32,27,exec_true,1791362943.3580062,0.012514446047134697,1,0,
e2b,concurrency,32,20,start,1791362943.168605,0.2081630569882691,1,0,
e2b,concurrency,32,4,exec_true,1791362943.367454,0.022372153936885297,1,0,
e2b,concurrency,32,27,exec_true,1791362943.3705297,0.01995193201582879,1,0,
e2b,concurrency,32,8,exec_true,1791362943.3486881,0.04291890491731465,1,0,
e2b,concurrency,32,5,exec_true,1791362943.3595805,0.032841091975569725,1,0,
e2b,concurrency,32,12,exec_true,1791362943.3438785,0.04955388593953103,1,0,
e2b,concurrency,32,4,exec_true,1791362943.3898351,0.009982757968828082,1,0,
e2b,concurrency,32,27,exec_true,1791362943.39049,0.010961184045299888,1,0,
e2b,concurrency,32,12,exec_true,1791362943.393441,0.009648367995396256,1,0,
e2b,concurrency,32,20,exec_true,1791362943.3767765,0.028308353037573397,1,0,
e2b,concurrency,32,5,exec_true,1791362943.3924303,0.013224206981249154,1,0,
e2b,concurrency,32,8,exec_true,1791362943.3916156,0.01466411491855979,1,0,
e2b,concurrency,32,4,exec_true,1791362943.399827,0.010667324997484684,1,0,
e2b,concurrency,32,27,exec_true,1791362943.40146,0.0103242970071733,1,0,
e2b,concurrency,32,12,exec_true,1791362943.403098,0.009985813056118786,1,0,
e2b,concurrency,32,8,exec_true,1791362943.4062889,0.0091714650625363,1,0,
e2b,concurrency,32,13,start,1791362943.1550539,0.261745476978831,1,0,
e2b,concurrency,32,5,exec_true,1791362943.4056633,0.011426715995185077,1,0,
e2b,concurrency,32,20,exec_true,1791362943.405094,0.012966773007065058,1,0,
e2b,concurrency,32,4,exec_true,1791362943.4105031,0.009248604066669941,1,0,
e2b,concurrency,32,27,exec_true,1791362943.4117932,0.009200592990964651,1,0,
e2b,concurrency,32,22,start,1791362943.1725454,0.25375061901286244,1,0,
e2b,concurrency,32,8,exec_true,1791362943.4154687,0.014471602044068277,1,0,
e2b,concurrency,32,5,exec_true,1791362943.4170988,0.013506109011359513,1,0,
e2b,concurrency,32,12,exec_true,1791362943.4130926,0.021163144032470882,1,0,
e2b,concurrency,32,4,exec_true,1791362943.4197679,0.014663504902273417,1,0,
e2b,concurrency,32,27,exec_true,1791362943.4210048,0.014623511931858957,1,0,
e2b,concurrency,32,20,exec_true,1791362943.4180696,0.02122916595544666,1,0,
e2b,concurrency,32,5,exec_true,1791362943.4306142,0.01567345403600484,1,0,
e2b,concurrency,32,8,exec_true,1791362943.4299502,0.017250505974516273,1,0,
e2b,concurrency,32,12,exec_true,1791362943.4342651,0.015193050028756261,1,0,
e2b,concurrency,32,4,exec_true,1791362943.4344394,0.01691748504526913,1,0,
e2b,concurrency,32,20,exec_true,1791362943.4393075,0.013129844912327826,1,0,
e2b,concurrency,32,5,exec_true,1791362943.446297,0.008394398959353566,1,0,
e2b,concurrency,32,12,exec_true,1791362943.4494672,0.008323391084559262,1,0,
e2b,concurrency,32,8,exec_true,1791362943.4472094,0.011267213965766132,1,0,
e2b,concurrency,32,22,exec_true,1791362943.4263046,0.033516986994072795,1,0,
e2b,concurrency,32,20,exec_true,1791362943.4524462,0.009458657936193049,1,0,
e2b,concurrency,32,13,exec_true,1791362943.4168074,0.04727584996726364,1,0,
e2b,concurrency,32,12,exec_true,1791362943.4577997,0.009670409956015646,1,0,
e2b,concurrency,32,8,exec_true,1791362943.4584858,0.010330007993616164,1,0,
e2b,concurrency,32,25,start,1791362943.1782594,0.2924273539101705,1,0,
e2b,concurrency,32,20,exec_true,1791362943.4619133,0.00946299999486655,1,0,
e2b,concurrency,32,22,exec_true,1791362943.4598305,0.013427392928861082,1,0,
e2b,concurrency,32,13,exec_true,1791362943.4640923,0.01000015705358237,1,0,
e2b,concurrency,32,12,exec_true,1791362943.467479,0.009059989009983838,1,0,
e2b,concurrency,32,8,exec_true,1791362943.4688246,0.009251706069335341,1,0,
e2b,concurrency,32,10,start,1791362943.1491418,0.3304150180192664,1,0,
e2b,concurrency,32,20,exec_true,1791362943.4713845,0.00929887208621949,1,0,
e2b,concurrency,32,4,stop,1791362943.451366,0.03138535108882934,1,0,
e2b,concurrency,32,22,exec_true,1791362943.4732666,0.010857396991923451,1,0,
e2b,concurrency,32,27,stop,1791362943.4356377,0.048920847941190004,1,0,
e2b,concurrency,32,1,start,1791362943.1306756,0.3546801630873233,1,0,
e2b,concurrency,32,13,exec_true,1791362943.4741013,0.011673894943669438,1,0,
e2b,concurrency,32,14,start,1791362943.1570368,0.3311371720628813,1,0,
e2b,concurrency,32,5,stop,1791362943.4547002,0.0391206459607929,1,0,
e2b,concurrency,32,8,exec_true,1791362943.478085,0.020304680918343365,1,0,
e2b,concurrency,32,12,exec_true,1791362943.4765475,0.022413920029066503,1,0,
e2b,concurrency,32,25,exec_true,1791362943.4706945,0.028941121068783104,1,0,
e2b,concurrency,32,20,exec_true,1791362943.4806924,0.01910870405845344,1,0,
e2b,concurrency,32,13,exec_true,1791362943.4857838,0.019593043951317668,1,0,
e2b,concurrency,32,22,exec_true,1791362943.484133,0.021685681072995067,1,0,
e2b,concurrency,32,8,exec_true,1791362943.4983983,0.009300088044255972,1,0,
e2b,concurrency,32,20,exec_true,1791362943.499809,0.009021041914820671,1,0,
e2b,concurrency,32,14,exec_true,1791362943.4881823,0.023646119982004166,1,0,
e2b,concurrency,32,12,exec_true,1791362943.49897,0.013023847015574574,1,0,
e2b,concurrency,32,25,exec_true,1791362943.4996452,0.013318598037585616,1,0,
e2b,concurrency,32,1,exec_true,1791362943.4853637,0.028919566073454916,1,0,
e2b,concurrency,32,10,exec_true,1791362943.4795651,0.03536394494585693,1,0,
e2b,concurrency,32,22,exec_true,1791362943.5058274,0.01156354695558548,1,0,
e2b,concurrency,32,13,exec_true,1791362943.5053854,0.013481674017384648,1,0,
e2b,concurrency,32,20,exec_true,1791362943.508839,0.011193468933925033,1,0,
e2b,concurrency,32,14,exec_true,1791362943.5118372,0.012551272986456752,1,0,
e2b,concurrency,32,10,exec_true,1791362943.5149376,0.012258262955583632,1,0,
e2b,concurrency,32,25,exec_true,1791362943.5129726,0.015468751080334187,1,0,
e2b,concurrency,32,13,exec_true,1791362943.5188758,0.01258418697398156,1,0,
e2b,concurrency,32,1,exec_true,1791362943.514292,0.017658944008871913,1,0,
e2b,concurrency,32,22,exec_true,1791362943.5173998,0.01668523799162358,1,0,
e2b,concurrency,32,10,exec_true,1791362943.5272045,0.00996152509469539,1,0,
e2b,concurrency,32,25,exec_true,1791362943.5284505,0.00950603501405567,1,0,
e2b,concurrency,32,8,stop,1791362943.507708,0.030902324011549354,1,0,
e2b,concurrency,32,14,exec_true,1791362943.5243974,0.014942255103960633,1,0,
e2b,concurrency,32,13,exec_true,1791362943.531469,0.009299213998019695,1,0,
e2b,concurrency,32,1,exec_true,1791362943.5319595,0.009566733962856233,1,0,
e2b,concurrency,32,22,exec_true,1791362943.5340946,0.008509221952408552,1,0,
e2b,concurrency,32,20,stop,1791362943.5200417,0.023513643071055412,1,0,
e2b,concurrency,32,10,exec_true,1791362943.537175,0.012436099932529032,1,0,
e2b,concurrency,32,25,exec_true,1791362943.5379653,0.011851128074340522,1,0,
e2b,concurrency,32,1,exec_true,1791362943.5415373,0.009203399997204542,1,0,
e2b,concurrency,32,22,exec_true,1791362943.5426145,0.0085525659378618,1,0,
e2b,concurrency,32,13,exec_true,1791362943.540777,0.011178415035828948,1,0,
e2b,concurrency,32,14,exec_true,1791362943.5393481,0.012993352953344584,1,0,
e2b,concurrency,32,25,exec_true,1791362943.5498242,0.01214481401257217,1,0,
e2b,concurrency,32,22,exec_true,1791362943.551244,0.011460765032097697,1,0,
e2b,concurrency,32,10,exec_true,1791362943.5496202,0.016150397015735507,1,0,
e2b,concurrency,32,1,exec_true,1791362943.5507498,0.015421245014294982,1,0,
e2b,concurrency,32,2,start,1791362943.1332421,0.43792214803397655,1,0,
e2b,concurrency,32,0,start,1791362943.128433,0.4434141289675608,1,0,
e2b,concurrency,32,15,start,1791362943.1589153,0.4142776910448447,1,0,
e2b,concurrency,32,22,exec_true,1791362943.5627136,0.011479942011646926,1,0,
e2b,concurrency,32,25,exec_true,1791362943.561978,0.012623341986909509,1,0,
e2b,concurrency,32,13,exec_true,1791362943.5519636,0.023220989969559014,1,0,
e2b,concurrency,32,14,exec_true,1791362943.55235,0.02336710796225816,1,0,
e2b,concurrency,32,10,exec_true,1791362943.5657797,0.010457461001351476,1,0,
e2b,concurrency,32,1,exec_true,1791362943.566179,0.010594876948744059,1,0,
e2b,concurrency,32,25,exec_true,1791362943.57461,0.01013240497559309,1,0,
e2b,concurrency,32,14,exec_true,1791362943.5757258,0.009768874035216868,1,0,
e2b,concurrency,32,13,exec_true,1791362943.5751934,0.011053738067857921,1,0,
e2b,concurrency,32,10,exec_true,1791362943.5762463,0.010871957056224346,1,0,
e2b,concurrency,32,1,exec_true,1791362943.576783,0.010503835044801235,1,0,
e2b,concurrency,32,25,exec_true,1791362943.5847511,0.009387522004544735,1,0,
e2b,concurrency,32,2,exec_true,1791362943.5711727,0.023609255091287196,1,0,
e2b,concurrency,32,14,exec_true,1791362943.5855036,0.009475002996623516,1,0,
e2b,concurrency,32,1,exec_true,1791362943.5872946,0.01026401505805552,1,0,
e2b,concurrency,32,10,exec_true,1791362943.5871272,0.011659704963676631,1,0,
e2b,concurrency,32,14,exec_true,1791362943.5949862,0.009109133970923722,1,0,
e2b,concurrency,32,25,exec_true,1791362943.594148,0.010803642100654542,1,0,
e2b,concurrency,32,2,exec_true,1791362943.5947905,0.012507083010859787,1,0,
e2b,concurrency,32,1,exec_true,1791362943.5975676,0.010602809954434633,1,0,
e2b,concurrency,32,12,stop,1791362943.5120106,0.09880482405424118,1,0,
e2b,concurrency,32,22,stop,1791362943.5742025,0.037430746015161276,1,0,
e2b,concurrency,32,10,exec_true,1791362943.5987954,0.012863585958257318,1,0,
e2b,concurrency,32,21,start,1791362943.1704724,0.4421555729350075,1,0,
e2b,concurrency,32,29,start,1791362943.1859767,0.42740339203737676,1,0,
e2b,concurrency,32,13,stop,1791362943.586256,0.028059659991413355,1,0,
e2b,concurrency,32,14,exec_true,1791362943.6041043,0.010345500893890858,1,0,
e2b,concurrency,32,28,start,1791362943.1840909,0.433422539033927,1,0,
e2b,concurrency,32,2,exec_true,1791362943.6073065,0.012960211955942214,1,0,
e2b,concurrency,32,1,exec_true,1791362943.608179,0.012857144931331277,1,0,
e2b,concurrency,32,10,exec_true,1791362943.6116657,0.012980886967852712,1,0,
e2b,concurrency,32,14,exec_true,1791362943.6144578,0.013375144102610648,1,0,
e2b,concurrency,32,2,exec_true,1791362943.6202772,0.01714366301894188,1,0,
e2b,concurrency,32,25,stop,1791362943.6049604,0.039699763990938663,1,0,
e2b,concurrency,32,1,stop,1791362943.6210458,0.02683638408780098,1,0,
e2b,concurrency,32,2,exec_true,1791362943.6374297,0.012632276047952473,1,0,
e2b,concurrency,32,14,stop,1791362943.6278422,0.02636106696445495,1,0,
e2b,concurrency,32,2,exec_true,1791362943.6500702,0.010724321939051151,1,0,
e2b,concurrency,32,26,start,1791362943.180233,0.48436725104693323,1,0,
e2b,concurrency,32,2,exec_true,1791362943.6608036,0.009169524069875479,1,0,
e2b,concurrency,32,2,exec_true,1791362943.6699824,0.010505051934160292,1,0,
e2b,concurrency,32,29,exec_true,1791362943.6133883,0.07316616200841963,1,0,
e2b,concurrency,32,15,exec_true,1791362943.5732017,0.11532092106062919,1,0,
e2b,concurrency,32,28,exec_true,1791362943.617522,0.07241802592761815,1,0,
e2b,concurrency,32,0,exec_true,1791362943.5718544,0.11881189199630171,1,0,
e2b,concurrency,32,2,exec_true,1791362943.680497,0.010480612982064486,1,0,
e2b,concurrency,32,26,exec_true,1791362943.6646104,0.027371651958674192,1,0,
e2b,concurrency,32,31,start,1791362943.1898274,0.5052083450136706,1,0,
e2b,concurrency,32,2,exec_true,1791362943.690986,0.009609095053747296,1,0,
e2b,concurrency,32,15,exec_true,1791362943.6885316,0.012495424947701395,1,0,
e2b,concurrency,32,26,exec_true,1791362943.6919913,0.009888457017950714,1,0,
e2b,concurrency,32,21,exec_true,1791362943.6126366,0.0932118589989841,1,0,
e2b,concurrency,32,0,exec_true,1791362943.6906755,0.016884059994481504,1,0,
e2b,concurrency,32,29,exec_true,1791362943.6865635,0.02180436602793634,1,0,
e2b,concurrency,32,19,start,1791362943.1666768,0.5441729370504618,1,0,
e2b,concurrency,32,15,exec_true,1791362943.7010357,0.011165425996296108,1,0,
e2b,concurrency,32,26,exec_true,1791362943.7018886,0.011331927962601185,1,0,
e2b,concurrency,32,28,exec_true,1791362943.689949,0.024303785990923643,1,0,
e2b,concurrency,32,0,exec_true,1791362943.7075686,0.01224414398893714,1,0,
e2b,concurrency,32,21,exec_true,1791362943.7058575,0.01482831605244428,1,0,
e2b,concurrency,32,15,exec_true,1791362943.7122104,0.008672315045259893,1,0,
e2b,concurrency,32,29,exec_true,1791362943.708377,0.01323032402433455,1,0,
e2b,concurrency,32,28,exec_true,1791362943.7142618,0.009089939063414931,1,0,
e2b,concurrency,32,26,exec_true,1791362943.7132297,0.01104223309084773,1,0,
e2b,concurrency,32,31,exec_true,1791362943.695044,0.03106107097119093,1,0,
e2b,concurrency,32,0,exec_true,1791362943.719822,0.008953186916187406,1,0,
e2b,concurrency,32,15,exec_true,1791362943.7208912,0.010009290999732912,1,0,
e2b,concurrency,32,29,exec_true,1791362943.7216158,0.010416616103611887,1,0,
e2b,concurrency,32,21,exec_true,1791362943.7206948,0.012100162100978196,1,0,
e2b,concurrency,32,28,exec_true,1791362943.7233605,0.00991765595972538,1,0,
e2b,concurrency,32,19,exec_true,1791362943.7108579,0.022988833021372557,1,0,
e2b,concurrency,32,26,exec_true,1791362943.7242806,0.010021505993790925,1,0,
e2b,concurrency,32,10,stop,1791362943.6246562,0.11252073396462947,1,0,
e2b,concurrency,32,31,exec_true,1791362943.7261138,0.014119888073764741,1,0,
e2b,concurrency,32,0,exec_true,1791362943.728784,0.012147650006227195,1,0,
e2b,concurrency,32,15,exec_true,1791362943.7309115,0.010552998050116003,1,0,
e2b,concurrency,32,29,exec_true,1791362943.732044,0.011639914009720087,1,0,
e2b,concurrency,32,21,exec_true,1791362943.7328038,0.01120340102352202,1,0,
e2b,concurrency,32,28,exec_true,1791362943.7332869,0.01182204601354897,1,0,
e2b,concurrency,32,26,exec_true,1791362943.7343109,0.010969028109684587,1,0,
e2b,concurrency,32,19,exec_true,1791362943.7338557,0.011970871943049133,1,0,
e2b,concurrency,32,3,start,1791362943.1352077,0.6124539690790698,1,0,
e2b,concurrency,32,31,exec_true,1791362943.740243,0.009232335956767201,1,0,
e2b,concurrency,32,15,exec_true,1791362943.7414742,0.009999932022765279,1,0,
e2b,concurrency,32,0,exec_true,1791362943.7409406,0.010706898989155889,1,0,
e2b,concurrency,32,28,exec_true,1791362943.7451177,0.00837977894116193,1,0,
e2b,concurrency,32,29,exec_true,1791362943.743693,0.010014715022407472,1,0,
e2b,concurrency,32,2,stop,1791362943.7006047,0.053967980085872114,1,0,
e2b,concurrency,32,21,exec_true,1791362943.7440162,0.013654549024067819,1,0,
e2b,concurrency,32,26,exec_true,1791362943.745288,0.01270014001056552,1,0,
e2b,concurrency,32,19,exec_true,1791362943.7458355,0.01530803891364485,1,0,
e2b,concurrency,32,0,exec_true,1791362943.7516553,0.012062374968081713,1,0,
e2b,concurrency,32,15,exec_true,1791362943.7514837,0.013940070988610387,1,0,
e2b,concurrency,32,31,exec_true,1791362943.749484,0.016792527050711215,1,0,
e2b,concurrency,32,28,exec_true,1791362943.7535071,0.013299417914822698,1,0,
e2b,concurrency,32,29,exec_true,1791362943.7537155,0.01325308799277991,1,0,
e2b,concurrency,32,21,exec_true,1791362943.7576797,0.01005916204303503,1,0,
e2b,concurrency,32,26,exec_true,1791362943.7579966,0.010542150936089456,1,0,
e2b,concurrency,32,3,exec_true,1791362943.74767,0.021420547040179372,1,0,
e2b,concurrency,32,19,exec_true,1791362943.7611525,0.013361210003495216,1,0,
e2b,concurrency,32,15,exec_true,1791362943.765433,0.011392605025321245,1,0,
e2b,concurrency,32,29,exec_true,1791362943.766976,0.011939017102122307,1,0,
e2b,concurrency,32,0,exec_true,1791362943.7637272,0.015401558019220829,1,0,
e2b,concurrency,32,28,exec_true,1791362943.766815,0.012516709044575691,1,0,
e2b,concurrency,32,26,exec_true,1791362943.7685475,0.010923209018073976,1,0,
e2b,concurrency,32,21,exec_true,1791362943.7677476,0.012520723976194859,1,0,
e2b,concurrency,32,3,exec_true,1791362943.7691288,0.013122913893312216,1,0,
e2b,concurrency,32,31,exec_true,1791362943.7662854,0.016663449932821095,1,0,
e2b,concurrency,32,19,exec_true,1791362943.7745225,0.014301714953035116,1,0,
e2b,concurrency,32,26,exec_true,1791362943.7794783,0.010056765982881188,1,0,
e2b,concurrency,32,15,exec_true,1791362943.7768362,0.014864017022773623,1,0,
e2b,concurrency,32,21,exec_true,1791362943.7802775,0.012180046061985195,1,0,
e2b,concurrency,32,29,exec_true,1791362943.7789264,0.013754757004790008,1,0,
e2b,concurrency,32,31,exec_true,1791362943.7829576,0.01039272896014154,1,0,
e2b,concurrency,32,3,exec_true,1791362943.7822604,0.011315125040709972,1,0,
e2b,concurrency,32,0,exec_true,1791362943.7791364,0.014997359015978873,1,0,
e2b,concurrency,32,28,exec_true,1791362943.7793396,0.015212919912301004,1,0,
e2b,concurrency,32,19,exec_true,1791362943.7888334,0.012412916985340416,1,0,
e2b,concurrency,32,31,exec_true,1791362943.7933588,0.009504822082817554,1,0,
e2b,concurrency,32,29,exec_true,1791362943.7926888,0.011408643098548055,1,0,
e2b,concurrency,32,3,exec_true,1791362943.7935839,0.011510837939567864,1,0,
e2b,concurrency,32,0,exec_true,1791362943.7941425,0.011139792040921748,1,0,
e2b,concurrency,32,28,exec_true,1791362943.794561,0.011097718961536884,1,0,
e2b,concurrency,32,21,exec_true,1791362943.792466,0.014087975956499577,1,0,
e2b,concurrency,32,19,exec_true,1791362943.8012552,0.011478496016934514,1,0,
e2b,concurrency,32,31,exec_true,1791362943.8028727,0.01091751700732857,1,0,
e2b,concurrency,32,26,stop,1791362943.7895439,0.027213041903451085,1,0,
e2b,concurrency,32,21,exec_true,1791362943.806563,0.012036880012601614,1,0,
e2b,concurrency,32,3,exec_true,1791362943.8051035,0.016130972071550786,1,0,
e2b,concurrency,32,19,exec_true,1791362943.8127427,0.009142371010966599,1,0,
e2b,concurrency,32,31,exec_true,1791362943.8137991,0.009059435920789838,1,0,
e2b,concurrency,32,29,stop,1791362943.804107,0.024335258058272302,1,0,
e2b,concurrency,32,19,exec_true,1791362943.821894,0.008642986067570746,1,0,
e2b,concurrency,32,3,exec_true,1791362943.8212438,0.009615428978577256,1,0,
e2b,concurrency,32,31,exec_true,1791362943.8228672,0.008973989984951913,1,0,
e2b,concurrency,32,28,stop,1791362943.8056672,0.027359312982298434,1,0,
e2b,concurrency,32,3,exec_true,1791362943.830867,0.008470485103316605,1,0,
e2b,concurrency,32,19,exec_true,1791362943.8305454,0.009294415009208024,1,0,
e2b,concurrency,32,16,start,1791362943.1608155,0.6849911150056869,1,0,
e2b,concurrency,32,3,exec_true,1791362943.8393466,0.009533872944302857,1,0,
e2b,concurrency,32,9,start,1791362943.1472235,0.7052839869866148,1,0,
e2b,concurrency,32,7,start,1791362943.1430788,0.7108035280834883,1,0,
e2b,concurrency,32,17,start,1791362943.162686,0.6917759150965139,1,0,
e2b,concurrency,32,31,stop,1791362943.8318503,0.026563335093669593,1,0,
e2b,concurrency,32,3,exec_true,1791362943.8488898,0.010156691074371338,1,0,
e2b,concurrency,32,0,stop,1791362943.8052902,0.05936168704647571,1,0,
e2b,concurrency,32,21,stop,1791362943.8186092,0.04840209998656064,1,0,
e2b,concurrency,32,15,stop,1791362943.7917101,0.07561362709384412,1,0,
e2b,concurrency,32,16,exec_true,1791362943.8458166,0.02504826697986573,1,0,
e2b,concurrency,32,19,stop,1791362943.8398514,0.034710475942119956,1,0,
e2b,concurrency,32,3,exec_true,1791362943.859055,0.015978658921085298,1,0,
e2b,concurrency,32,16,exec_true,1791362943.8708737,0.009205826907418668,1,0,
e2b,concurrency,32,17,exec_true,1791362943.8544698,0.026889853994362056,1,0,
e2b,concurrency,32,9,exec_true,1791362943.852516,0.029964481946080923,1,0,
e2b,concurrency,32,7,exec_true,1791362943.853891,0.02920585498213768,1,0,
e2b,concurrency,32,9,exec_true,1791362943.8824894,0.009054472902789712,1,0,
e2b,concurrency,32,16,exec_true,1791362943.8800886,0.01221031101886183,1,0,
e2b,concurrency,32,17,exec_true,1791362943.8813686,0.011515429941937327,1,0,
e2b,concurrency,32,7,exec_true,1791362943.8831053,0.013604448060505092,1,0,
e2b,concurrency,32,3,stop,1791362943.875043,0.025590625940822065,1,0,
e2b,concurrency,32,17,exec_true,1791362943.8928928,0.009599063079804182,1,0,
e2b,concurrency,32,9,exec_true,1791362943.8915524,0.011743739945814013,1,0,
e2b,concurrency,32,16,exec_true,1791362943.8923078,0.012431642971932888,1,0,
e2b,concurrency,32,7,exec_true,1791362943.8967192,0.01023318397346884,1,0,
e2b,concurrency,32,30,start,1791362943.1879523,0.722875238978304,1,0,
e2b,concurrency,32,17,exec_true,1791362943.9025006,0.008552198996767402,1,0,
e2b,concurrency,32,9,exec_true,1791362943.903305,0.010876887012273073,1,0,
e2b,concurrency,32,24,start,1791362943.1763768,0.7386434969957918,1,0,
e2b,concurrency,32,16,exec_true,1791362943.9047482,0.010657754028216004,1,0,
e2b,concurrency,32,7,exec_true,1791362943.9069612,0.009528327966108918,1,0,
e2b,concurrency,32,17,exec_true,1791362943.9110613,0.012229494052007794,1,0,
e2b,concurrency,32,11,start,1791362943.1510246,0.7776800789870322,1,0,
e2b,concurrency,32,17,exec_true,1791362943.9232998,0.011940242955461144,1,0,
e2b,concurrency,32,16,exec_true,1791362943.9154148,0.020360884023830295,1,0,
e2b,concurrency,32,7,exec_true,1791362943.9164984,0.022787961992435157,1,0,
e2b,concurrency,32,9,exec_true,1791362943.9141908,0.02547644404694438,1,0,
e2b,concurrency,32,24,exec_true,1791362943.9150283,0.027269488899037242,1,0,
e2b,concurrency,32,30,exec_true,1791362943.910836,0.03225581394508481,1,0,
e2b,concurrency,32,16,exec_true,1791362943.9357848,0.009947670972906053,1,0,
e2b,concurrency,32,17,exec_true,1791362943.935249,0.011300686979666352,1,0,
e2b,concurrency,32,7,exec_true,1791362943.939295,0.00792230002116412,1,0,
e2b,concurrency,32,9,exec_true,1791362943.9396765,0.009058298077434301,1,0,
e2b,concurrency,32,24,exec_true,1791362943.9423068,0.008754823007620871,1,0,
e2b,concurrency,32,30,exec_true,1791362943.9431007,0.009127952973358333,1,0,
e2b,concurrency,32,11,exec_true,1791362943.9287126,0.02451944595668465,1,0,
e2b,concurrency,32,17,exec_true,1791362943.9465587,0.008268285891972482,1,0,
e2b,concurrency,32,16,exec_true,1791362943.9457417,0.009554643998853862,1,0,
e2b,concurrency,32,7,exec_true,1791362943.947226,0.00864454300608486,1,0,
e2b,concurrency,32,9,exec_true,1791362943.9487436,0.01003120094537735,1,0,
e2b,concurrency,32,30,exec_true,1791362943.9522374,0.009274492040276527,1,0,
e2b,concurrency,32,24,exec_true,1791362943.9510703,0.01092930103186518,1,0,
e2b,concurrency,32,17,exec_true,1791362943.9548357,0.009386953082866967,1,0,
e2b,concurrency,32,9,exec_true,1791362943.9587836,0.009808641043491662,1,0,
e2b,concurrency,32,11,exec_true,1791362943.9532409,0.015510871075093746,1,0,
e2b,concurrency,32,16,exec_true,1791362943.9553046,0.01420531899202615,1,0,
e2b,concurrency,32,7,exec_true,1791362943.9558792,0.014117498998530209,1,0,
e2b,concurrency,32,30,exec_true,1791362943.961521,0.009785429923795164,1,0,
e2b,concurrency,32,18,start,1791362943.164777,0.8076801560819149,1,0,
e2b,concurrency,32,24,exec_true,1791362943.962008,0.011304176994599402,1,0,
e2b,concurrency,32,17,exec_true,1791362943.9642322,0.009589946013875306,1,0,
e2b,concurrency,32,7,exec_true,1791362943.9700055,0.009189011994749308,1,0,
e2b,concurrency,32,16,exec_true,1791362943.969519,0.009839997976087034,1,0,
e2b,concurrency,32,9,exec_true,1791362943.9686012,0.011444846051745117,1,0,
e2b,concurrency,32,11,exec_true,1791362943.9687595,0.011770667973905802,1,0,
e2b,concurrency,32,30,exec_true,1791362943.9713151,0.010734258918091655,1,0,
e2b,concurrency,32,24,exec_true,1791362943.9733212,0.011212166980840266,1,0,
e2b,concurrency,32,7,exec_true,1791362943.9792037,0.008554827072657645,1,0,
e2b,concurrency,32,9,exec_true,1791362943.980055,0.010626590927131474,1,0,
e2b,concurrency,32,11,exec_true,1791362943.9805393,0.010710329981520772,1,0,
e2b,concurrency,32,30,exec_true,1791362943.9820585,0.010499224998056889,1,0,
e2b,concurrency,32,18,exec_true,1791362943.9724655,0.02057379693724215,1,0,
e2b,concurrency,32,24,exec_true,1791362943.9845424,0.009149427991360426,1,0,
e2b,concurrency,32,23,start,1791362943.1744661,0.8231826470000669,1,0,
e2b,concurrency,32,17,stop,1791362943.973831,0.02585371001623571,1,0,
e2b,concurrency,32,30,exec_true,1791362943.9925668,0.008938724990002811,1,0,
e2b,concurrency,32,11,exec_true,1791362943.9912586,0.011014558956958354,1,0,
e2b,concurrency,32,24,exec_true,1791362943.9937012,0.009486395050771534,1,0,
e2b,concurrency,32,6,start,1791362943.1411784,0.8631946239620447,1,0,
e2b,concurrency,32,16,stop,1791362943.9793673,0.025831155013293028,1,0,
e2b,concurrency,32,18,exec_true,1791362943.993048,0.012451634043827653,1,0,
e2b,concurrency,32,30,exec_true,1791362944.0015142,0.0097340929787606,1,0,
e2b,concurrency,32,24,exec_true,1791362944.0031965,0.008896940969862044,1,0,
e2b,concurrency,32,11,exec_true,1791362944.0022824,0.012055187951773405,1,0,
e2b,concurrency,32,9,stop,1791362943.9906912,0.025354032055474818,1,0,
e2b,concurrency,32,18,exec_true,1791362944.005508,0.01062100997660309,1,0,
e2b,concurrency,32,7,stop,1791362943.987791,0.030903239035978913,1,0,
e2b,concurrency,32,30,exec_true,1791362944.0112576,0.009947530925273895,1,0,
e2b,concurrency,32,24,exec_true,1791362944.0121026,0.010003460920415819,1,0,
e2b,concurrency,32,23,exec_true,1791362943.9976568,0.024830437963828444,1,0,
e2b,concurrency,32,11,exec_true,1791362944.0143468,0.012570146936923265,1,0,
e2b,concurrency,32,6,exec_true,1791362944.004381,0.024753169040195644,1,0,
e2b,concurrency,32,18,exec_true,1791362944.0161362,0.01398929301649332,1,0,
e2b,concurrency,32,30,exec_true,1791362944.021214,0.009310250054113567,1,0,
e2b,concurrency,32,23,exec_true,1791362944.022496,0.008930742042139173,1,0,
e2b,concurrency,32,24,exec_true,1791362944.022115,0.010934083024039865,1,0,
e2b,concurrency,32,11,exec_true,1791362944.0269258,0.00973347609397024,1,0,
e2b,concurrency,32,6,exec_true,1791362944.0291429,0.009982064017094672,1,0,
e2b,concurrency,32,23,exec_true,1791362944.0314355,0.009553888929076493,1,0,
e2b,concurrency,32,18,exec_true,1791362944.0301344,0.011060497956350446,1,0,
e2b,concurrency,32,11,exec_true,1791362944.0366683,0.00919097603764385,1,0,
e2b,concurrency,32,6,exec_true,1791362944.039134,0.009083405020646751,1,0,
e2b,concurrency,32,23,exec_true,1791362944.0409987,0.008686927030794322,1,0,
e2b,concurrency,32,18,exec_true,1791362944.041203,0.009094031061977148,1,0,
e2b,concurrency,32,11,exec_true,1791362944.0458686,0.009229646995663643,1,0,
e2b,concurrency,32,6,exec_true,1791362944.0482264,0.008623539004474878,1,0,
e2b,concurrency,32,23,exec_true,1791362944.0496948,0.009318302036263049,1,0,
e2b,concurrency,32,24,stop,1791362944.0330586,0.026655641035176814,1,0,
e2b,concurrency,32,18,exec_true,1791362944.050306,0.009720523958094418,1,0,
e2b,concurrency,32,30,stop,1791362944.030533,0.031057490967214108,1,0,
e2b,concurrency,32,6,exec_true,1791362944.0568588,0.010975042940117419,1,0,
e2b,concurrency,32,18,exec_true,1791362944.0600352,0.008535920991562307,1,0,
e2b,concurrency,32,23,exec_true,1791362944.0590222,0.009716543019749224,1,0,
e2b,concurrency,32,23,exec_true,1791362944.0687463,0.008332596975378692,1,0,
e2b,concurrency,32,6,exec_true,1791362944.067843,0.009945697034709156,1,0,
e2b,concurrency,32,18,exec_true,1791362944.0685804,0.010055038030259311,1,0,
e2b,concurrency,32,23,exec_true,1791362944.0770876,0.007862614002078772,1,0,
e2b,concurrency,32,18,exec_true,1791362944.0786445,0.009065448073670268,1,0,
e2b,concurrency,32,6,exec_true,1791362944.0777977,0.010767864063382149,1,0,
e2b,concurrency,32,11,stop,1791362944.0551074,0.034421270014718175,1,0,
e2b,concurrency,32,23,exec_true,1791362944.0849595,0.00892605003900826,1,0,
e2b,concurrency,32,6,exec_true,1791362944.0885744,0.008661417989060283,1,0,
e2b,concurrency,32,23,exec_true,1791362944.0938945,0.00943704997189343,1,0,
e2b,concurrency,32,6,exec_true,1791362944.0972447,0.009473063983023167,1,0,
e2b,concurrency,32,18,stop,1791362944.0877192,0.02556742401793599,1,0,
e2b,concurrency,32,6,exec_true,1791362944.1067266,0.009289658046327531,1,0,
e2b,concurrency,32,23,stop,1791362944.1033406,0.02645903208758682,1,0,
e2b,concurrency,32,6,stop,1791362944.1160254,0.02644499996677041,1,0,
e2b,concurrency,128,5,start,1791362974.1860654,0.5611332600237802,1,0,
e2b,concurrency,128,90,start,1791362974.3486671,0.4014388039940968,1,0,
e2b,concurrency,128,16,start,1791362974.208834,0.5437824579421431,1,0,
e2b,concurrency,128,100,start,1791362974.3672302,0.4009043669793755,1,0,
e2b,concurrency,128,5,exec_true,1791362974.7472098,0.028926572995260358,1,0,
e2b,concurrency,128,90,exec_true,1791362974.7501154,0.03554623096715659,1,0,
e2b,concurrency,128,16,exec_true,1791362974.752625,0.03357951308134943,1,0,
e2b,concurrency,128,5,exec_true,1791362974.7761457,0.011104803066700697,1,0,
e2b,concurrency,128,90,exec_true,1791362974.7856772,0.008255964028649032,1,0,
e2b,concurrency,128,100,exec_true,1791362974.7681475,0.0287646830547601,1,0,
e2b,concurrency,128,5,exec_true,1791362974.7872596,0.010165427927859128,1,0,
e2b,concurrency,128,16,exec_true,1791362974.7862163,0.013114353991113603,1,0,
e2b,concurrency,128,90,exec_true,1791362974.793943,0.01095005904790014,1,0,
e2b,concurrency,128,100,exec_true,1791362974.796921,0.00947367399930954,1,0,
e2b,concurrency,128,5,exec_true,1791362974.797434,0.011111816042102873,1,0,
e2b,concurrency,128,16,exec_true,1791362974.7993393,0.01211647700984031,1,0,
e2b,concurrency,128,90,exec_true,1791362974.8049026,0.01106575399171561,1,0,
e2b,concurrency,128,100,exec_true,1791362974.8064036,0.011093912995420396,1,0,
e2b,concurrency,128,5,exec_true,1791362974.8085546,0.00959009793587029,1,0,
e2b,concurrency,128,16,exec_true,1791362974.8114648,0.008904380025342107,1,0,
e2b,concurrency,128,100,exec_true,1791362974.8175066,0.009049181942828,1,0,
e2b,concurrency,128,5,exec_true,1791362974.8181534,0.009599903947673738,1,0,
e2b,concurrency,128,90,exec_true,1791362974.815978,0.01194687804672867,1,0,
e2b,concurrency,128,16,exec_true,1791362974.8203778,0.010376808932051063,1,0,
e2b,concurrency,128,123,start,1791362974.4104228,0.42193543701432645,1,0,
e2b,concurrency,128,48,start,1791362974.270012,0.5664175520651042,1,0,
e2b,concurrency,128,109,start,1791362974.3839798,0.453611213946715,1,0,
e2b,concurrency,128,100,exec_true,1791362974.8265648,0.011337087024003267,1,0,
e2b,concurrency,128,90,exec_true,1791362974.8279328,0.012747353059239686,1,0,
e2b,concurrency,128,93,start,1791362974.3543198,0.4892382239922881,1,0,
e2b,concurrency,128,5,exec_true,1791362974.8277628,0.017271096003241837,1,0,
e2b,concurrency,128,16,exec_true,1791362974.8307638,0.014668939053080976,1,0,
e2b,concurrency,128,88,start,1791362974.344887,0.5054531740024686,1,0,
e2b,concurrency,128,90,exec_true,1791362974.8406897,0.010880172019824386,1,0,
e2b,concurrency,128,100,exec_true,1791362974.8379111,0.01462733990047127,1,0,
e2b,concurrency,128,5,exec_true,1791362974.8450434,0.01056465704459697,1,0,
e2b,concurrency,128,16,exec_true,1791362974.8454418,0.014957522973418236,1,0,
e2b,concurrency,128,90,exec_true,1791362974.8516057,0.009444477036595345,1,0,
e2b,concurrency,128,48,exec_true,1791362974.8364382,0.028731283964589238,1,0,
e2b,concurrency,128,100,exec_true,1791362974.8525474,0.013279855949804187,1,0,
e2b,concurrency,128,123,exec_true,1791362974.8323667,0.035060836002230644,1,0,
e2b,concurrency,128,109,exec_true,1791362974.8376002,0.030818374012596905,1,0,
e2b,concurrency,128,5,exec_true,1791362974.8556178,0.013714931905269623,1,0,
e2b,concurrency,128,93,exec_true,1791362974.8435667,0.0264868299709633,1,0,
e2b,concurrency,128,90,exec_true,1791362974.8610587,0.009912588982842863,1,0,
e2b,concurrency,128,16,exec_true,1791362974.860409,0.011535712983459234,1,0,
e2b,concurrency,128,100,exec_true,1791362974.8658361,0.009271544055081904,1,0,
e2b,concurrency,128,48,exec_true,1791362974.8651788,0.011334317969158292,1,0,
e2b,concurrency,128,123,exec_true,1791362974.8674402,0.010330579010769725,1,0,
e2b,concurrency,128,5,exec_true,1791362974.8693428,0.009324150974862278,1,0,
e2b,concurrency,128,109,exec_true,1791362974.8684304,0.011262245010584593,1,0,
e2b,concurrency,128,88,exec_true,1791362974.85035,0.030943360994569957,1,0,
e2b,concurrency,128,93,exec_true,1791362974.8700626,0.011399670969694853,1,0,
e2b,concurrency,128,16,exec_true,1791362974.8719537,0.009693609084933996,1,0,
e2b,concurrency,128,90,exec_true,1791362974.8709805,0.011348102940246463,1,0,
e2b,concurrency,128,100,exec_true,1791362974.8751168,0.008644034969620407,1,0,
e2b,concurrency,128,48,exec_true,1791362974.8765225,0.010862634051591158,1,0,
e2b,concurrency,128,123,exec_true,1791362974.877781,0.011116494075395167,1,0,
e2b,concurrency,128,93,exec_true,1791362974.8814707,0.01123632793314755,1,0,
e2b,concurrency,128,88,exec_true,1791362974.881302,0.011996748042292893,1,0,
e2b,concurrency,128,109,exec_true,1791362974.8797019,0.013773108017630875,1,0,
e2b,concurrency,128,16,exec_true,1791362974.8816547,0.012027162010781467,1,0,
e2b,concurrency,128,100,exec_true,1791362974.8837698,0.011850908980704844,1,0,
e2b,concurrency,128,48,exec_true,1791362974.8873942,0.011924474965780973,1,0,
e2b,concurrency,128,123,exec_true,1791362974.8889074,0.012615786050446332,1,0,
e2b,concurrency,128,109,exec_true,1791362974.8935013,0.010362706030718982,1,0,
e2b,concurrency,128,93,exec_true,1791362974.8927183,0.014240976073779166,1,0,
e2b,concurrency,128,88,exec_true,1791362974.8933077,0.014194025075994432,1,0,
e2b,concurrency,128,48,exec_true,1791362974.8993278,0.012104091001674533,1,0,
e2b,concurrency,128,109,exec_true,1791362974.9038732,0.010501857032068074,1,0,
e2b,concurrency,128,123,exec_true,1791362974.901533,0.014678074046969414,1,0,
e2b,concurrency,128,93,exec_true,1791362974.9069686,0.010419853031635284,1,0,
e2b,concurrency,128,88,exec_true,1791362974.9075105,0.010916084051132202,1,0,
e2b,concurrency,128,48,exec_true,1791362974.911441,0.009953342960216105,1,0,
e2b,concurrency,128,109,exec_true,1791362974.914387,0.008900788030587137,1,0,
e2b,concurrency,128,123,exec_true,1791362974.9162228,0.008660588995553553,1,0,
e2b,concurrency,128,93,exec_true,1791362974.9173975,0.009544270928017795,1,0,
e2b,concurrency,128,88,exec_true,1791362974.918436,0.009989382000640035,1,0,
e2b,concurrency,128,8,start,1791362974.1920173,0.7375624499982223,1,0,
e2b,concurrency,128,123,exec_true,1791362974.924892,0.010680289939045906,1,0,
e2b,concurrency,128,48,exec_true,1791362974.9214036,0.014661588007584214,1,0,
e2b,concurrency,128,109,exec_true,1791362974.923297,0.013407026999630034,1,0,
e2b,concurrency,128,93,exec_true,1791362974.9269514,0.014503134065307677,1,0,
e2b,concurrency,128,88,exec_true,1791362974.9284348,0.013192152953706682,1,0,
e2b,concurrency,128,48,exec_true,1791362974.9360743,0.010838537011295557,1,0,
e2b,concurrency,128,123,exec_true,1791362974.9355814,0.013765110983513296,1,0,
e2b,concurrency,128,109,exec_true,1791362974.9367132,0.012810013024136424,1,0,
e2b,concurrency,128,93,exec_true,1791362974.9414637,0.009551091003231704,1,0,
e2b,concurrency,128,88,exec_true,1791362974.9416351,0.01254867494571954,1,0,
e2b,concurrency,128,100,stop,1791362974.8956308,0.05954213603399694,1,0,
e2b,concurrency,128,90,stop,1791362974.8823385,0.07359791395720094,1,0,
e2b,concurrency,128,56,start,1791362974.2849321,0.6758715009782463,1,0,
e2b,concurrency,128,123,exec_true,1791362974.949356,0.012776170973666012,1,0,
e2b,concurrency,128,48,exec_true,1791362974.946922,0.015446548932231963,1,0,
e2b,concurrency,128,93,exec_true,1791362974.9510238,0.011843995074741542,1,0,
e2b,concurrency,128,109,exec_true,1791362974.9495316,0.01362589094787836,1,0,
e2b,concurrency,128,8,exec_true,1791362974.9295883,0.03674033097922802,1,0,
e2b,concurrency,128,88,exec_true,1791362974.9541929,0.01285852596629411,1,0,
e2b,concurrency,128,48,exec_true,1791362974.9623764,0.009388790931552649,1,0,
e2b,concurrency,128,123,exec_true,1791362974.9621434,0.011657757102511823,1,0,
e2b,concurrency,128,109,exec_true,1791362974.9631658,0.011628619977273047,1,0,
e2b,concurrency,128,93,exec_true,1791362974.9628763,0.01231577608268708,1,0,
e2b,concurrency,128,88,exec_true,1791362974.9670615,0.008852269034832716,1,0,
e2b,concurrency,128,8,exec_true,1791362974.9663374,0.011097717913798988,1,0,
e2b,concurrency,128,56,exec_true,1791362974.9608138,0.02052294893655926,1,0,
e2b,concurrency,128,88,exec_true,1791362974.9759226,0.010063756024464965,1,0,
e2b,concurrency,128,56,exec_true,1791362974.981389,0.011375747038982809,1,0,
e2b,concurrency,128,8,exec_true,1791362974.9774454,0.015836304984986782,1,0,
e2b,concurrency,128,56,exec_true,1791362974.9927757,0.013629563967697322,1,0,
e2b,concurrency,128,8,exec_true,1791362974.9932923,0.013331540976651013,1,0,
e2b,concurrency,128,52,start,1791362974.2774665,0.7314818479353562,1,0,
e2b,concurrency,128,125,start,1791362974.4142,0.5962727990699932,1,0,
e2b,concurrency,128,89,start,1791362974.346831,0.6659935150528327,1,0,
e2b,concurrency,128,8,exec_true,1791362975.006632,0.013588489964604378,1,0,
e2b,concurrency,128,56,exec_true,1791362975.0064166,0.013986762962304056,1,0,
e2b,concurrency,128,93,stop,1791362974.9752011,0.05178540898486972,1,0,
e2b,concurrency,128,8,exec_true,1791362975.0202312,0.009061627904884517,1,0,
e2b,concurrency,128,56,exec_true,1791362975.0204117,0.014017251087352633,1,0,
e2b,concurrency,128,125,exec_true,1791362975.0104816,0.028868815046735108,1,0,
e2b,concurrency,128,24,start,1791362974.2243187,0.8156995790777728,1,0,
e2b,concurrency,128,89,exec_true,1791362975.0128334,0.028910447959788144,1,0,
e2b,concurrency,128,16,stop,1791362974.8936903,0.14919815200846642,1,0,
e2b,concurrency,128,5,stop,1791362974.8786764,0.16475078300572932,1,0,
e2b,concurrency,128,52,exec_true,1791362975.0089567,0.034783432027325034,1,0,
e2b,concurrency,128,8,exec_true,1791362975.0293026,0.014807441039010882,1,0,
e2b,concurrency,128,56,exec_true,1791362975.0344381,0.01173721393570304,1,0,
e2b,concurrency,128,125,exec_true,1791362975.0393593,0.00789876002818346,1,0,
e2b,concurrency,128,8,exec_true,1791362975.044119,0.01627905701752752,1,0,
e2b,concurrency,128,89,exec_true,1791362975.0417545,0.018827563035301864,1,0,
e2b,concurrency,128,52,exec_true,1791362975.0437498,0.0169841320021078,1,0,
e2b,concurrency,128,24,exec_true,1791362975.040027,0.02192489500157535,1,0,
e2b,concurrency,128,56,exec_true,1791362975.0461845,0.022757356986403465,1,0,
e2b,concurrency,128,125,exec_true,1791362975.0472674,0.022125835996121168,1,0,
e2b,concurrency,128,8,exec_true,1791362975.0604067,0.010487650986760855,1,0,
e2b,concurrency,128,52,exec_true,1791362975.0607417,0.012241775053553283,1,0,
e2b,concurrency,128,24,exec_true,1791362975.0619607,0.01529094495344907,1,0,
e2b,concurrency,128,89,exec_true,1791362975.06059,0.016838437994010746,1,0,
e2b,concurrency,128,125,exec_true,1791362975.0694017,0.01079774193931371,1,0,
e2b,concurrency,128,56,exec_true,1791362975.068952,0.011427043005824089,1,0,
e2b,concurrency,128,8,exec_true,1791362975.0709038,0.011075514019466937,1,0,
e2b,concurrency,128,52,exec_true,1791362975.0729923,0.01169298798777163,1,0,
e2b,concurrency,128,24,exec_true,1791362975.0772607,0.010381852043792605,1,0,
e2b,concurrency,128,56,exec_true,1791362975.0803874,0.007791408919729292,1,0,
e2b,concurrency,128,89,exec_true,1791362975.0774367,0.011608496075496078,1,0,
e2b,concurrency,128,125,exec_true,1791362975.0802093,0.010074722929857671,1,0,
e2b,concurrency,128,52,exec_true,1791362975.0846949,0.010990263894200325,1,0,
e2b,concurrency,128,24,exec_true,1791362975.0876532,0.00920328707434237,1,0,
e2b,concurrency,128,56,exec_true,1791362975.088188,0.00907065300270915,1,0,
e2b,concurrency,128,125,exec_true,1791362975.0902927,0.008151980000548065,1,0,
e2b,concurrency,128,89,exec_true,1791362975.0890543,0.010225209989584982,1,0,
e2b,concurrency,128,52,exec_true,1791362975.0956945,0.00904685806017369,1,0,
e2b,concurrency,128,123,stop,1791362974.973811,0.13183559698518366,1,0,
e2b,concurrency,128,125,exec_true,1791362975.0984552,0.00903252698481083,1,0,
e2b,concurrency,128,89,exec_true,1791362975.0992906,0.009268435998819768,1,0,
e2b,concurrency,128,71,start,1791362974.3134007,0.7960016540018842,1,0,
e2b,concurrency,128,24,exec_true,1791362975.0968657,0.012846451019868255,1,0,
e2b,concurrency,128,10,start,1791362974.1962016,0.9152733110822737,1,0,
e2b,concurrency,128,114,start,1791362974.393246,0.7187272049486637,1,0,
e2b,concurrency,128,52,exec_true,1791362975.1047506,0.015730030019767582,1,0,
e2b,concurrency,128,89,exec_true,1791362975.10857,0.012804689002223313,1,0,
e2b,concurrency,128,125,exec_true,1791362975.107498,0.014799441094510257,1,0,
e2b,concurrency,128,24,exec_true,1791362975.109721,0.01858275500126183,1,0,
e2b,concurrency,128,8,stop,1791362975.0819905,0.048547965940088034,1,0,
e2b,concurrency,128,52,exec_true,1791362975.12049,0.01059572002850473,1,0,
e2b,concurrency,128,125,exec_true,1791362975.1223066,0.009828587993979454,1,0,
e2b,concurrency,128,10,exec_true,1791362975.111483,0.020820634090341628,1,0,
e2b,concurrency,128,89,exec_true,1791362975.121384,0.011060068965889513,1,0,
e2b,concurrency,128,71,exec_true,1791362975.109412,0.026418994064442813,1,0,
e2b,concurrency,128,114,exec_true,1791362975.1120133,0.024527403060346842,1,0,
e2b,concurrency,128,24,exec_true,1791362975.1283123,0.011364610050804913,1,0,
e2b,concurrency,128,52,exec_true,1791362975.131094,0.009235686040483415,1,0,
e2b,concurrency,128,10,exec_true,1791362975.1323118,0.0126171960728243,1,0,
e2b,concurrency,128,125,exec_true,1791362975.1321445,0.013739126035943627,1,0,
e2b,concurrency,128,89,exec_true,1791362975.1324513,0.013958415947854519,1,0,
e2b,concurrency,128,71,exec_true,1791362975.13584,0.014262228971347213,1,0,
e2b,concurrency,128,24,exec_true,1791362975.139686,0.011539957951754332,1,0,
e2b,concurrency,128,114,exec_true,1791362975.13655,0.01492439303547144,1,0,
e2b,concurrency,128,109,stop,1791362974.9748037,0.18132275599054992,1,0,
e2b,concurrency,128,52,exec_true,1791362975.1403384,0.016121317050419748,1,0,
e2b,concurrency,128,10,exec_true,1791362975.1449378,0.012911921017803252,1,0,
e2b,concurrency,128,89,exec_true,1791362975.1464183,0.011907749925740063,1,0,
e2b,concurrency,128,88,stop,1791362974.985996,0.1727841590764001,1,0,
e2b,concurrency,128,71,exec_true,1791362975.1501133,0.013010885915718973,1,0,
e2b,concurrency,128,24,exec_true,1791362975.1512382,0.014755230047740042,1,0,
e2b,concurrency,128,10,exec_true,1791362975.1578586,0.011762141017243266,1,0,
e2b,concurrency,128,114,exec_true,1791362975.151482,0.01840445795096457,1,0,
e2b,concurrency,128,23,start,1791362974.2223856,0.9515899169491604,1,0,
e2b,concurrency,128,15,start,1791362974.2059531,0.9706380029674619,1,0,
e2b,concurrency,128,71,exec_true,1791362975.1631334,0.01373336708638817,1,0,
e2b,concurrency,128,24,exec_true,1791362975.166002,0.01221181801520288,1,0,
e2b,concurrency,128,10,exec_true,1791362975.1696312,0.009699994930997491,1,0,
e2b,concurrency,128,114,exec_true,1791362975.169896,0.009957931935787201,1,0,
e2b,concurrency,128,56,stop,1791362975.0972674,0.0946541839512065,1,0,
e2b,concurrency,128,10,exec_true,1791362975.1793404,0.015668591018766165,1,0,
e2b,concurrency,128,114,exec_true,1791362975.1798625,0.01554721302818507,1,0,
e2b,concurrency,128,71,exec_true,1791362975.176876,0.020907549071125686,1,0,
e2b,concurrency,128,15,exec_true,1791362975.1765993,0.02422140003181994,1,0,
e2b,concurrency,128,23,exec_true,1791362975.1739857,0.028850459028035402,1,0,
e2b,concurrency,128,10,exec_true,1791362975.195018,0.009288577944971621,1,0,
e2b,concurrency,128,114,exec_true,1791362975.1954184,0.010583700030110776,1,0,
e2b,concurrency,128,71,exec_true,1791362975.197794,0.00908932602033019,1,0,
e2b,concurrency,128,10,exec_true,1791362975.2043154,0.012048242962919176,1,0,
e2b,concurrency,128,71,exec_true,1791362975.2068949,0.009707649005576968,1,0,
e2b,concurrency,128,23,exec_true,1791362975.2028458,0.01450958603527397,1,0,
e2b,concurrency,128,15,exec_true,1791362975.200832,0.017115592025220394,1,0,
e2b,concurrency,128,114,exec_true,1791362975.2060122,0.012316290056332946,1,0,
e2b,concurrency,128,44,start,1791362974.2624738,0.9591203210875392,1,0,
e2b,concurrency,128,113,start,1791362974.3914106,0.83147947199177,1,0,
e2b,concurrency,128,84,start,1791362974.3374653,0.8874112670309842,1,0,
e2b,concurrency,128,71,exec_true,1791362975.216611,0.010227537946775556,1,0,
e2b,concurrency,128,10,exec_true,1791362975.2163727,0.010901725036092103,1,0,
e2b,concurrency,128,114,exec_true,1791362975.2183378,0.01040164299774915,1,0,
e2b,concurrency,128,23,exec_true,1791362975.217364,0.011546812951564789,1,0,
e2b,concurrency,128,15,exec_true,1791362975.217956,0.011135809007100761,1,0,
e2b,concurrency,128,10,exec_true,1791362975.2273858,0.008627415052615106,1,0,
e2b,concurrency,128,125,stop,1791362975.1458929,0.09173247101716697,1,0,
e2b,concurrency,128,89,stop,1791362975.1583352,0.07937882503028959,1,0,
e2b,concurrency,128,71,exec_true,1791362975.2268476,0.011260044993832707,1,0,
e2b,concurrency,128,114,exec_true,1791362975.2287483,0.010053445934318006,1,0,
e2b,concurrency,128,15,exec_true,1791362975.2291,0.010324230999685824,1,0,
e2b,concurrency,128,44,exec_true,1791362975.2216022,0.01868232700508088,1,0,
e2b,concurrency,128,23,exec_true,1791362975.2289188,0.012248851009644568,1,0,
e2b,concurrency,128,84,exec_true,1791362975.2248847,0.021707411971874535,1,0,
e2b,concurrency,128,113,exec_true,1791362975.2228985,0.024915363057516515,1,0,
e2b,concurrency,128,52,stop,1791362975.1564686,0.10378139093518257,1,0,
e2b,concurrency,128,71,exec_true,1791362975.238116,0.02764889900572598,1,0,
e2b,concurrency,128,84,exec_true,1791362975.2466025,0.01956254302058369,1,0,
e2b,concurrency,128,23,exec_true,1791362975.2411795,0.026346622966229916,1,0,
e2b,concurrency,128,113,exec_true,1791362975.2478228,0.020342446048744023,1,0,
e2b,concurrency,128,44,exec_true,1791362975.2402961,0.028034650953486562,1,0,
e2b,concurrency,128,114,exec_true,1791362975.2388103,0.02966560993809253,1,0,
e2b,concurrency,128,15,exec_true,1791362975.2394328,0.02977653604466468,1,0,
e2b,concurrency,128,48,stop,1791362974.9717748,0.30461228999774903,1,0,
e2b,concurrency,128,124,start,1791362974.4122949,0.865343707962893,1,0,
e2b,concurrency,128,127,start,1791362974.4178286,0.8606630930444226,1,0,
e2b,concurrency,128,113,exec_true,1791362975.2681742,0.01432808197569102,1,0,
e2b,concurrency,128,23,exec_true,1791362975.2675352,0.01634773809928447,1,0,
e2b,concurrency,128,15,exec_true,1791362975.2692177,0.01519877603277564,1,0,
e2b,concurrency,128,84,exec_true,1791362975.2661731,0.01874626602511853,1,0,
e2b,concurrency,128,44,exec_true,1791362975.2683394,0.016739404061809182,1,0,
e2b,concurrency,128,67,start,1791362974.3053675,0.9806009139865637,1,0,
e2b,concurrency,128,23,exec_true,1791362975.283892,0.010859006084501743,1,0,
e2b,concurrency,128,113,exec_true,1791362975.28252,0.013262441963888705,1,0,
e2b,concurrency,128,84,exec_true,1791362975.284928,0.012990965973585844,1,0,
e2b,concurrency,128,15,exec_true,1791362975.2844255,0.014318734989501536,1,0,
e2b,concurrency,128,124,exec_true,1791362975.2776465,0.021719039999879897,1,0,
e2b,concurrency,128,24,stop,1791362975.178223,0.12177317298483104,1,0,
e2b,concurrency,128,44,exec_true,1791362975.2850866,0.015478094923309982,1,0,
e2b,concurrency,128,127,exec_true,1791362975.2785,0.026483708061277866,1,0,
e2b,concurrency,128,2,start,1791362974.1798027,1.1274947979254648,1,0,
e2b,concurrency,128,84,exec_true,1791362975.29793,0.010298673994839191,1,0,
e2b,concurrency,128,23,exec_true,1791362975.2947602,0.014366001938469708,1,0,
e2b,concurrency,128,113,exec_true,1791362975.2957914,0.014148963033221662,1,0,
e2b,concurrency,128,15,exec_true,1791362975.2987552,0.01178730500396341,1,0,
e2b,concurrency,128,10,stop,1791362975.2360227,0.07786074606701732,1,0,
e2b,concurrency,128,67,exec_true,1791362975.285977,0.028269274975173175,1,0,
e2b,concurrency,128,124,exec_true,1791362975.2993748,0.015449767000973225,1,0,
e2b,concurrency,128,44,exec_true,1791362975.3005736,0.01441614399664104,1,0,
e2b,concurrency,128,40,start,1791362974.2549164,1.0621008770540357,1,0,
e2b,concurrency,128,84,exec_true,1791362975.3082376,0.011069353087805212,1,0,
e2b,concurrency,128,113,exec_true,1791362975.3099492,0.010958936996757984,1,0,
e2b,concurrency,128,23,exec_true,1791362975.3091357,0.011994721018709242,1,0,
e2b,concurrency,128,15,exec_true,1791362975.3105514,0.010741268983110785,1,0,
e2b,concurrency,128,127,exec_true,1791362975.304993,0.01651401398703456,1,0,
e2b,concurrency,128,67,exec_true,1791362975.3142545,0.012627733987756073,1,0,
e2b,concurrency,128,44,exec_true,1791362975.3149974,0.013869283022359014,1,0,
e2b,concurrency,128,124,exec_true,1791362975.3148332,0.014788683038204908,1,0,
e2b,concurrency,128,84,exec_true,1791362975.3193154,0.01695170602761209,1,0,
e2b,concurrency,128,113,exec_true,1791362975.3209186,0.01616535196080804,1,0,
e2b,concurrency,128,15,exec_true,1791362975.3213007,0.016117978957481682,1,0,
e2b,concurrency,128,23,exec_true,1791362975.321139,0.017264588037505746,1,0,
e2b,concurrency,128,127,exec_true,1791362975.3215153,0.017286274931393564,1,0,
e2b,concurrency,128,2,exec_true,1791362975.3073056,0.0321898830588907,1,0,
e2b,concurrency,128,44,exec_true,1791362975.3288758,0.011465762043371797,1,0,
e2b,concurrency,128,61,start,1791362974.294262,1.0473211939679459,1,0,
e2b,concurrency,128,67,exec_true,1791362975.3268936,0.015771543025039136,1,0,
e2b,concurrency,128,40,exec_true,1791362975.317026,0.027837095083668828,1,0,
e2b,concurrency,128,124,exec_true,1791362975.329631,0.015649601933546364,1,0,
e2b,concurrency,128,84,exec_true,1791362975.3362768,0.010716979973949492,1,0,
e2b,concurrency,128,127,exec_true,1791362975.338811,0.009585296967998147,1,0,
e2b,concurrency,128,2,exec_true,1791362975.3395042,0.009481431101448834,1,0,
e2b,concurrency,128,113,exec_true,1791362975.3370929,0.012673463905230165,1,0,
e2b,concurrency,128,44,exec_true,1791362975.3403506,0.010588704026304185,1,0,
e2b,concurrency,128,67,exec_true,1791362975.3426745,0.009382702992297709,1,0,
e2b,concurrency,128,40,exec_true,1791362975.3448718,0.010032157064415514,1,0,
e2b,concurrency,128,84,exec_true,1791362975.3470047,0.008842103998176754,1,0,
e2b,concurrency,128,124,exec_true,1791362975.3452895,0.012108416063711047,1,0,
e2b,concurrency,128,113,exec_true,1791362975.3497756,0.00858846097253263,1,0,
e2b,concurrency,128,127,exec_true,1791362975.3484075,0.01062676403671503,1,0,
e2b,concurrency,128,44,exec_true,1791362975.3509483,0.008832585997879505,1,0,
e2b,concurrency,128,2,exec_true,1791362975.3489943,0.013186385971494019,1,0,
e2b,concurrency,128,67,exec_true,1791362975.3520665,0.010837570996955037,1,0,
e2b,concurrency,128,84,exec_true,1791362975.3558567,0.008500196970999241,1,0,
e2b,concurrency,128,113,exec_true,1791362975.3583734,0.008968129055574536,1,0,
e2b,concurrency,128,124,exec_true,1791362975.357407,0.01125876500736922,1,0,
e2b,concurrency,128,127,exec_true,1791362975.3590434,0.009804414003156126,1,0,
e2b,concurrency,128,40,exec_true,1791362975.3549128,0.014733817079104483,1,0,
e2b,concurrency,128,61,exec_true,1791362975.3415918,0.028771613957360387,1,0,
e2b,concurrency,128,44,exec_true,1791362975.3597913,0.011241419008001685,1,0,
e2b,concurrency,128,67,exec_true,1791362975.3629131,0.010892786085605621,1,0,
e2b,concurrency,128,2,exec_true,1791362975.3621895,0.012083986075595021,1,0,
e2b,concurrency,128,127,exec_true,1791362975.3688555,0.009784376015886664,1,0,
e2b,concurrency,128,40,exec_true,1791362975.3696554,0.009166746051050723,1,0,
e2b,concurrency,128,124,exec_true,1791362975.3686745,0.010938406107015908,1,0,
e2b,concurrency,128,61,exec_true,1791362975.3703725,0.012035951018333435,1,0,
e2b,concurrency,128,67,exec_true,1791362975.373815,0.009740371024236083,1,0,
e2b,concurrency,128,2,exec_true,1791362975.3742821,0.012553840992040932,1,0,
e2b,concurrency,128,127,exec_true,1791362975.378649,0.009789939969778061,1,0,
e2b,concurrency,128,40,exec_true,1791362975.3788302,0.011381044052541256,1,0,
e2b,concurrency,128,124,exec_true,1791362975.3796225,0.011521560023538768,1,0,
e2b,concurrency,128,114,stop,1791362975.2684839,0.12383906205650419,1,0,
e2b,concurrency,128,61,exec_true,1791362975.382418,0.012289245030842721,1,0,
e2b,concurrency,128,67,exec_true,1791362975.3835661,0.011665887082926929,1,0,
e2b,concurrency,128,2,exec_true,1791362975.3868473,0.01007800898514688,1,0,
e2b,concurrency,128,127,exec_true,1791362975.388448,0.01209906698204577,1,0,
e2b,concurrency,128,86,start,1791362974.341248,1.0616082119522616,1,0,
e2b,concurrency,128,40,exec_true,1791362975.39022,0.013130414066836238,1,0,
e2b,concurrency,128,61,exec_true,1791362975.3947155,0.00993065896909684,1,0,
e2b,concurrency,128,124,exec_true,1791362975.3911529,0.014228633022867143,1,0,
e2b,concurrency,128,67,exec_true,1791362975.3952415,0.010751248919405043,1,0,
e2b,concurrency,128,2,exec_true,1791362975.396934,0.010220332071185112,1,0,
e2b,concurrency,128,15,stop,1791362975.3374279,0.07215723500121385,1,0,
e2b,concurrency,128,71,stop,1791362975.2657745,0.1439890949986875,1,0,
e2b,concurrency,128,40,exec_true,1791362975.40339,0.011112148058600724,1,0,
e2b,concurrency,128,127,exec_true,1791362975.4005558,0.014833573019132018,1,0,
e2b,concurrency,128,44,stop,1791362975.371042,0.04674212611280382,1,0,
e2b,concurrency,128,84,stop,1791362975.3643668,0.05352904903702438,1,0,
e2b,concurrency,128,28,start,1791362974.2320473,1.186546812998131,1,0,
e2b,concurrency,128,23,stop,1791362975.3384135,0.08070078701712191,1,0,
e2b,concurrency,128,113,stop,1791362975.3673508,0.05280063592363149,1,0,
e2b,concurrency,128,34,start,1791362974.2435489,1.1779928709147498,1,0,
e2b,concurrency,128,67,exec_true,1791362975.4060016,0.015801494009792805,1,0,
e2b,concurrency,128,2,exec_true,1791362975.4071634,0.015034936950542033,1,0,
e2b,concurrency,128,124,exec_true,1791362975.4053905,0.017454412067309022,1,0,
e2b,concurrency,128,61,exec_true,1791362975.4046557,0.018788934918120503,1,0,
e2b,concurrency,128,40,exec_true,1791362975.4145129,0.009528842056170106,1,0,
e2b,concurrency,128,86,exec_true,1791362975.4028645,0.02652212406974286,1,0,
e2b,concurrency,128,2,exec_true,1791362975.422207,0.008570148958824575,1,0,
e2b,concurrency,128,61,exec_true,1791362975.423453,0.011564675020053983,1,0,
e2b,concurrency,128,40,exec_true,1791362975.4240506,0.01406569208484143,1,0,
e2b,concurrency,128,2,exec_true,1791362975.4307861,0.010192041983827949,1,0,
e2b,concurrency,128,28,exec_true,1791362975.4186025,0.02301978599280119,1,0,
e2b,concurrency,128,86,exec_true,1791362975.4293952,0.012758158962242305,1,0,
e2b,concurrency,128,61,exec_true,1791362975.435027,0.008241375093348324,1,0,
e2b,concurrency,128,34,exec_true,1791362975.42155,0.02399699401576072,1,0,
e2b,concurrency,128,40,exec_true,1791362975.4381254,0.011284229927696288,1,0,
e2b,concurrency,128,61,exec_true,1791362975.4432771,0.009179390035569668,1,0,
e2b,concurrency,128,86,exec_true,1791362975.4421623,0.012018488021567464,1,0,
e2b,concurrency,128,28,exec_true,1791362975.4416316,0.012719884980469942,1,0,
e2b,concurrency,128,34,exec_true,1791362975.4455557,0.012567062978632748,1,0,
e2b,concurrency,128,61,exec_true,1791362975.4524658,0.010112888063304126,1,0,
e2b,concurrency,128,86,exec_true,1791362975.4541898,0.00984369101934135,1,0,
e2b,concurrency,128,34,exec_true,1791362975.458132,0.008312702993862331,1,0,
e2b,concurrency,128,28,exec_true,1791362975.4543593,0.01331563200801611,1,0,
e2b,concurrency,128,61,exec_true,1791362975.4625893,0.007950866944156587,1,0,
e2b,concurrency,128,86,exec_true,1791362975.4640448,0.009466254035942256,1,0,
e2b,concurrency,128,34,exec_true,1791362975.4664538,0.007789273047819734,1,0,
e2b,concurrency,128,28,exec_true,1791362975.467684,0.009030936984345317,1,0,
e2b,concurrency,128,86,exec_true,1791362975.4735198,0.008658658945932984,1,0,
e2b,concurrency,128,34,exec_true,1791362975.4742517,0.011042929021641612,1,0,
e2b,concurrency,128,28,exec_true,1791362975.4767256,0.009497796068899333,1,0,
e2b,concurrency,128,86,exec_true,1791362975.4821894,0.009307382977567613,1,0,
e2b,concurrency,128,34,exec_true,1791362975.485304,0.008679852937348187,1,0,
e2b,concurrency,128,28,exec_true,1791362975.486233,0.00989262608345598,1,0,
e2b,concurrency,128,124,stop,1791362975.4228542,0.07875184295699,1,0,
e2b,concurrency,128,86,exec_true,1791362975.4915059,0.010176429990679026,1,0,
e2b,concurrency,128,127,stop,1791362975.4154034,0.08800846699159592,1,0,
e2b,concurrency,128,34,exec_true,1791362975.493993,0.009657836053520441,1,0,
e2b,concurrency,128,40,stop,1791362975.449419,0.057504498050548136,1,0,
e2b,concurrency,128,86,exec_true,1791362975.5016904,0.011104492004960775,1,0,
e2b,concurrency,128,34,exec_true,1791362975.5036595,0.01011904503684491,1,0,
e2b,concurrency,128,28,exec_true,1791362975.4961343,0.018432977027259767,1,0,
e2b,concurrency,128,86,exec_true,1791362975.5128052,0.008485389058478177,1,0,
e2b,concurrency,128,34,exec_true,1791362975.5137877,0.010542290983721614,1,0,
e2b,concurrency,128,28,exec_true,1791362975.5145764,0.01008517702575773,1,0,
e2b,concurrency,128,57,start,1791362974.286848,1.239233852014877,1,0,
e2b,concurrency,128,119,start,1791362974.4030054,1.1248948740540072,1,0,
e2b,concurrency,128,60,start,1791362974.2923028,1.2362631290452555,1,0,
e2b,concurrency,128,34,exec_true,1791362975.5243392,0.01071068795863539,1,0,
e2b,concurrency,128,28,exec_true,1791362975.5246704,0.010907268966548145,1,0,
e2b,concurrency,128,28,exec_true,1791362975.5355868,0.00903343502432108,1,0,
e2b,concurrency,128,119,exec_true,1791362975.52791,0.020101209986023605,1,0,
e2b,concurrency,128,60,exec_true,1791362975.5285742,0.019915920915082097,1,0,
e2b,concurrency,128,57,exec_true,1791362975.52609,0.022570127970539033,1,0,
e2b,concurrency,128,2,stop,1791362975.4409873,0.11006969900336117,1,0,
e2b,concurrency,128,67,stop,1791362975.421812,0.13100498297717422,1,0,
e2b,concurrency,128,119,exec_true,1791362975.5480208,0.01474064402282238,1,0,
e2b,concurrency,128,60,exec_true,1791362975.5484993,0.014752284972928464,1,0,
e2b,concurrency,128,57,exec_true,1791362975.5486681,0.014751147013157606,1,0,
e2b,concurrency,128,119,exec_true,1791362975.5627708,0.017911806935444474,1,0,
e2b,concurrency,128,60,exec_true,1791362975.5632603,0.018300581956282258,1,0,
e2b,concurrency,128,57,exec_true,1791362975.563428,0.022283483995124698,1,0,
e2b,concurrency,128,12,start,1791362974.2000952,1.388469670084305,1,0,
e2b,concurrency,128,87,start,1791362974.343023,1.2463338419329375,1,0,
e2b,concurrency,128,110,start,1791362974.3858101,1.2043214640580118,1,0,
e2b,concurrency,128,119,exec_true,1791362975.5806942,0.012949937954545021,1,0,
e2b,concurrency,128,60,exec_true,1791362975.5815709,0.012933494988828897,1,0,
e2b,concurrency,128,57,exec_true,1791362975.5857234,0.01036058401223272,1,0,
e2b,concurrency,128,86,stop,1791362975.5213,0.07738847006112337,1,0,
e2b,concurrency,128,28,stop,1791362975.544631,0.056165711022913456,1,0,
e2b,concurrency,128,119,exec_true,1791362975.5936537,0.010939146974124014,1,0,
e2b,concurrency,128,60,exec_true,1791362975.594514,0.01077269809320569,1,0,
e2b,concurrency,128,57,exec_true,1791362975.5960927,0.011308806017041206,1,0,
e2b,concurrency,128,12,exec_true,1791362975.5885735,0.019971277099102736,1,0,
e2b,concurrency,128,110,exec_true,1791362975.5901403,0.022096227970905602,1,0,
e2b,concurrency,128,87,exec_true,1791362975.589366,0.026370062958449125,1,0,
e2b,concurrency,128,60,exec_true,1791362975.605296,0.01064240897540003,1,0,
e2b,concurrency,128,119,exec_true,1791362975.604602,0.012065496062859893,1,0,
e2b,concurrency,128,61,stop,1791362975.4705503,0.14694654603954405,1,0,
e2b,concurrency,128,57,exec_true,1791362975.607411,0.010403617983683944,1,0,
e2b,concurrency,128,105,start,1791362974.3765507,1.2427391059463844,1,0,
e2b,concurrency,128,12,exec_true,1791362975.608554,0.011306100990623236,1,0,
e2b,concurrency,128,34,stop,1791362975.5350595,0.09140943607781082,1,0,
e2b,concurrency,128,119,exec_true,1791362975.6166763,0.012289158999919891,1,0,
e2b,concurrency,128,110,exec_true,1791362975.612246,0.01691511704120785,1,0,
e2b,concurrency,128,87,exec_true,1791362975.6157458,0.013566027046181262,1,0,
e2b,concurrency,128,60,exec_true,1791362975.6159465,0.014516351977363229,1,0,
e2b,concurrency,128,57,exec_true,1791362975.6178393,0.014709094073623419,1,0,
e2b,concurrency,128,87,exec_true,1791362975.6293192,0.009272653027437627,1,0,
e2b,concurrency,128,60,exec_true,1791362975.6304717,0.008845356991514564,1,0,
e2b,concurrency,128,12,exec_true,1791362975.6198692,0.01961954007856548,1,0,
e2b,concurrency,128,110,exec_true,1791362975.6291695,0.011944420984946191,1,0,
e2b,concurrency,128,83,start,1791362974.335645,1.3063636010047048,1,0,
e2b,concurrency,128,119,exec_true,1791362975.628975,0.013855030992999673,1,0,
e2b,concurrency,128,72,start,1791362974.3152494,1.3302875709487125,1,0,
e2b,concurrency,128,57,exec_true,1791362975.6325574,0.013803547015413642,1,0,
e2b,concurrency,128,105,exec_true,1791362975.6192977,0.03306457900907844,1,0,
e2b,concurrency,128,12,exec_true,1791362975.639497,0.015609659953042865,1,0,
e2b,concurrency,128,110,exec_true,1791362975.6411252,0.01444412104319781,1,0,
e2b,concurrency,128,60,exec_true,1791362975.639326,0.016412598895840347,1,0,
e2b,concurrency,128,87,exec_true,1791362975.638602,0.017528477939777076,1,0,
e2b,concurrency,128,119,exec_true,1791362975.64287,0.014632474980317056,1,0,
e2b,concurrency,128,57,exec_true,1791362975.6463704,0.011599077028222382,1,0,
e2b,concurrency,128,105,exec_true,1791362975.6523716,0.010378913022577763,1,0,
e2b,concurrency,128,83,exec_true,1791362975.6420195,0.022177072940394282,1,0,
e2b,concurrency,128,12,exec_true,1791362975.655116,0.010129346046596766,1,0,
e2b,concurrency,128,60,exec_true,1791362975.6557467,0.009669765015132725,1,0,
e2b,concurrency,128,110,exec_true,1791362975.6555781,0.010601563029922545,1,0,
e2b,concurrency,128,119,exec_true,1791362975.6575117,0.009556283941492438,1,0,
e2b,concurrency,128,57,exec_true,1791362975.6579783,0.00960354704875499,1,0,
e2b,concurrency,128,87,exec_true,1791362975.656139,0.01254498295020312,1,0,
e2b,concurrency,128,72,exec_true,1791362975.645546,0.02659119898453355,1,0,
e2b,concurrency,128,105,exec_true,1791362975.66276,0.010429337969981134,1,0,
e2b,concurrency,128,12,exec_true,1791362975.665254,0.008778354967944324,1,0,
e2b,concurrency,128,83,exec_true,1791362975.6642056,0.010575745953246951,1,0,
e2b,concurrency,128,110,exec_true,1791362975.6661887,0.00943977595306933,1,0,
e2b,concurrency,128,87,exec_true,1791362975.668693,0.008963224943727255,1,0,
e2b,concurrency,128,72,exec_true,1791362975.6721456,0.009562487015500665,1,0,
e2b,concurrency,128,110,exec_true,1791362975.6756375,0.013291743001900613,1,0,
e2b,concurrency,128,105,exec_true,1791362975.6731997,0.01608313200995326,1,0,
e2b,concurrency,128,12,exec_true,1791362975.674044,0.015635209972970188,1,0,
e2b,concurrency,128,87,exec_true,1791362975.6776652,0.01219228410627693,1,0,
e2b,concurrency,128,83,exec_true,1791362975.6747904,0.015721700037829578,1,0,
e2b,concurrency,128,72,exec_true,1791362975.6817172,0.011399155016988516,1,0,
e2b,concurrency,128,110,exec_true,1791362975.6889384,0.009531185030937195,1,0,
e2b,concurrency,128,105,exec_true,1791362975.6892917,0.009967588004656136,1,0,
e2b,concurrency,128,12,exec_true,1791362975.6896877,0.010206940933130682,1,0,
e2b,concurrency,128,87,exec_true,1791362975.6898656,0.01164337806403637,1,0,
e2b,concurrency,128,72,exec_true,1791362975.6931257,0.010781732038594782,1,0,
e2b,concurrency,128,83,exec_true,1791362975.690521,0.014601140981540084,1,0,
e2b,concurrency,128,110,exec_true,1791362975.6984787,0.015094972914084792,1,0,
e2b,concurrency,128,105,exec_true,1791362975.6992683,0.014932129997760057,1,0,
e2b,concurrency,128,87,exec_true,1791362975.7015202,0.0129604710964486,1,0,
e2b,concurrency,128,12,exec_true,1791362975.6999056,0.015356514020822942,1,0,
e2b,concurrency,128,72,exec_true,1791362975.7039165,0.017389895976521075,1,0,
e2b,concurrency,128,83,exec_true,1791362975.705131,0.017722290009260178,1,0,
e2b,concurrency,128,110,exec_true,1791362975.7135828,0.009780609980225563,1,0,
e2b,concurrency,128,105,exec_true,1791362975.714211,0.01132922398392111,1,0,
e2b,concurrency,128,69,start,1791362974.309701,1.4168000740464777,1,0,
e2b,concurrency,128,108,start,1791362974.382061,1.345630132011138,1,0,
e2b,concurrency,128,68,start,1791362974.3071914,1.4210413750261068,1,0,
e2b,concurrency,128,87,exec_true,1791362975.714489,0.0139676199760288,1,0,
e2b,concurrency,128,12,exec_true,1791362975.715274,0.013677000999450684,1,0,
e2b,concurrency,128,60,stop,1791362975.665425,0.06948623806238174,1,0,
e2b,concurrency,128,57,stop,1791362975.667591,0.06788786395918578,1,0,
e2b,concurrency,128,72,exec_true,1791362975.721316,0.014330470934510231,1,0,
e2b,concurrency,128,83,exec_true,1791362975.7228625,0.013881034916266799,1,0,
e2b,concurrency,128,105,exec_true,1791362975.72555,0.011373162036761642,1,0,
e2b,concurrency,128,105,exec_true,1791362975.7369313,0.012913811020553112,1,0,
e2b,concurrency,128,72,exec_true,1791362975.7356548,0.02129470801446587,1,0,
e2b,concurrency,128,83,exec_true,1791362975.736753,0.020431086071766913,1,0,
e2b,concurrency,128,119,stop,1791362975.6670773,0.09179852798115462,1,0,
e2b,concurrency,128,69,exec_true,1791362975.7265096,0.03239528404083103,1,0,
e2b,concurrency,128,105,exec_true,1791362975.7498543,0.010561316041275859,1,0,
e2b,concurrency,128,68,exec_true,1791362975.7282414,0.0329228910850361,1,0,
e2b,concurrency,128,108,exec_true,1791362975.7277002,0.03541867795865983,1,0,
e2b,concurrency,128,115,start,1791362974.3951125,1.3732845979975536,1,0,
e2b,concurrency,128,103,start,1791362974.3727858,1.397888918989338,1,0,
e2b,concurrency,128,83,exec_true,1791362975.7571926,0.01377471990417689,1,0,
e2b,concurrency,128,72,exec_true,1791362975.7569609,0.014235899085178971,1,0,
e2b,concurrency,128,69,exec_true,1791362975.7589128,0.014077568077482283,1,0,
e2b,concurrency,128,33,start,1791362974.241631,1.532344919978641,1,0,
e2b,concurrency,128,108,exec_true,1791362975.763128,0.011722357012331486,1,0,
e2b,concurrency,128,68,exec_true,1791362975.7611732,0.014576413086615503,1,0,
e2b,concurrency,128,72,exec_true,1791362975.7712064,0.010286441072821617,1,0,
e2b,concurrency,128,83,exec_true,1791362975.770977,0.011156098917126656,1,0,
e2b,concurrency,128,69,exec_true,1791362975.7730021,0.010143773979507387,1,0,
e2b,concurrency,128,108,exec_true,1791362975.7748594,0.011166190961375833,1,0,
e2b,concurrency,128,110,stop,1791362975.7233813,0.06472075101919472,1,0,
e2b,concurrency,128,12,stop,1791362975.72896,0.059965693042613566,1,0,
e2b,concurrency,128,68,exec_true,1791362975.7757592,0.01484808698296547,1,0,
e2b,concurrency,128,83,exec_true,1791362975.7821426,0.010263537988066673,1,0,
e2b,concurrency,128,115,exec_true,1791362975.7684054,0.02439488098025322,1,0,
e2b,concurrency,128,72,exec_true,1791362975.7815037,0.01208790298551321,1,0,
e2b,concurrency,128,69,exec_true,1791362975.7831578,0.010866001946851611,1,0,
e2b,concurrency,128,103,exec_true,1791362975.770685,0.02366882807109505,1,0,
e2b,concurrency,128,108,exec_true,1791362975.786035,0.013451369013637304,1,0,
e2b,concurrency,128,68,exec_true,1791362975.790617,0.00946204294450581,1,0,
e2b,concurrency,128,33,exec_true,1791362975.7739842,0.026613232912495732,1,0,
e2b,concurrency,128,115,exec_true,1791362975.7928092,0.009413492982275784,1,0,
e2b,concurrency,128,69,exec_true,1791362975.7940323,0.011992579908110201,1,0,
e2b,concurrency,128,103,exec_true,1791362975.7943625,0.013069202075712383,1,0,
e2b,concurrency,128,108,exec_true,1791362975.7994952,0.016374672995880246,1,0,
e2b,concurrency,128,115,exec_true,1791362975.802232,0.014336575055494905,1,0,
e2b,concurrency,128,68,exec_true,1791362975.8000882,0.016651237034238875,1,0,
e2b,concurrency,128,33,exec_true,1791362975.8006063,0.01675840199459344,1,0,
e2b,concurrency,128,69,exec_true,1791362975.8060353,0.016397299943491817,1,0,
e2b,concurrency,128,103,exec_true,1791362975.8074446,0.019366245018318295,1,0,
e2b,concurrency,128,108,exec_true,1791362975.8158793,0.012050382909364998,1,0,
e2b,concurrency,128,33,exec_true,1791362975.817374,0.01198406598996371,1,0,
e2b,concurrency,128,115,exec_true,1791362975.8165777,0.01715562806930393,1,0,
e2b,concurrency,128,68,exec_true,1791362975.8167472,0.017434360925108194,1,0,
e2b,concurrency,128,87,stop,1791362975.7284656,0.10659842693712562,1,0,
e2b,concurrency,128,103,exec_true,1791362975.8268194,0.008575853891670704,1,0,
e2b,concurrency,128,108,exec_true,1791362975.827939,0.009594002971425653,1,0,
e2b,concurrency,128,69,exec_true,1791362975.822443,0.015406577032990754,1,0,
e2b,concurrency,128,33,exec_true,1791362975.829367,0.012406461057253182,1,0,
e2b,concurrency,128,115,exec_true,1791362975.8337426,0.010745872976258397,1,0,
e2b,concurrency,128,103,exec_true,1791362975.8354034,0.009563416009768844,1,0,
e2b,concurrency,128,68,exec_true,1791362975.8341982,0.011469190940260887,1,0,
e2b,concurrency,128,69,exec_true,1791362975.8378587,0.009958500973880291,1,0,
e2b,concurrency,128,108,exec_true,1791362975.837543,0.01044433400966227,1,0,
e2b,concurrency,128,103,exec_true,1791362975.844976,0.008156197029165924,1,0,
e2b,concurrency,128,115,exec_true,1791362975.844498,0.009373083943501115,1,0,
e2b,concurrency,128,68,exec_true,1791362975.8457067,0.012370325974188745,1,0,
e2b,concurrency,128,33,exec_true,1791362975.8417828,0.016479756915941834,1,0,
e2b,concurrency,128,83,stop,1791362975.792417,0.06698729610070586,1,0,
e2b,concurrency,128,108,exec_true,1791362975.8479948,0.011604125960730016,1,0,
e2b,concurrency,128,69,exec_true,1791362975.8478265,0.012410431052558124,1,0,
e2b,concurrency,128,25,start,1791362974.2262418,1.636423112009652,1,0,
e2b,concurrency,128,95,start,1791362974.3579967,1.5057652840623632,1,0,
e2b,concurrency,128,73,start,1791362974.3171554,1.5474360850639641,1,0,
e2b,concurrency,128,103,exec_true,1791362975.853141,0.012416115030646324,1,0,
e2b,concurrency,128,115,exec_true,1791362975.8538802,0.012844205019064248,1,0,
e2b,concurrency,128,72,stop,1791362975.7936018,0.07511353294830769,1,0,
e2b,concurrency,128,105,stop,1791362975.7604249,0.10839915496762842,1,0,
e2b,concurrency,128,68,exec_true,1791362975.8580863,0.011196759063750505,1,0,
e2b,concurrency,128,33,exec_true,1791362975.8582702,0.011341969016939402,1,0,
e2b,concurrency,128,108,exec_true,1791362975.8596075,0.01337040204089135,1,0,
e2b,concurrency,128,69,exec_true,1791362975.860246,0.013166149030439556,1,0,
e2b,concurrency,128,115,exec_true,1791362975.8667336,0.008748220978304744,1,0,
e2b,concurrency,128,103,exec_true,1791362975.8655689,0.01113748096395284,1,0,
e2b,concurrency,128,33,exec_true,1791362975.8696215,0.010345146991312504,1,0,
e2b,concurrency,128,68,exec_true,1791362975.8692927,0.011382812983356416,1,0,
e2b,concurrency,128,25,exec_true,1791362975.862675,0.025671483017504215,1,0,
e2b,concurrency,128,115,exec_true,1791362975.8754911,0.013078707968816161,1,0,
e2b,concurrency,128,103,exec_true,1791362975.8767147,0.014917129999957979,1,0,
e2b,concurrency,128,33,exec_true,1791362975.8799763,0.013339056051336229,1,0,
e2b,concurrency,128,115,exec_true,1791362975.888578,0.008993093972094357,1,0,
e2b,concurrency,128,103,exec_true,1791362975.8916411,0.013200863031670451,1,0,
e2b,concurrency,128,25,exec_true,1791362975.8883562,0.01719793793745339,1,0,
e2b,concurrency,128,33,exec_true,1791362975.8933244,0.013047203072346747,1,0,
e2b,concurrency,128,33,exec_true,1791362975.9063807,0.008650733972899616,1,0,
e2b,concurrency,128,25,exec_true,1791362975.9055634,0.010490252054296434,1,0,
e2b,concurrency,128,96,start,1791362974.3598378,1.566548735019751,1,0,
e2b,concurrency,128,25,exec_true,1791362975.9160628,0.010704390937462449,1,0,
e2b,concurrency,128,25,exec_true,1791362975.9267757,0.010421626968309283,1,0,
e2b,concurrency,128,62,start,1791362974.2960927,1.6555935440119356,1,0,
e2b,concurrency,128,79,start,1791362974.3282518,1.6254143200349063,1,0,
e2b,concurrency,128,126,start,1791362974.416045,1.5386133179999888,1,0,
e2b,concurrency,128,17,start,1791362974.2107594,1.74443540093489,1,0,
e2b,concurrency,128,108,stop,1791362975.8729882,0.08269487705547363,1,0,
e2b,concurrency,128,103,stop,1791362975.904854,0.05204156204126775,1,0,
e2b,concurrency,128,25,exec_true,1791362975.937207,0.02234581799712032,1,0,
e2b,concurrency,128,96,exec_true,1791362975.9263947,0.04229148698505014,1,0,
e2b,concurrency,128,95,exec_true,1791362975.8637714,0.10508460504934192,1,0,
e2b,concurrency,128,25,exec_true,1791362975.9595623,0.013367953011766076,1,0,
e2b,concurrency,128,73,exec_true,1791362975.8646007,0.10903227003291249,1,0,
e2b,concurrency,128,79,exec_true,1791362975.9536748,0.021519207977689803,1,0,
e2b,concurrency,128,17,exec_true,1791362975.9552033,0.024014076916500926,1,0,
e2b,concurrency,128,62,exec_true,1791362975.9516945,0.029935601050965488,1,0,
e2b,concurrency,128,126,exec_true,1791362975.954667,0.02724590094294399,1,0,
e2b,concurrency,128,25,exec_true,1791362975.9729393,0.010606307070702314,1,0,
e2b,concurrency,128,95,exec_true,1791362975.968864,0.01540055696386844,1,0,
e2b,concurrency,128,96,exec_true,1791362975.9686954,0.01629805297125131,1,0,
e2b,concurrency,128,73,exec_true,1791362975.9736423,0.012194280978292227,1,0,
e2b,concurrency,128,69,stop,1791362975.8734214,0.11277638399042189,1,0,
e2b,concurrency,128,79,exec_true,1791362975.9752033,0.013297467026859522,1,0,
e2b,concurrency,128,17,exec_true,1791362975.9792287,0.01112816494423896,1,0,
e2b,concurrency,128,62,exec_true,1791362975.9816413,0.010176095995120704,1,0,
e2b,concurrency,128,25,exec_true,1791362975.983555,0.01249405404087156,1,0,
e2b,concurrency,128,73,exec_true,1791362975.9858458,0.011073180940002203,1,0,
e2b,concurrency,128,96,exec_true,1791362975.9850023,0.01209853298496455,1,0,
e2b,concurrency,128,95,exec_true,1791362975.9842737,0.013030227972194552,1,0,
e2b,concurrency,128,126,exec_true,1791362975.981921,0.01601309992838651,1,0,
e2b,concurrency,128,79,exec_true,1791362975.9885097,0.011824592016637325,1,0,
e2b,concurrency,128,17,exec_true,1791362975.990367,0.013191774021834135,1,0,
e2b,concurrency,128,95,exec_true,1791362975.9973118,0.012495028087869287,1,0,
e2b,concurrency,128,96,exec_true,1791362975.997109,0.013351771049201488,1,0,
e2b,concurrency,128,73,exec_true,1791362975.996928,0.013703200034797192,1,0,
e2b,concurrency,128,126,exec_true,1791362975.997943,0.013212371966801584,1,0,
e2b,concurrency,128,25,exec_true,1791362975.996059,0.016816445044241846,1,0,
e2b,concurrency,128,62,exec_true,1791362975.9918268,0.02245886204764247,1,0,
e2b,concurrency,128,32,start,1791362974.239817,1.7795812099939212,1,0,
e2b,concurrency,128,79,exec_true,1791362976.0003448,0.019628897891379893,1,0,
e2b,concurrency,128,17,exec_true,1791362976.00357,0.017790158046409488,1,0,
e2b,concurrency,128,95,exec_true,1791362976.0098157,0.011721877031959593,1,0,
e2b,concurrency,128,96,exec_true,1791362976.0104697,0.011210266966372728,1,0,
e2b,concurrency,128,126,exec_true,1791362976.0111642,0.01115130097605288,1,0,
e2b,concurrency,128,122,start,1791362974.408642,1.6156856380403042,1,0,
e2b,concurrency,128,73,exec_true,1791362976.0106392,0.014388813986442983,1,0,
e2b,concurrency,128,0,start,1791362974.1756327,1.851092972094193,1,0,
e2b,concurrency,128,62,exec_true,1791362976.0142949,0.01266141701489687,1,0,
e2b,concurrency,128,79,exec_true,1791362976.0199828,0.009023808990605175,1,0,
e2b,concurrency,128,95,exec_true,1791362976.0215466,0.013502361020073295,1,0,
e2b,concurrency,128,126,exec_true,1791362976.0223243,0.014676010003313422,1,0,
e2b,concurrency,128,96,exec_true,1791362976.0216875,0.015861639054492116,1,0,
e2b,concurrency,128,62,exec_true,1791362976.026965,0.011772413039579988,1,0,
e2b,concurrency,128,73,exec_true,1791362976.0250378,0.013867105008102953,1,0,
e2b,concurrency,128,17,exec_true,1791362976.02137,0.018764693988487124,1,0,
e2b,concurrency,128,32,exec_true,1791362976.0194068,0.02204138389788568,1,0,
e2b,concurrency,128,95,exec_true,1791362976.0350587,0.008520680945366621,1,0,
e2b,concurrency,128,79,exec_true,1791362976.0290163,0.016269076033495367,1,0,
e2b,concurrency,128,126,exec_true,1791362976.0370095,0.008451156900264323,1,0,
e2b,concurrency,128,62,exec_true,1791362976.0387464,0.009778484934940934,1,0,
e2b,concurrency,128,96,exec_true,1791362976.037558,0.015107888029888272,1,0,
e2b,concurrency,128,17,exec_true,1791362976.0401437,0.012702384032309055,1,0,
e2b,concurrency,128,73,exec_true,1791362976.038913,0.014085482922382653,1,0,
e2b,concurrency,128,0,exec_true,1791362976.0267365,0.026921784970909357,1,0,
e2b,concurrency,128,32,exec_true,1791362976.0414574,0.013300382066518068,1,0,
e2b,concurrency,128,95,exec_true,1791362976.0435889,0.011338890995830297,1,0,
e2b,concurrency,128,122,exec_true,1791362976.0243378,0.03202306304592639,1,0,
e2b,concurrency,128,62,exec_true,1791362976.048534,0.009260346996597946,1,0,
e2b,concurrency,128,126,exec_true,1791362976.0454686,0.013905593077652156,1,0,
e2b,concurrency,128,79,exec_true,1791362976.045295,0.014590121107175946,1,0,
e2b,concurrency,128,73,exec_true,1791362976.053006,0.00982392590958625,1,0,
e2b,concurrency,128,96,exec_true,1791362976.0526752,0.010731779038906097,1,0,
e2b,concurrency,128,0,exec_true,1791362976.0536668,0.009927610051818192,1,0,
e2b,concurrency,128,17,exec_true,1791362976.052854,0.010882821981795132,1,0,
e2b,concurrency,128,95,exec_true,1791362976.0549362,0.010649947915226221,1,0,
e2b,concurrency,128,32,exec_true,1791362976.0547671,0.010989713948220015,1,0,
e2b,concurrency,128,122,exec_true,1791362976.0563715,0.0105782609898597,1,0,
e2b,concurrency,128,62,exec_true,1791362976.0578058,0.00952219299506396,1,0,
e2b,concurrency,128,126,exec_true,1791362976.0593834,0.009182971902191639,1,0,
e2b,concurrency,128,79,exec_true,1791362976.0598943,0.00987104803789407,1,0,
e2b,concurrency,128,17,exec_true,1791362976.0637445,0.008763203048147261,1,0,
e2b,concurrency,128,96,exec_true,1791362976.0634162,0.009645747020840645,1,0,
e2b,concurrency,128,73,exec_true,1791362976.0630145,0.01114310696721077,1,0,
e2b,concurrency,128,32,exec_true,1791362976.065765,0.009420065907761455,1,0,
e2b,concurrency,128,95,exec_true,1791362976.0655954,0.009869639994576573,1,0,
e2b,concurrency,128,0,exec_true,1791362976.0636027,0.012734106974676251,1,0,
e2b,concurrency,128,62,exec_true,1791362976.0673373,0.009990611928515136,1,0,
e2b,concurrency,128,126,exec_true,1791362976.0685754,0.0094318789197132,1,0,
e2b,concurrency,128,115,stop,1791362975.8975825,0.1818945879349485,1,0,
e2b,concurrency,128,33,stop,1791362975.915041,0.16459039598703384,1,0,
e2b,concurrency,128,79,exec_true,1791362976.0697744,0.010686753084883094,1,0,
e2b,concurrency,128,122,exec_true,1791362976.0669591,0.01390147500205785,1,0,
e2b,concurrency,128,96,exec_true,1791362976.0730708,0.00962274696212262,1,0,
e2b,concurrency,128,17,exec_true,1791362976.072517,0.011627983069047332,1,0,
e2b,concurrency,128,73,exec_true,1791362976.0741663,0.011996979010291398,1,0,
e2b,concurrency,128,32,exec_true,1791362976.075194,0.012284550000913441,1,0,
e2b,concurrency,128,18,start,1791362974.2126658,1.8778489079559222,1,0,
e2b,concurrency,128,62,exec_true,1791362976.0773368,0.01368147402536124,1,0,
e2b,concurrency,128,126,exec_true,1791362976.0780163,0.014579664915800095,1,0,
e2b,concurrency,128,0,exec_true,1791362976.076346,0.016671463032253087,1,0,
e2b,concurrency,128,42,start,1791362974.2587721,1.835354191949591,1,0,
e2b,concurrency,128,79,exec_true,1791362976.0804706,0.014545468031428754,1,0,
e2b,concurrency,128,122,exec_true,1791362976.0808694,0.015092515968717635,1,0,
e2b,concurrency,128,17,exec_true,1791362976.084154,0.01799858792219311,1,0,
e2b,concurrency,128,32,exec_true,1791362976.0874877,0.0242848910856992,1,0,
e2b,concurrency,128,122,exec_true,1791362976.0959709,0.016287537990137935,1,0,
e2b,concurrency,128,0,exec_true,1791362976.0930257,0.01964052300900221,1,0,
e2b,concurrency,128,18,exec_true,1791362976.0905237,0.023029681062325835,1,0,
e2b,concurrency,128,25,stop,1791362976.0128846,0.10590744705405086,1,0,
e2b,concurrency,128,92,start,1791362974.3523462,1.7690721869003028,1,0,
e2b,concurrency,128,0,exec_true,1791362976.1126752,0.011803146917372942,1,0,
e2b,concurrency,128,122,exec_true,1791362976.1122673,0.013489968958310783,1,0,
e2b,concurrency,128,32,exec_true,1791362976.111782,0.01453524804674089,1,0,
e2b,concurrency,128,79,stop,1791362976.0950253,0.03234312206041068,1,0,
e2b,concurrency,128,96,stop,1791362976.082703,0.04484405799303204,1,0,
e2b,concurrency,128,42,exec_true,1791362976.0941346,0.034216840052977204,1,0,
e2b,concurrency,128,18,exec_true,1791362976.1135626,0.01616704009938985,1,0,
e2b,concurrency,128,62,stop,1791362976.0910273,0.041923744953237474,1,0,
e2b,concurrency,128,0,exec_true,1791362976.1244874,0.01076553703751415,1,0,
e2b,concurrency,128,122,exec_true,1791362976.1257665,0.010484711034223437,1,0,
e2b,concurrency,128,32,exec_true,1791362976.1263263,0.01027662807609886,1,0,
e2b,concurrency,128,42,exec_true,1791362976.1283605,0.009056750102899969,1,0,
e2b,concurrency,128,18,exec_true,1791362976.1297388,0.009299131925217807,1,0,
e2b,concurrency,128,92,exec_true,1791362976.1214263,0.019040156970731914,1,0,
e2b,concurrency,128,32,exec_true,1791362976.1366117,0.00870185298845172,1,0,
e2b,concurrency,128,0,exec_true,1791362976.135262,0.010793291963636875,1,0,
e2b,concurrency,128,122,exec_true,1791362976.13626,0.010826195939444005,1,0,
e2b,concurrency,128,42,exec_true,1791362976.137426,0.01081815198995173,1,0,
e2b,concurrency,128,18,exec_true,1791362976.139047,0.010163478902541101,1,0,
e2b,concurrency,128,92,exec_true,1791362976.140476,0.010965976980514824,1,0,
e2b,concurrency,128,32,exec_true,1791362976.145324,0.0077934779692441225,1,0,
e2b,concurrency,128,42,exec_true,1791362976.1482546,0.014167952933348715,1,0,
e2b,concurrency,128,0,exec_true,1791362976.1460648,0.016987944953143597,1,0,
e2b,concurrency,128,122,exec_true,1791362976.1470976,0.016135990037582815,1,0,
e2b,concurrency,128,18,exec_true,1791362976.1492224,0.01954827003646642,1,0,
e2b,concurrency,128,92,exec_true,1791362976.1514537,0.0174998709699139,1,0,
e2b,concurrency,128,42,exec_true,1791362976.1624324,0.010126628912985325,1,0,
e2b,concurrency,128,122,exec_true,1791362976.1632423,0.00995935290120542,1,0,
e2b,concurrency,128,0,exec_true,1791362976.1630626,0.01173916703555733,1,0,
e2b,concurrency,128,18,exec_true,1791362976.16878,0.007720761001110077,1,0,
e2b,concurrency,128,92,exec_true,1791362976.1689618,0.008824363932944834,1,0,
e2b,concurrency,128,42,exec_true,1791362976.1725683,0.008450521971099079,1,0,
e2b,concurrency,128,18,exec_true,1791362976.17651,0.008570100995711982,1,0,
e2b,concurrency,128,92,exec_true,1791362976.1777956,0.009808253962546587,1,0,
e2b,concurrency,128,42,exec_true,1791362976.1810277,0.009719099965877831,1,0,
e2b,concurrency,128,18,exec_true,1791362976.185089,0.009561905055306852,1,0,
e2b,concurrency,128,92,exec_true,1791362976.187613,0.009647324914112687,1,0,
e2b,concurrency,128,42,exec_true,1791362976.1907558,0.010636760969646275,1,0,
e2b,concurrency,128,68,stop,1791362975.880685,0.3231202659662813,1,0,
e2b,concurrency,128,18,exec_true,1791362976.19466,0.009204725036397576,1,0,
e2b,concurrency,128,95,stop,1791362976.075474,0.13143372593913227,1,0,
e2b,concurrency,128,78,start,1791362974.326427,1.88161979499273,1,0,
e2b,concurrency,128,92,exec_true,1791362976.197269,0.01369803596753627,1,0,
e2b,concurrency,128,126,stop,1791362976.0926049,0.12010309100151062,1,0,
e2b,concurrency,128,73,stop,1791362976.0861726,0.126717155915685,1,0,
e2b,concurrency,128,42,exec_true,1791362976.2014022,0.01205423497594893,1,0,
e2b,concurrency,128,117,start,1791362974.3993528,1.8164322780212387,1,0,
e2b,concurrency,128,32,stop,1791362976.1531284,0.06350691500119865,1,0,
e2b,concurrency,128,0,stop,1791362976.174811,0.04200342099647969,1,0,
e2b,concurrency,128,64,start,1791362974.2997642,1.918122724047862,1,0,
e2b,concurrency,128,18,exec_true,1791362976.2038717,0.014930082950741053,1,0,
e2b,concurrency,128,1,start,1791362974.1778517,2.042373472941108,1,0,
e2b,concurrency,128,47,start,1791362974.2681797,1.9529875619336963,1,0,
e2b,concurrency,128,42,exec_true,1791362976.213465,0.012819053954444826,1,0,
e2b,concurrency,128,92,exec_true,1791362976.2109783,0.017490586964413524,1,0,
e2b,concurrency,128,92,exec_true,1791362976.2284782,0.01018213399220258,1,0,
e2b,concurrency,128,78,exec_true,1791362976.2080576,0.032504279050044715,1,0,
e2b,concurrency,128,122,stop,1791362976.1732109,0.06868296500761062,1,0,
e2b,concurrency,128,47,exec_true,1791362976.221176,0.02086903597228229,1,0,
e2b,concurrency,128,64,exec_true,1791362976.2178965,0.02533860900439322,1,0,
e2b,concurrency,128,1,exec_true,1791362976.2202334,0.026689094956964254,1,0,
e2b,concurrency,128,117,exec_true,1791362976.215793,0.0313086569076404,1,0,
e2b,concurrency,128,17,stop,1791362976.1021621,0.1453209249302745,1,0,
e2b,concurrency,128,92,exec_true,1791362976.2386696,0.009355689049698412,1,0,
e2b,concurrency,128,78,exec_true,1791362976.2405715,0.013118195929564536,1,0,
e2b,concurrency,128,47,exec_true,1791362976.2420528,0.012184437946416438,1,0,
e2b,concurrency,128,64,exec_true,1791362976.2432442,0.011347568943165243,1,0,
e2b,concurrency,128,1,exec_true,1791362976.2469325,0.012922851019538939,1,0,
e2b,concurrency,128,117,exec_true,1791362976.24711,0.013558414997532964,1,0,
e2b,concurrency,128,47,exec_true,1791362976.2542462,0.011304349987767637,1,0,
e2b,concurrency,128,64,exec_true,1791362976.2546005,0.012514675967395306,1,0,
e2b,concurrency,128,78,exec_true,1791362976.2536988,0.013920589000917971,1,0,
e2b,concurrency,128,117,exec_true,1791362976.2606788,0.014929783064872026,1,0,
e2b,concurrency,128,1,exec_true,1791362976.2598937,0.016139457933604717,1,0,
e2b,concurrency,128,64,exec_true,1791362976.2671247,0.015115849091671407,1,0,
e2b,concurrency,128,47,exec_true,1791362976.2655623,0.017877508071251214,1,0,
e2b,concurrency,128,78,exec_true,1791362976.267629,0.016004973906092346,1,0,
e2b,concurrency,128,117,exec_true,1791362976.2756183,0.0120289420010522,1,0,
e2b,concurrency,128,1,exec_true,1791362976.2760417,0.011776771978475153,1,0,
e2b,concurrency,128,47,exec_true,1791362976.2834492,0.011032023001462221,1,0,
e2b,concurrency,128,64,exec_true,1791362976.2822497,0.012804588070139289,1,0,
e2b,concurrency,128,78,exec_true,1791362976.283642,0.013535978039726615,1,0,
e2b,concurrency,128,117,exec_true,1791362976.2876563,0.010217129020020366,1,0,
e2b,concurrency,128,1,exec_true,1791362976.2878268,0.010443287901580334,1,0,
e2b,concurrency,128,22,start,1791362974.2204869,2.0792192390654236,1,0,
e2b,concurrency,128,47,exec_true,1791362976.29449,0.009207247057929635,1,0,
e2b,concurrency,128,50,start,1791362974.2737832,2.0324115339899436,1,0,
e2b,concurrency,128,64,exec_true,1791362976.2950633,0.011356267030350864,1,0,
e2b,concurrency,128,117,exec_true,1791362976.2978823,0.009807519032619894,1,0,
e2b,concurrency,128,78,exec_true,1791362976.2971869,0.010676085017621517,1,0,
e2b,concurrency,128,94,start,1791362974.3561482,1.952220998937264,1,0,
e2b,concurrency,128,1,exec_true,1791362976.2982786,0.01062276097945869,1,0,
e2b,concurrency,128,18,stop,1791362976.2188137,0.09396179195027798,1,0,
e2b,concurrency,128,42,stop,1791362976.2262945,0.08853824797552079,1,0,
e2b,concurrency,128,47,exec_true,1791362976.3037064,0.011980328941717744,1,0,
e2b,concurrency,128,64,exec_true,1791362976.306428,0.01802989502903074,1,0,
e2b,concurrency,128,117,exec_true,1791362976.3076987,0.017699940013699234,1,0,
e2b,concurrency,128,31,start,1791362974.2377486,2.0888716200133786,1,0,
e2b,concurrency,128,78,exec_true,1791362976.3078709,0.019162576994858682,1,0,
e2b,concurrency,128,1,exec_true,1791362976.3089104,0.018691083998419344,1,0,
e2b,concurrency,128,94,exec_true,1791362976.3083773,0.02077570604160428,1,0,
e2b,concurrency,128,92,stop,1791362976.2480347,0.08195579494349658,1,0,
e2b,concurrency,128,47,exec_true,1791362976.3156953,0.014808748965151608,1,0,
e2b,concurrency,128,22,exec_true,1791362976.2997146,0.031155158998444676,1,0,
e2b,concurrency,128,50,exec_true,1791362976.3062031,0.028558605001308024,1,0,
e2b,concurrency,128,64,exec_true,1791362976.324467,0.011047645937651396,1,0,
e2b,concurrency,128,117,exec_true,1791362976.3254082,0.01151153992395848,1,0,
e2b,concurrency,128,1,exec_true,1791362976.32761,0.009734063991345465,1,0,
e2b,concurrency,128,78,exec_true,1791362976.3270423,0.011479281005449593,1,0,
e2b,concurrency,128,47,exec_true,1791362976.3305135,0.01020556699950248,1,0,
e2b,concurrency,128,94,exec_true,1791362976.3291621,0.012682134052738547,1,0,
e2b,concurrency,128,64,exec_true,1791362976.3355238,0.009208864998072386,1,0,
e2b,concurrency,128,117,exec_true,1791362976.3369288,0.01042629696894437,1,0,
e2b,concurrency,128,50,exec_true,1791362976.334771,0.013247282011434436,1,0,
e2b,concurrency,128,22,exec_true,1791362976.3308785,0.017314304946921766,1,0,
e2b,concurrency,128,1,exec_true,1791362976.3373528,0.011714771972037852,1,0,
e2b,concurrency,128,78,exec_true,1791362976.3385308,0.011443154071457684,1,0,
e2b,concurrency,128,31,exec_true,1791362976.326629,0.024097241926938295,1,0,
e2b,concurrency,128,47,exec_true,1791362976.340728,0.011889028013683856,1,0,
e2b,concurrency,128,64,exec_true,1791362976.3447418,0.01017422298900783,1,0,
e2b,concurrency,128,94,exec_true,1791362976.3418534,0.013447868986986578,1,0,
e2b,concurrency,128,117,exec_true,1791362976.3473647,0.00903869909234345,1,0,
e2b,concurrency,128,1,exec_true,1791362976.3490765,0.010286411037668586,1,0,
e2b,concurrency,128,50,exec_true,1791362976.3480275,0.01242307503707707,1,0,
e2b,concurrency,128,78,exec_true,1791362976.3499827,0.01090902101714164,1,0,
e2b,concurrency,128,31,exec_true,1791362976.350735,0.011774769052863121,1,0,
e2b,concurrency,128,22,exec_true,1791362976.3482013,0.014708413043990731,1,0,
e2b,concurrency,128,22,exec_true,1791362976.3629184,0.012815945083275437,1,0,
e2b,concurrency,128,50,exec_true,1791362976.3604598,0.01678879396058619,1,0,
e2b,concurrency,128,94,exec_true,1791362976.35531,0.022460173000581563,1,0,
e2b,concurrency,128,31,exec_true,1791362976.3625185,0.016108753974549472,1,0,
e2b,concurrency,128,22,exec_true,1791362976.3757434,0.00878865597769618,1,0,
e2b,concurrency,128,74,start,1791362974.3190126,2.0673061489360407,1,0,
e2b,concurrency,128,14,start,1791362974.2040172,2.1830622099805623,1,0,
e2b,concurrency,128,50,exec_true,1791362976.377258,0.010297586093656719,1,0,
e2b,concurrency,128,94,exec_true,1791362976.3777792,0.010587329976260662,1,0,
e2b,concurrency,128,31,exec_true,1791362976.3786383,0.01058500399813056,1,0,
e2b,concurrency,128,78,stop,1791362976.360901,0.03474732197355479,1,0,
e2b,concurrency,128,47,stop,1791362976.3526268,0.04342582600656897,1,0,
e2b,concurrency,128,22,exec_true,1791362976.3845432,0.011636446928605437,1,0,
e2b,concurrency,128,117,stop,1791362976.3564131,0.04156319401226938,1,0,
e2b,concurrency,128,94,exec_true,1791362976.3883755,0.014491370995528996,1,0,
e2b,concurrency,128,31,exec_true,1791362976.3892324,0.015813498990610242,1,0,
e2b,concurrency,128,22,exec_true,1791362976.3961875,0.009031349909491837,1,0,
e2b,concurrency,128,50,exec_true,1791362976.387565,0.018481655046343803,1,0,
e2b,concurrency,128,74,exec_true,1791362976.386328,0.025364374974742532,1,0,
e2b,concurrency,128,94,exec_true,1791362976.4028761,0.009925569989718497,1,0,
e2b,concurrency,128,31,exec_true,1791362976.4050553,0.008875373052433133,1,0,
e2b,concurrency,128,22,exec_true,1791362976.405227,0.009306700900197029,1,0,
e2b,concurrency,128,14,exec_true,1791362976.3870876,0.027767019928433,1,0,
e2b,concurrency,128,50,exec_true,1791362976.406058,0.009354319074191153,1,0,
e2b,concurrency,128,74,exec_true,1791362976.4117038,0.017953331931494176,1,0,
e2b,concurrency,128,14,exec_true,1791362976.414863,0.01617716799955815,1,0,
e2b,concurrency,128,22,exec_true,1791362976.4145427,0.016670397017151117,1,0,
e2b,concurrency,128,94,exec_true,1791362976.412811,0.01854574598837644,1,0,
e2b,concurrency,128,50,exec_true,1791362976.415422,0.016069828998297453,1,0,
e2b,concurrency,128,31,exec_true,1791362976.4139397,0.018356598913669586,1,0,
e2b,concurrency,128,120,start,1791362974.4048586,2.028394708991982,1,0,
e2b,concurrency,128,38,start,1791362974.2512157,2.1832063669571653,1,0,
e2b,concurrency,128,4,start,1791362974.1838932,2.255293215974234,1,0,
e2b,concurrency,128,50,exec_true,1791362976.431499,0.01296574401203543,1,0,
e2b,concurrency,128,22,exec_true,1791362976.4312215,0.01391241094097495,1,0,
e2b,concurrency,128,14,exec_true,1791362976.431049,0.014473732910118997,1,0,
e2b,concurrency,128,94,exec_true,1791362976.431364,0.014816667069680989,1,0,
e2b,concurrency,128,31,exec_true,1791362976.4323053,0.014043951989151537,1,0,
e2b,concurrency,128,74,exec_true,1791362976.429667,0.017295201076194644,1,0,
e2b,concurrency,128,1,stop,1791362976.3593726,0.0914427429670468,1,0,
e2b,concurrency,128,64,stop,1791362976.3549254,0.10154210007749498,1,0,
e2b,concurrency,128,94,exec_true,1791362976.4461896,0.016256060102023184,1,0,
e2b,concurrency,128,38,exec_true,1791362976.4344304,0.028553052921779454,1,0,
e2b,concurrency,128,74,exec_true,1791362976.4469712,0.01736119296401739,1,0,
e2b,concurrency,128,120,exec_true,1791362976.433262,0.03123815404251218,1,0,
e2b,concurrency,128,31,exec_true,1791362976.4463575,0.018282398930750787,1,0,
e2b,concurrency,128,112,start,1791362974.3894825,2.0766943860799074,1,0,
e2b,concurrency,128,14,exec_true,1791362976.4455314,0.020859411102719605,1,0,
e2b,concurrency,128,50,exec_true,1791362976.4444745,0.022157330997288227,1,0,
e2b,concurrency,128,4,exec_true,1791362976.4391944,0.03096964000724256,1,0,
e2b,concurrency,128,38,exec_true,1791362976.4629927,0.009052366949617863,1,0,
e2b,concurrency,128,31,exec_true,1791362976.4646475,0.011499112006276846,1,0,
e2b,concurrency,128,74,exec_true,1791362976.4643414,0.012779288925230503,1,0,
e2b,concurrency,128,66,start,1791362974.3035145,2.174685469013639,1,0,
e2b,concurrency,128,120,exec_true,1791362976.464508,0.014332153950817883,1,0,
e2b,concurrency,128,14,exec_true,1791362976.466399,0.012847502017393708,1,0,
e2b,concurrency,128,38,exec_true,1791362976.4720542,0.008284633047878742,1,0,
e2b,concurrency,128,4,exec_true,1791362976.4701734,0.010824259952642024,1,0,
e2b,concurrency,128,74,exec_true,1791362976.4771326,0.01116164994891733,1,0,
e2b,concurrency,128,14,exec_true,1791362976.4792552,0.009972795960493386,1,0,
e2b,concurrency,128,94,stop,1791362976.4624555,0.027450663968920708,1,0,
e2b,concurrency,128,112,exec_true,1791362976.466212,0.0263166829245165,1,0,
e2b,concurrency,128,4,exec_true,1791362976.4810064,0.012798545067198575,1,0,
e2b,concurrency,128,38,exec_true,1791362976.4803479,0.013628141023218632,1,0,
e2b,concurrency,128,120,exec_true,1791362976.478849,0.016254597925581038,1,0,
e2b,concurrency,128,26,start,1791362974.228145,2.269477277994156,1,0,
e2b,concurrency,128,14,exec_true,1791362976.489237,0.009480406995862722,1,0,
e2b,concurrency,128,66,exec_true,1791362976.4782085,0.02232908399309963,1,0,
e2b,concurrency,128,74,exec_true,1791362976.488303,0.012854828964918852,1,0,
e2b,concurrency,128,120,exec_true,1791362976.4951124,0.012903691967949271,1,0,
e2b,concurrency,128,112,exec_true,1791362976.4925377,0.01570526894647628,1,0,
e2b,concurrency,128,4,exec_true,1791362976.493814,0.01460307789966464,1,0,
e2b,concurrency,128,38,exec_true,1791362976.493984,0.015177439898252487,1,0,
e2b,concurrency,128,74,exec_true,1791362976.5011668,0.011372110922820866,1,0,
e2b,concurrency,128,14,exec_true,1791362976.4987264,0.014295881963334978,1,0,
e2b,concurrency,128,22,stop,1791362976.4451432,0.07033006299752742,1,0,
e2b,concurrency,128,66,exec_true,1791362976.5005465,0.015203251037746668,1,0,
e2b,concurrency,128,38,exec_true,1791362976.5091705,0.012056134059093893,1,0,
e2b,concurrency,128,112,exec_true,1791362976.508252,0.013533278019167483,1,0,
e2b,concurrency,128,120,exec_true,1791362976.5080268,0.01489941996987909,1,0,
e2b,concurrency,128,26,exec_true,1791362976.4976301,0.025842432980425656,1,0,
e2b,concurrency,128,4,exec_true,1791362976.5084252,0.01588240498676896,1,0,
e2b,concurrency,128,74,exec_true,1791362976.5125506,0.014441209030337632,1,0,
e2b,concurrency,128,50,stop,1791362976.4666407,0.060589817934669554,1,0,
e2b,concurrency,128,66,exec_true,1791362976.5157588,0.01194832008332014,1,0,
e2b,concurrency,128,14,exec_true,1791362976.5130312,0.015019327984191477,1,0,
e2b,concurrency,128,38,exec_true,1791362976.5212362,0.00877183594275266,1,0,
e2b,concurrency,128,4,exec_true,1791362976.5243173,0.010159306926652789,1,0,
e2b,concurrency,128,120,exec_true,1791362976.5229366,0.012467161053791642,1,0,
e2b,concurrency,128,26,exec_true,1791362976.523504,0.013897468918003142,1,0,
e2b,concurrency,128,14,exec_true,1791362976.5280592,0.009583709063008428,1,0,
e2b,concurrency,128,112,exec_true,1791362976.521795,0.016644106013700366,1,0,
e2b,concurrency,128,74,exec_true,1791362976.5270014,0.011900195037014782,1,0,
e2b,concurrency,128,41,start,1791362974.2568855,2.282847251975909,1,0,
e2b,concurrency,128,38,exec_true,1791362976.5300171,0.01622230897191912,1,0,
e2b,concurrency,128,66,exec_true,1791362976.527716,0.0189667500089854,1,0,
e2b,concurrency,128,120,exec_true,1791362976.5354128,0.01241921097971499,1,0,
e2b,concurrency,128,4,exec_true,1791362976.5344858,0.013544619898311794,1,0,
e2b,concurrency,128,26,exec_true,1791362976.5374103,0.015160162933170795,1,0,
e2b,concurrency,128,31,stop,1791362976.4761574,0.08026687894016504,1,0,
e2b,concurrency,128,27,start,1791362974.2301714,2.326719615026377,1,0,
e2b,concurrency,128,30,start,1791362974.235846,2.3222916980739683,1,0,
e2b,concurrency,128,66,exec_true,1791362976.5466917,0.013622735044918954,1,0,
e2b,concurrency,128,120,exec_true,1791362976.5478418,0.012697053956799209,1,0,
e2b,concurrency,128,38,exec_true,1791362976.5462506,0.014508530963212252,1,0,
e2b,concurrency,128,4,exec_true,1791362976.5480394,0.013654123060405254,1,0,
e2b,concurrency,128,112,exec_true,1791362976.5384479,0.023429187014698982,1,0,
e2b,concurrency,128,26,exec_true,1791362976.5525799,0.012571918894536793,1,0,
e2b,concurrency,128,120,exec_true,1791362976.5605474,0.009599440963938832,1,0,
e2b,concurrency,128,41,exec_true,1791362976.539741,0.031152767944149673,1,0,
e2b,concurrency,128,4,exec_true,1791362976.5617032,0.010064320056699216,1,0,
e2b,concurrency,128,74,stop,1791362976.5389109,0.034154252032749355,1,0,
e2b,concurrency,128,38,exec_true,1791362976.5607672,0.01245974493212998,1,0,
e2b,concurrency,128,66,exec_true,1791362976.560325,0.013538068043999374,1,0,
e2b,concurrency,128,112,exec_true,1791362976.5618854,0.012354284059256315,1,0,
e2b,concurrency,128,26,exec_true,1791362976.5651639,0.011663406970910728,1,0,
e2b,concurrency,128,54,start,1791362974.281216,2.2968930809292942,1,0,
e2b,concurrency,128,120,exec_true,1791362976.570157,0.009094413020648062,1,0,
e2b,concurrency,128,4,exec_true,1791362976.5717804,0.01273126807063818,1,0,
e2b,concurrency,128,41,exec_true,1791362976.570903,0.014300883049145341,1,0,
e2b,concurrency,128,30,exec_true,1791362976.558146,0.02728375408332795,1,0,
e2b,concurrency,128,66,exec_true,1791362976.573872,0.013045678962953389,1,0,
e2b,concurrency,128,27,exec_true,1791362976.5568998,0.030532242031767964,1,0,
e2b,concurrency,128,26,exec_true,1791362976.5768378,0.018203046056441963,1,0,
e2b,concurrency,128,112,exec_true,1791362976.5742493,0.021926247980445623,1,0,
e2b,concurrency,128,41,exec_true,1791362976.585215,0.011614662944339216,1,0,
e2b,concurrency,128,66,exec_true,1791362976.5869305,0.015273535042069852,1,0,
e2b,concurrency,128,30,exec_true,1791362976.5854383,0.017989988904446363,1,0,
e2b,concurrency,128,27,exec_true,1791362976.5874412,0.01694446406327188,1,0,
e2b,concurrency,128,112,exec_true,1791362976.5961847,0.009270614944398403,1,0,
e2b,concurrency,128,26,exec_true,1791362976.5950513,0.011117922025732696,1,0,
e2b,concurrency,128,54,exec_true,1791362976.5781198,0.028448340948671103,1,0,
e2b,concurrency,128,41,exec_true,1791362976.596839,0.010711361072026193,1,0,
e2b,concurrency,128,66,exec_true,1791362976.6022155,0.010369281051680446,1,0,
e2b,concurrency,128,30,exec_true,1791362976.6034393,0.010069234063848853,1,0,
e2b,concurrency,128,26,exec_true,1791362976.6061785,0.009143278002738953,1,0,
e2b,concurrency,128,112,exec_true,1791362976.6054652,0.010028186021372676,1,0,
e2b,concurrency,128,27,exec_true,1791362976.6043947,0.011779497959651053,1,0,
e2b,concurrency,128,54,exec_true,1791362976.606577,0.011693633045069873,1,0,
e2b,concurrency,128,41,exec_true,1791362976.6075597,0.014136661076918244,1,0,
e2b,concurrency,128,66,exec_true,1791362976.6125941,0.01012216997332871,1,0,
e2b,concurrency,128,26,exec_true,1791362976.6153312,0.009814903023652732,1,0,
e2b,concurrency,128,112,exec_true,1791362976.6155014,0.011051948997192085,1,0,
e2b,concurrency,128,30,exec_true,1791362976.6135173,0.013627970009110868,1,0,
e2b,concurrency,128,27,exec_true,1791362976.616183,0.011197887011803687,1,0,
e2b,concurrency,128,14,stop,1791362976.5376515,0.09216637199278921,1,0,
e2b,concurrency,128,54,exec_true,1791362976.6182806,0.01323830895125866,1,0,
e2b,concurrency,128,26,exec_true,1791362976.6251566,0.009469148004427552,1,0,
e2b,concurrency,128,37,start,1791362974.2493594,2.3875015729572624,1,0,
e2b,concurrency,128,41,exec_true,1791362976.621708,0.016409637988545,1,0,
e2b,concurrency,128,27,exec_true,1791362976.6273892,0.011793556972406805,1,0,
e2b,concurrency,128,120,stop,1791362976.5792623,0.062463721027597785,1,0,
e2b,concurrency,128,9,start,1791362974.1940196,2.4485557939624414,1,0,
e2b,concurrency,128,30,exec_true,1791362976.6271546,0.01640135992784053,1,0,
e2b,concurrency,128,54,exec_true,1791362976.6315284,0.013973581022582948,1,0,
e2b,concurrency,128,38,stop,1791362976.5732362,0.07367574796080589,1,0,
e2b,concurrency,128,4,stop,1791362976.5845213,0.06575691897887737,1,0,
e2b,concurrency,128,51,start,1791362974.275604,2.3752506320597604,1,0,
e2b,concurrency,128,36,start,1791362974.247326,2.404431059025228,1,0,
e2b,concurrency,128,41,exec_true,1791362976.6381261,0.019083883031271398,1,0,
e2b,concurrency,128,27,exec_true,1791362976.6391935,0.018537430907599628,1,0,
e2b,concurrency,128,66,stop,1791362976.6227262,0.04143484402447939,1,0,
e2b,concurrency,128,30,exec_true,1791362976.643566,0.020684490096755326,1,0,
e2b,concurrency,128,54,exec_true,1791362976.6455112,0.01891615998465568,1,0,
e2b,concurrency,128,112,stop,1791362976.626565,0.03883741702884436,1,0,
e2b,concurrency,128,37,exec_true,1791362976.636869,0.028777055093087256,1,0,
e2b,concurrency,128,41,exec_true,1791362976.6572196,0.01186120102647692,1,0,
e2b,concurrency,128,27,exec_true,1791362976.65774,0.011781919980421662,1,0,
e2b,concurrency,128,9,exec_true,1791362976.642709,0.03059981600381434,1,0,
e2b,concurrency,128,51,exec_true,1791362976.6508641,0.022936885943636298,1,0,
e2b,concurrency,128,54,exec_true,1791362976.664435,0.010876424959860742,1,0,
e2b,concurrency,128,30,exec_true,1791362976.6642578,0.01122853101696819,1,0,
e2b,concurrency,128,36,exec_true,1791362976.6517677,0.024925875011831522,1,0,
e2b,concurrency,128,37,exec_true,1791362976.6656537,0.011402314063161612,1,0,
e2b,concurrency,128,26,stop,1791362976.6346357,0.043712614104151726,1,0,
e2b,concurrency,128,41,exec_true,1791362976.6690893,0.009838129975832999,1,0,
e2b,concurrency,128,27,exec_true,1791362976.6695306,0.010576336993835866,1,0,
e2b,concurrency,128,54,exec_true,1791362976.6753204,0.009452649974264205,1,0,
e2b,concurrency,128,30,exec_true,1791362976.6754944,0.009452039026655257,1,0,
e2b,concurrency,128,51,exec_true,1791362976.6738102,0.011671031010337174,1,0,
e2b,concurrency,128,9,exec_true,1791362976.6733181,0.013254879042506218,1,0,
e2b,concurrency,128,36,exec_true,1791362976.6767025,0.010946202906779945,1,0,
e2b,concurrency,128,41,exec_true,1791362976.6789386,0.009404849959537387,1,0,
e2b,concurrency,128,37,exec_true,1791362976.677065,0.015018078032881021,1,0,
e2b,concurrency,128,27,exec_true,1791362976.6801188,0.01214427500963211,1,0,
e2b,concurrency,128,30,exec_true,1791362976.6849546,0.00816362292971462,1,0,
e2b,concurrency,128,54,exec_true,1791362976.6847825,0.009457717998884618,1,0,
e2b,concurrency,128,51,exec_true,1791362976.6854904,0.009866736945696175,1,0,
e2b,concurrency,128,9,exec_true,1791362976.6865823,0.013659953023307025,1,0,
e2b,concurrency,128,36,exec_true,1791362976.687658,0.012762367026880383,1,0,
e2b,concurrency,128,37,exec_true,1791362976.6920924,0.009850136004388332,1,0,
e2b,concurrency,128,30,exec_true,1791362976.6931274,0.00903840409591794,1,0,
e2b,concurrency,128,27,exec_true,1791362976.692271,0.010868126060813665,1,0,
e2b,concurrency,128,54,exec_true,1791362976.6942503,0.009435215964913368,1,0,
e2b,concurrency,128,51,exec_true,1791362976.695368,0.009489719988778234,1,0,
e2b,concurrency,128,9,exec_true,1791362976.7002516,0.010238899965770543,1,0,
e2b,concurrency,128,54,exec_true,1791362976.7036953,0.012154637021012604,1,0,
e2b,concurrency,128,36,exec_true,1791362976.7004282,0.016259032068774104,1,0,
e2b,concurrency,128,37,exec_true,1791362976.701952,0.01614792097825557,1,0,
e2b,concurrency,128,51,exec_true,1791362976.7048664,0.01556362200062722,1,0,
e2b,concurrency,128,9,exec_true,1791362976.7104998,0.012430754024535418,1,0,
e2b,concurrency,128,36,exec_true,1791362976.7166967,0.009854026953689754,1,0,
e2b,concurrency,128,37,exec_true,1791362976.718109,0.009086236939765513,1,0,
e2b,concurrency,128,51,exec_true,1791362976.720439,0.008880799054168165,1,0,
e2b,concurrency,128,9,exec_true,1791362976.72294,0.01192841597367078,1,0,
e2b,concurrency,128,37,exec_true,1791362976.7272043,0.008663010085001588,1,0,
e2b,concurrency,128,36,exec_true,1791362976.7265596,0.010061700944788754,1,0,
e2b,concurrency,128,51,exec_true,1791362976.729329,0.014182420913130045,1,0,
e2b,concurrency,128,9,exec_true,1791362976.734877,0.009625023929402232,1,0,
e2b,concurrency,128,37,exec_true,1791362976.7358768,0.00969046400859952,1,0,
e2b,concurrency,128,36,exec_true,1791362976.7366304,0.009114327025599778,1,0,
e2b,concurrency,128,77,start,1791362974.3245745,2.427207018015906,1,0,
e2b,concurrency,128,21,start,1791362974.2186022,2.5346455039689317,1,0,
e2b,concurrency,128,116,start,1791362974.3969686,2.357843673089519,1,0,
e2b,concurrency,128,9,exec_true,1791362976.7445135,0.011175254010595381,1,0,
e2b,concurrency,128,51,exec_true,1791362976.7435222,0.01277416106313467,1,0,
e2b,concurrency,128,54,stop,1791362976.71586,0.043948635924607515,1,0,
e2b,concurrency,128,30,stop,1791362976.7021742,0.05859229899942875,1,0,
e2b,concurrency,128,55,start,1791362974.2830567,2.4802669099299237,1,0,
e2b,concurrency,128,59,start,1791362974.2904365,2.473959187977016,1,0,
e2b,concurrency,128,27,stop,1791362976.703149,0.06210702995304018,1,0,
e2b,concurrency,128,41,stop,1791362976.6883535,0.07697283301968127,1,0,
e2b,concurrency,128,37,exec_true,1791362976.7455766,0.021628614980727434,1,0,
e2b,concurrency,128,36,exec_true,1791362976.7457533,0.022213286953046918,1,0,
e2b,concurrency,128,51,exec_true,1791362976.756306,0.011839936953037977,1,0,
e2b,concurrency,128,9,exec_true,1791362976.7556977,0.012850553961470723,1,0,
e2b,concurrency,128,77,exec_true,1791362976.7517898,0.023562001064419746,1,0,
e2b,concurrency,128,21,exec_true,1791362976.7532573,0.025496483081951737,1,0,
e2b,concurrency,128,116,exec_true,1791362976.7548223,0.026512047043070197,1,0,
e2b,concurrency,128,37,exec_true,1791362976.7672143,0.016199507983401418,1,0,
e2b,concurrency,128,9,exec_true,1791362976.768557,0.016545902006328106,1,0,
e2b,concurrency,128,51,exec_true,1791362976.7681541,0.017502882052212954,1,0,
e2b,concurrency,128,36,exec_true,1791362976.767976,0.01906779408454895,1,0,
e2b,concurrency,128,77,exec_true,1791362976.775361,0.012311646016314626,1,0,
e2b,concurrency,128,21,exec_true,1791362976.7787628,0.00966541504021734,1,0,
e2b,concurrency,128,116,exec_true,1791362976.781343,0.008936750935390592,1,0,
e2b,concurrency,128,55,exec_true,1791362976.7633321,0.028381546959280968,1,0,
e2b,concurrency,128,59,exec_true,1791362976.7644043,0.028735221014358103,1,0,
e2b,concurrency,128,21,exec_true,1791362976.7884376,0.008834985084831715,1,0,
e2b,concurrency,128,36,exec_true,1791362976.7870548,0.011156809981912374,1,0,
e2b,concurrency,128,77,exec_true,1791362976.7876818,0.012954337988048792,1,0,
e2b,concurrency,128,116,exec_true,1791362976.79029,0.01090630202088505,1,0,
e2b,concurrency,128,55,exec_true,1791362976.7917247,0.010550537961535156,1,0,
e2b,concurrency,128,59,exec_true,1791362976.793149,0.012204120983369648,1,0,
e2b,concurrency,128,21,exec_true,1791362976.7972834,0.008838757988996804,1,0,
e2b,concurrency,128,77,exec_true,1791362976.8006456,0.015545110101811588,1,0,
e2b,concurrency,128,116,exec_true,1791362976.801206,0.01560714200604707,1,0,
e2b,concurrency,128,55,exec_true,1791362976.8022842,0.015023602987639606,1,0,
e2b,concurrency,128,59,exec_true,1791362976.8053622,0.015527512994594872,1,0,
e2b,concurrency,128,21,exec_true,1791362976.8061314,0.01547747291624546,1,0,
e2b,concurrency,128,55,exec_true,1791362976.817317,0.009516139049082994,1,0,
e2b,concurrency,128,111,start,1791362974.38761,2.440995344892144,1,0,
e2b,concurrency,128,59,exec_true,1791362976.8208988,0.008327636984176934,1,0,
e2b,concurrency,128,77,exec_true,1791362976.8162007,0.013239268912002444,1,0,
e2b,concurrency,128,36,stop,1791362976.7982237,0.032362180063501,1,0,
e2b,concurrency,128,9,stop,1791362976.7851133,0.04639753804076463,1,0,
e2b,concurrency,128,21,exec_true,1791362976.821618,0.010314385988749564,1,0,
e2b,concurrency,128,116,exec_true,1791362976.8168223,0.015405184007249773,1,0,
e2b,concurrency,128,99,start,1791362974.3653643,2.4679261839482933,1,0,
e2b,concurrency,128,77,exec_true,1791362976.8294482,0.01199826505035162,1,0,
e2b,concurrency,128,59,exec_true,1791362976.8292358,0.01244196598418057,1,0,
e2b,concurrency,128,55,exec_true,1791362976.8268423,0.015178087051026523,1,0,
e2b,concurrency,128,21,exec_true,1791362976.8319414,0.017035654978826642,1,0,
e2b,concurrency,128,102,start,1791362974.3709745,2.479179943096824,1,0,
e2b,concurrency,128,116,exec_true,1791362976.832236,0.019533106009475887,1,0,
e2b,concurrency,128,20,start,1791362974.2165184,2.6359936400549486,1,0,
e2b,concurrency,128,77,exec_true,1791362976.8415027,0.0116200209595263,1,0,
e2b,concurrency,128,55,exec_true,1791362976.8420296,0.011766050010919571,1,0,
e2b,concurrency,128,59,exec_true,1791362976.8416862,0.01249923394061625,1,0,
e2b,concurrency,128,111,exec_true,1791362976.8286135,0.033864349010400474,1,0,
e2b,concurrency,128,99,exec_true,1791362976.833299,0.029446906060911715,1,0,
e2b,concurrency,128,21,exec_true,1791362976.8489864,0.013918651035055518,1,0,
e2b,concurrency,128,116,exec_true,1791362976.851779,0.012396333971992135,1,0,
e2b,concurrency,128,51,stop,1791362976.7856688,0.07875172002241015,1,0,
e2b,concurrency,128,77,exec_true,1791362976.8531318,0.011386555037461221,1,0,
e2b,concurrency,128,37,stop,1791362976.7834246,0.08473688596859574,1,0,
e2b,concurrency,128,55,exec_true,1791362976.8538048,0.014869800070300698,1,0,
e2b,concurrency,128,59,exec_true,1791362976.8541944,0.015896694036200643,1,0,
e2b,concurrency,128,99,exec_true,1791362976.8627543,0.008309670025482774,1,0,
e2b,concurrency,128,21,exec_true,1791362976.8629127,0.009128181962296367,1,0,
e2b,concurrency,128,116,exec_true,1791362976.864185,0.009481542045250535,1,0,
e2b,concurrency,128,20,exec_true,1791362976.8525207,0.022090571001172066,1,0,
e2b,concurrency,128,111,exec_true,1791362976.8624878,0.012367228046059608,1,0,
e2b,concurrency,128,77,exec_true,1791362976.8645258,0.011197322979569435,1,0,
e2b,concurrency,128,102,exec_true,1791362976.8501627,0.025992432958446443,1,0,
e2b,concurrency,128,55,exec_true,1791362976.8686838,0.010033095022663474,1,0,
e2b,concurrency,128,59,exec_true,1791362976.8701005,0.010463739978149533,1,0,
e2b,concurrency,128,21,exec_true,1791362976.8720503,0.010098260012455285,1,0,
e2b,concurrency,128,116,exec_true,1791362976.8736773,0.009331378038041294,1,0,
e2b,concurrency,128,111,exec_true,1791362976.8748634,0.009297729935497046,1,0,
e2b,concurrency,128,55,exec_true,1791362976.8787262,0.008216493995860219,1,0,
e2b,concurrency,128,77,exec_true,1791362976.875732,0.012670198921114206,1,0,
e2b,concurrency,128,20,exec_true,1791362976.8746228,0.014255133923143148,1,0,
e2b,concurrency,128,99,exec_true,1791362976.8710732,0.01847852603532374,1,0,
e2b,concurrency,128,102,exec_true,1791362976.8761642,0.013554873992688954,1,0,
e2b,concurrency,128,59,exec_true,1791362976.8805733,0.010062095010653138,1,0,
e2b,concurrency,128,111,exec_true,1791362976.8841705,0.012428079964593053,1,0,
e2b,concurrency,128,116,exec_true,1791362976.8830183,0.013987765065394342,1,0,
e2b,concurrency,128,102,exec_true,1791362976.8897266,0.015693364082835615,1,0,
e2b,concurrency,128,20,exec_true,1791362976.8888865,0.016711066011339426,1,0,
e2b,concurrency,128,55,exec_true,1791362976.886952,0.019287327071651816,1,0,
e2b,concurrency,128,99,exec_true,1791362976.889561,0.017070680973120034,1,0,
e2b,concurrency,128,59,exec_true,1791362976.8906443,0.01620123302564025,1,0,
e2b,concurrency,128,111,exec_true,1791362976.8966076,0.02015633403789252,1,0,
e2b,concurrency,128,20,exec_true,1791362976.9056058,0.01134444901254028,1,0,
e2b,concurrency,128,99,exec_true,1791362976.90664,0.011954274028539658,1,0,
e2b,concurrency,128,102,exec_true,1791362976.9054298,0.014257243950851262,1,0,
e2b,concurrency,128,49,start,1791362974.2719228,2.6485493790823966,1,0,
e2b,concurrency,128,6,start,1791362974.1880643,2.7333260050509125,1,0,
e2b,concurrency,128,58,start,1791362974.2886515,2.6332469700137153,1,0,
e2b,concurrency,128,99,exec_true,1791362976.9186034,0.008022472029551864,1,0,
e2b,concurrency,128,20,exec_true,1791362976.9169586,0.01299849699717015,1,0,
e2b,concurrency,128,111,exec_true,1791362976.9167733,0.01348937104921788,1,0,
e2b,concurrency,128,102,exec_true,1791362976.9196959,0.011787437018938363,1,0,
e2b,concurrency,128,99,exec_true,1791362976.9266355,0.009380558971315622,1,0,
e2b,concurrency,128,77,stop,1791362976.888412,0.04845092003233731,1,0,
e2b,concurrency,128,20,exec_true,1791362976.9299664,0.009303548955358565,1,0,
e2b,concurrency,128,111,exec_true,1791362976.9302716,0.009175314917229116,1,0,
e2b,concurrency,128,55,stop,1791362976.9062483,0.034928770968690515,1,0,
e2b,concurrency,128,102,exec_true,1791362976.9314926,0.010117999976500869,1,0,
e2b,concurrency,128,58,exec_true,1791362976.921907,0.025099732913076878,1,0,
e2b,concurrency,128,6,exec_true,1791362976.9213989,0.026241701911203563,1,0,
e2b,concurrency,128,20,exec_true,1791362976.939279,0.010011420003138483,1,0,
e2b,concurrency,128,111,exec_true,1791362976.939455,0.010075349011458457,1,0,
e2b,concurrency,128,49,exec_true,1791362976.9204807,0.029201515018939972,1,0,
e2b,concurrency,128,99,exec_true,1791362976.9360254,0.015037334989756346,1,0,
e2b,concurrency,128,102,exec_true,1791362976.9416192,0.014476164942607284,1,0,
e2b,concurrency,128,58,exec_true,1791362976.9470158,0.015075728995725513,1,0,
e2b,concurrency,128,99,exec_true,1791362976.9510717,0.011809378047473729,1,0,
e2b,concurrency,128,49,exec_true,1791362976.94969,0.013675257912836969,1,0,
e2b,concurrency,128,111,exec_true,1791362976.9495387,0.014137087971903384,1,0,
e2b,concurrency,128,6,exec_true,1791362976.9476495,0.016186479944735765,1,0,
e2b,concurrency,128,20,exec_true,1791362976.9492996,0.015664516016840935,1,0,
e2b,concurrency,128,102,exec_true,1791362976.956105,0.012604906922206283,1,0,
e2b,concurrency,128,111,exec_true,1791362976.9636846,0.009886775980703533,1,0,
e2b,concurrency,128,99,exec_true,1791362976.9628909,0.011086334008723497,1,0,
e2b,concurrency,128,6,exec_true,1791362976.9638436,0.01143308007158339,1,0,
e2b,concurrency,128,58,exec_true,1791362976.9621022,0.014911648933775723,1,0,
e2b,concurrency,128,20,exec_true,1791362976.9649732,0.01245630206540227,1,0,
e2b,concurrency,128,49,exec_true,1791362976.9633749,0.01511941896751523,1,0,
e2b,concurrency,128,102,exec_true,1791362976.968719,0.011583841987885535,1,0,
e2b,concurrency,128,6,exec_true,1791362976.9752865,0.008652986958622932,1,0,
e2b,concurrency,128,20,exec_true,1791362976.9774387,0.008239508024416864,1,0,
e2b,concurrency,128,58,exec_true,1791362976.9770231,0.009471058961935341,1,0,
e2b,concurrency,128,80,start,1791362974.3300862,2.657776301028207,1,0,
e2b,concurrency,128,102,exec_true,1791362976.980312,0.00959835306275636,1,0,
e2b,concurrency,128,82,start,1791362974.3338435,2.6570958390366286,1,0,
e2b,concurrency,128,49,exec_true,1791362976.9785035,0.012705522938631475,1,0,
e2b,concurrency,128,63,start,1791362974.2979288,2.6949840979650617,1,0,
e2b,concurrency,128,21,stop,1791362976.882158,0.11324710899498314,1,0,
e2b,concurrency,128,59,stop,1791362976.906854,0.08922298403922468,1,0,
e2b,concurrency,128,6,exec_true,1791362976.9839482,0.012768398970365524,1,0,
e2b,concurrency,128,58,exec_true,1791362976.9865031,0.010436323937028646,1,0,
e2b,concurrency,128,116,stop,1791362976.897015,0.100890819914639,1,0,
e2b,concurrency,128,111,stop,1791362976.9735813,0.0301838320447132,1,0,
e2b,concurrency,128,49,exec_true,1791362976.9912179,0.01261367299593985,1,0,
e2b,concurrency,128,58,exec_true,1791362976.9969497,0.00885575299616903,1,0,
e2b,concurrency,128,99,stop,1791362976.9739864,0.03321045998018235,1,0,
e2b,concurrency,128,6,exec_true,1791362976.9967263,0.012409009970724583,1,0,
e2b,concurrency,128,82,exec_true,1791362976.9909477,0.018573995912447572,1,0,
e2b,concurrency,128,80,exec_true,1791362976.9878726,0.022494190954603255,1,0,
e2b,concurrency,128,63,exec_true,1791362976.9929228,0.020128773991018534,1,0,
e2b,concurrency,128,104,start,1791362974.374654,2.639684383990243,1,0,
e2b,concurrency,128,49,exec_true,1791362977.0038388,0.01176816807128489,1,0,
e2b,concurrency,128,121,start,1791362974.4067564,2.610321618965827,1,0,
e2b,concurrency,128,58,exec_true,1791362977.0058146,0.012356364983133972,1,0,
e2b,concurrency,128,20,stop,1791362976.9856873,0.03275881300214678,1,0,
e2b,concurrency,128,6,exec_true,1791362977.0091445,0.010074260993860662,1,0,
e2b,concurrency,128,76,start,1791362974.3226538,2.6980256820097566,1,0,
e2b,concurrency,128,82,exec_true,1791362977.009532,0.011370379012078047,1,0,
e2b,concurrency,128,80,exec_true,1791362977.0103762,0.01150732405949384,1,0,
e2b,concurrency,128,49,exec_true,1791362977.015616,0.013811120996251702,1,0,
e2b,concurrency,128,63,exec_true,1791362977.0130615,0.016659841989167035,1,0,
e2b,concurrency,128,58,exec_true,1791362977.0182054,0.017746000085026026,1,0,
e2b,concurrency,128,82,exec_true,1791362977.0209105,0.016760048922151327,1,0,
e2b,concurrency,128,6,exec_true,1791362977.0192275,0.018997299019247293,1,0,
e2b,concurrency,128,49,exec_true,1791362977.0294383,0.010188327985815704,1,0,
e2b,concurrency,128,80,exec_true,1791362977.0218937,0.017910750000737607,1,0,
e2b,concurrency,128,63,exec_true,1791362977.0297298,0.010746572050265968,1,0,
e2b,concurrency,128,121,exec_true,1791362977.017087,0.025331457029096782,1,0,
e2b,concurrency,128,58,exec_true,1791362977.0359607,0.008829585975036025,1,0,
e2b,concurrency,128,104,exec_true,1791362977.0143466,0.0312583859777078,1,0,
e2b,concurrency,128,76,exec_true,1791362977.0206876,0.02604899904690683,1,0,
e2b,concurrency,128,82,exec_true,1791362977.0376806,0.010224333964288235,1,0,
e2b,concurrency,128,6,exec_true,1791362977.0382338,0.009856755961664021,1,0,
e2b,concurrency,128,49,exec_true,1791362977.039636,0.009656365029513836,1,0,
e2b,concurrency,128,80,exec_true,1791362977.0398128,0.0101857699919492,1,0,
e2b,concurrency,128,63,exec_true,1791362977.0404856,0.009684161050245166,1,0,
e2b,concurrency,128,121,exec_true,1791362977.0424283,0.01217258907854557,1,0,
e2b,concurrency,128,58,exec_true,1791362977.0448005,0.012649478972889483,1,0,
e2b,concurrency,128,104,exec_true,1791362977.045617,0.013029758003540337,1,0,
e2b,concurrency,128,49,exec_true,1791362977.0493011,0.010646307957358658,1,0,
e2b,concurrency,128,6,exec_true,1791362977.0480988,0.013230607961304486,1,0,
e2b,concurrency,128,121,exec_true,1791362977.0546098,0.007878873031586409,1,0,
e2b,concurrency,128,82,exec_true,1791362977.0479143,0.015829408075660467,1,0,
e2b,concurrency,128,63,exec_true,1791362977.0501778,0.013851827010512352,1,0,
e2b,concurrency,128,80,exec_true,1791362977.0500076,0.015381435048766434,1,0,
e2b,concurrency,128,76,exec_true,1791362977.0467458,0.01924269599840045,1,0,
e2b,concurrency,128,104,exec_true,1791362977.058656,0.009879249962978065,1,0,
e2b,concurrency,128,121,exec_true,1791362977.0624988,0.010534318978898227,1,0,
e2b,concurrency,128,63,exec_true,1791362977.0640385,0.009666461031883955,1,0,
e2b,concurrency,128,82,exec_true,1791362977.0637553,0.010829826002009213,1,0,
e2b,concurrency,128,80,exec_true,1791362977.0653985,0.010196789051406085,1,0,
e2b,concurrency,128,76,exec_true,1791362977.0659974,0.010269089019857347,1,0,
e2b,concurrency,128,104,exec_true,1791362977.0685441,0.009899683063849807,1,0,
e2b,concurrency,128,58,stop,1791362977.0574603,0.02387250098399818,1,0,
e2b,concurrency,128,82,exec_true,1791362977.0745943,0.007762979948893189,1,0,
e2b,concurrency,128,63,exec_true,1791362977.0737143,0.008808891056105494,1,0,
e2b,concurrency,128,53,start,1791362974.2794118,2.8048764020204544,1,0,
e2b,concurrency,128,70,start,1791362974.3115826,2.774336909991689,1,0,
e2b,concurrency,128,80,exec_true,1791362977.0756063,0.011074780952185392,1,0,
e2b,concurrency,128,121,exec_true,1791362977.073043,0.01381758798379451,1,0,
e2b,concurrency,128,6,stop,1791362977.061339,0.026333619956858456,1,0,
e2b,concurrency,128,19,start,1791362974.2146187,2.8742117749061435,1,0,
e2b,concurrency,128,76,exec_true,1791362977.0762775,0.013415064895525575,1,0,
e2b,concurrency,128,82,exec_true,1791362977.0823662,0.008825707016512752,1,0,
e2b,concurrency,128,104,exec_true,1791362977.0784533,0.013606332009658217,1,0,
e2b,concurrency,128,63,exec_true,1791362977.082531,0.010151535039767623,1,0,
e2b,concurrency,128,102,stop,1791362976.9899218,0.10628320300020278,1,0,
e2b,concurrency,128,80,exec_true,1791362977.086691,0.013523634057492018,1,0,
e2b,concurrency,128,121,exec_true,1791362977.086869,0.014469098066911101,1,0,
e2b,concurrency,128,82,exec_true,1791362977.0912032,0.013021165039390326,1,0,
e2b,concurrency,128,63,exec_true,1791362977.0926917,0.012740299105644226,1,0,
e2b,concurrency,128,76,exec_true,1791362977.0897024,0.017959215911105275,1,0,
e2b,concurrency,128,104,exec_true,1791362977.092069,0.016577115980908275,1,0,
e2b,concurrency,128,80,exec_true,1791362977.1002235,0.014060694025829434,1,0,
e2b,concurrency,128,53,exec_true,1791362977.0842967,0.0323757539736107,1,0,
e2b,concurrency,128,49,stop,1791362977.0599568,0.05806045699864626,1,0,
e2b,concurrency,128,19,exec_true,1791362977.0888402,0.03135770699009299,1,0,
e2b,concurrency,128,121,exec_true,1791362977.1013474,0.019030645955353975,1,0,
e2b,concurrency,128,63,exec_true,1791362977.1054413,0.015560150030069053,1,0,
e2b,concurrency,128,104,exec_true,1791362977.1086552,0.012769630993716419,1,0,
e2b,concurrency,128,82,exec_true,1791362977.104234,0.017516252934001386,1,0,
e2b,concurrency,128,70,exec_true,1791362977.0859275,0.03620764403603971,1,0,
e2b,concurrency,128,76,exec_true,1791362977.107671,0.015563052031211555,1,0,
e2b,concurrency,128,80,exec_true,1791362977.1142948,0.011694642016664147,1,0,
e2b,concurrency,128,53,exec_true,1791362977.1166844,0.011495123035274446,1,0,
e2b,concurrency,128,121,exec_true,1791362977.1203861,0.010686677997000515,1,0,
e2b,concurrency,128,104,exec_true,1791362977.1214335,0.01101057801861316,1,0,
e2b,concurrency,128,19,exec_true,1791362977.1202073,0.012994606979191303,1,0,
e2b,concurrency,128,76,exec_true,1791362977.1232433,0.010924430913291872,1,0,
e2b,concurrency,128,70,exec_true,1791362977.122144,0.014571848092600703,1,0,
e2b,concurrency,128,53,exec_true,1791362977.1281886,0.011987712932750583,1,0,
e2b,concurrency,128,104,exec_true,1791362977.1324534,0.010319146909750998,1,0,
e2b,concurrency,128,121,exec_true,1791362977.1310818,0.011882727034389973,1,0,
e2b,concurrency,128,19,exec_true,1791362977.133211,0.010457932017743587,1,0,
e2b,concurrency,128,76,exec_true,1791362977.1341767,0.010591801954433322,1,0,
e2b,concurrency,128,82,stop,1791362977.121759,0.02534084301441908,1,0,
e2b,concurrency,128,53,exec_true,1791362977.140186,0.008209014893509448,1,0,
e2b,concurrency,128,70,exec_true,1791362977.1367247,0.013046856969594955,1,0,
e2b,concurrency,128,121,exec_true,1791362977.1429732,0.0077180020743981,1,0,
e2b,concurrency,128,104,exec_true,1791362977.1427817,0.00880781700834632,1,0,
e2b,concurrency,128,35,start,1791362974.245409,2.9078488550148904,1,0,
e2b,concurrency,128,19,exec_true,1791362977.143678,0.009841011022217572,1,0,
e2b,concurrency,128,76,exec_true,1791362977.144778,0.010053850011900067,1,0,
e2b,concurrency,128,45,start,1791362974.264476,2.891293977969326,1,0,
e2b,concurrency,128,70,exec_true,1791362977.149783,0.008696662029251456,1,0,
e2b,concurrency,128,53,exec_true,1791362977.1484056,0.010243118973448873,1,0,
e2b,concurrency,128,19,exec_true,1791362977.1535277,0.0092748369788751,1,0,
e2b,concurrency,128,76,exec_true,1791362977.1548412,0.010357582941651344,1,0,
e2b,concurrency,128,70,exec_true,1791362977.158488,0.008145152009092271,1,0,
e2b,concurrency,128,53,exec_true,1791362977.1586568,0.008849287056364119,1,0,
e2b,concurrency,128,19,exec_true,1791362977.1628144,0.008964627981185913,1,0,
e2b,concurrency,128,70,exec_true,1791362977.1666427,0.009415021049790084,1,0,
e2b,concurrency,128,53,exec_true,1791362977.1675158,0.009165839059278369,1,0,
e2b,concurrency,128,45,exec_true,1791362977.1557786,0.022071924060583115,1,0,
e2b,concurrency,128,121,stop,1791362977.1507008,0.027403620071709156,1,0,
e2b,concurrency,128,35,exec_true,1791362977.153266,0.025408592075109482,1,0,
e2b,concurrency,128,19,exec_true,1791362977.1717908,0.010343078058212996,1,0,
e2b,concurrency,128,53,exec_true,1791362977.176691,0.010767181986011565,1,0,
e2b,concurrency,128,70,exec_true,1791362977.1760669,0.012302446993999183,1,0,
e2b,concurrency,128,45,exec_true,1791362977.1778595,0.010694161988794804,1,0,
e2b,concurrency,128,35,exec_true,1791362977.1786833,0.010304127004928887,1,0,
e2b,concurrency,128,76,stop,1791362977.1652088,0.025480051059275866,1,0,
e2b,concurrency,128,19,exec_true,1791362977.1821432,0.010524944984354079,1,0,
e2b,concurrency,128,53,exec_true,1791362977.187468,0.008738090982660651,1,0,
e2b,concurrency,128,35,exec_true,1791362977.1889966,0.008425036910921335,1,0,
e2b,concurrency,128,70,exec_true,1791362977.188379,0.010144056053832173,1,0,
e2b,concurrency,128,45,exec_true,1791362977.1886146,0.01099836197681725,1,0,
e2b,concurrency,128,19,exec_true,1791362977.192679,0.009136607055552304,1,0,
e2b,concurrency,128,53,exec_true,1791362977.196216,0.008460207027383149,1,0,
e2b,concurrency,128,70,exec_true,1791362977.1985328,0.00893366802483797,1,0,
e2b,concurrency,128,35,exec_true,1791362977.1974318,0.010215442976914346,1,0,
e2b,concurrency,128,45,exec_true,1791362977.1996226,0.01087064400780946,1,0,
e2b,concurrency,128,19,exec_true,1791362977.2018242,0.00885019195266068,1,0,
e2b,concurrency,128,70,exec_true,1791362977.2074757,0.008112301002256572,1,0,
e2b,concurrency,128,35,exec_true,1791362977.2076557,0.010863153962418437,1,0,
e2b,concurrency,128,45,exec_true,1791362977.2105024,0.010713308001868427,1,0,
e2b,concurrency,128,3,start,1791362974.1817567,3.0792244990589097,1,0,
e2b,concurrency,128,80,stop,1791362977.1259997,0.1366311729652807,1,0,
e2b,concurrency,128,63,stop,1791362977.1210108,0.14168857596814632,1,0,
e2b,concurrency,128,53,stop,1791362977.2046864,0.05807409598492086,1,0,
e2b,concurrency,128,19,stop,1791362977.2106826,0.05213658302091062,1,0,
e2b,concurrency,128,104,stop,1791362977.151599,0.11127805104479194,1,0,
e2b,concurrency,128,45,exec_true,1791362977.221225,0.04190570395439863,1,0,
e2b,concurrency,128,35,exec_true,1791362977.218528,0.04478368302807212,1,0,
e2b,concurrency,128,35,exec_true,1791362977.2633188,0.010016505955718458,1,0,
e2b,concurrency,128,45,exec_true,1791362977.2631378,0.010913351085036993,1,0,
e2b,concurrency,128,3,exec_true,1791362977.260992,0.020453890087082982,1,0,
e2b,concurrency,128,35,exec_true,1791362977.2733445,0.009920320007950068,1,0,
e2b,concurrency,128,45,exec_true,1791362977.27406,0.011262847110629082,1,0,
e2b,concurrency,128,3,exec_true,1791362977.2814548,0.009817551937885582,1,0,
e2b,concurrency,128,35,exec_true,1791362977.283274,0.00855439598672092,1,0,
e2b,concurrency,128,45,exec_true,1791362977.285332,0.008839792921207845,1,0,
e2b,concurrency,128,35,exec_true,1791362977.291837,0.009814410004764795,1,0,
e2b,concurrency,128,3,exec_true,1791362977.2912812,0.011122980969958007,1,0,
e2b,concurrency,128,45,exec_true,1791362977.2941806,0.009188882075250149,1,0,
e2b,concurrency,128,70,stop,1791362977.2155979,0.09428708197083324,1,0,
e2b,concurrency,128,3,exec_true,1791362977.3024151,0.009228146984241903,1,0,
e2b,concurrency,128,11,start,1791362974.198164,3.119306259090081,1,0,
e2b,concurrency,128,91,start,1791362974.350494,2.9675814600195736,1,0,
e2b,concurrency,128,3,exec_true,1791362977.3116515,0.009659178089350462,1,0,
e2b,concurrency,128,35,stop,1791362977.3016634,0.02580284106079489,1,0,
e2b,concurrency,128,3,exec_true,1791362977.3213196,0.014393743011169136,1,0,
e2b,concurrency,128,45,stop,1791362977.3033795,0.03604799706954509,1,0,
e2b,concurrency,128,29,start,1791362974.233952,3.111293124035001,1,0,
e2b,concurrency,128,3,exec_true,1791362977.3357222,0.010185749968513846,1,0,
e2b,concurrency,128,91,exec_true,1791362977.3180833,0.028246101108379662,1,0,
e2b,concurrency,128,11,exec_true,1791362977.3174787,0.030579807935282588,1,0,
e2b,concurrency,128,3,exec_true,1791362977.345917,0.01649327401537448,1,0,
e2b,concurrency,128,91,exec_true,1791362977.346338,0.0172636229544878,1,0,
e2b,concurrency,128,11,exec_true,1791362977.3480675,0.015944406972266734,1,0,
e2b,concurrency,128,29,exec_true,1791362977.3452532,0.026184158981777728,1,0,
e2b,concurrency,128,3,exec_true,1791362977.3624206,0.009738280903548002,1,0,
e2b,concurrency,128,11,exec_true,1791362977.3640215,0.010670656920410693,1,0,
e2b,concurrency,128,91,exec_true,1791362977.3636134,0.01241592492442578,1,0,
e2b,concurrency,128,3,exec_true,1791362977.3721685,0.007831697002984583,1,0,
e2b,concurrency,128,11,exec_true,1791362977.3747013,0.008024738053791225,1,0,
e2b,concurrency,128,29,exec_true,1791362977.3714466,0.011845847009681165,1,0,
e2b,concurrency,128,91,exec_true,1791362977.3760383,0.008472300018183887,1,0,
e2b,concurrency,128,29,exec_true,1791362977.383301,0.00844877096824348,1,0,
e2b,concurrency,128,11,exec_true,1791362977.382735,0.009851585957221687,1,0,
e2b,concurrency,128,91,exec_true,1791362977.38452,0.00924447295255959,1,0,
e2b,concurrency,128,11,exec_true,1791362977.392596,0.008403418003581464,1,0,
e2b,concurrency,128,29,exec_true,1791362977.391759,0.009917719988152385,1,0,
e2b,concurrency,128,91,exec_true,1791362977.393773,0.00892566901165992,1,0,
e2b,concurrency,128,11,exec_true,1791362977.4010084,0.008550385944545269,1,0,
e2b,concurrency,128,3,stop,1791362977.380017,0.030227869981899858,1,0,
e2b,concurrency,128,91,exec_true,1791362977.4027078,0.009070987929590046,1,0,
e2b,concurrency,128,29,exec_true,1791362977.4016857,0.010881618945859373,1,0,
e2b,concurrency,128,11,exec_true,1791362977.4095683,0.008668342954479158,1,0,
e2b,concurrency,128,91,exec_true,1791362977.4117873,0.00888187496457249,1,0,
e2b,concurrency,128,29,exec_true,1791362977.4125762,0.008987433975562453,1,0,
e2b,concurrency,128,11,exec_true,1791362977.4182465,0.00970212195534259,1,0,
e2b,concurrency,128,91,exec_true,1791362977.4206805,0.008280160021968186,1,0,
e2b,concurrency,128,85,start,1791362974.339415,3.090851500048302,1,0,
e2b,concurrency,128,97,start,1791362974.3617249,3.069882671930827,1,0,
e2b,concurrency,128,75,start,1791362974.3208418,3.1112724390113726,1,0,
e2b,concurrency,128,29,exec_true,1791362977.421573,0.011583340005017817,1,0,
e2b,concurrency,128,11,exec_true,1791362977.4279585,0.008966097026132047,1,0,
e2b,concurrency,128,91,exec_true,1791362977.4289696,0.00930718204472214,1,0,
e2b,concurrency,128,29,exec_true,1791362977.433166,0.013590426999144256,1,0,
e2b,concurrency,128,29,exec_true,1791362977.4467657,0.009541944949887693,1,0,
e2b,concurrency,128,85,exec_true,1791362977.4302745,0.027283682022243738,1,0,
e2b,concurrency,128,75,exec_true,1791362977.4321222,0.030008276109583676,1,0,
e2b,concurrency,128,91,stop,1791362977.4382858,0.026557198027148843,1,0,
e2b,concurrency,128,97,exec_true,1791362977.4316158,0.03391648200340569,1,0,
e2b,concurrency,128,11,stop,1791362977.436934,0.029793872963637114,1,0,
e2b,concurrency,128,29,exec_true,1791362977.4563167,0.010685327928513288,1,0,
e2b,concurrency,128,85,exec_true,1791362977.457567,0.01569827797356993,1,0,
e2b,concurrency,128,97,exec_true,1791362977.4655411,0.012900413013994694,1,0,
e2b,concurrency,128,75,exec_true,1791362977.4621396,0.01893384603317827,1,0,
e2b,concurrency,128,85,exec_true,1791362977.4732745,0.012019049027003348,1,0,
e2b,concurrency,128,97,exec_true,1791362977.478451,0.010752236004918814,1,0,
e2b,concurrency,128,75,exec_true,1791362977.4810824,0.009204266010783613,1,0,
e2b,concurrency,128,85,exec_true,1791362977.4853022,0.008950990973971784,1,0,
e2b,concurrency,128,75,exec_true,1791362977.4902964,0.008888804004527628,1,0,
e2b,concurrency,128,97,exec_true,1791362977.4892123,0.010682294028811157,1,0,
e2b,concurrency,128,85,exec_true,1791362977.4942625,0.009889109991490841,1,0,
e2b,concurrency,128,75,exec_true,1791362977.4991941,0.010860924958251417,1,0,
e2b,concurrency,128,97,exec_true,1791362977.4999032,0.010789237916469574,1,0,
e2b,concurrency,128,85,exec_true,1791362977.504161,0.008784448029473424,1,0,
e2b,concurrency,128,75,exec_true,1791362977.5100667,0.008886503987014294,1,0,
e2b,concurrency,128,97,exec_true,1791362977.5107038,0.009112139930948615,1,0,
e2b,concurrency,128,85,exec_true,1791362977.5129547,0.008215805981308222,1,0,
e2b,concurrency,128,75,exec_true,1791362977.5189638,0.009326137020252645,1,0,
e2b,concurrency,128,97,exec_true,1791362977.5198274,0.009280089056119323,1,0,
e2b,concurrency,128,85,exec_true,1791362977.5211797,0.009101286064833403,1,0,
e2b,concurrency,128,29,stop,1791362977.4670107,0.06861685903277248,1,0,
e2b,concurrency,128,75,exec_true,1791362977.5282998,0.009028092958033085,1,0,
e2b,concurrency,128,97,exec_true,1791362977.5291169,0.012490811059251428,1,0,
e2b,concurrency,128,65,start,1791362974.3017035,3.240949098020792,1,0,
e2b,concurrency,128,106,start,1791362974.378407,3.1649825810454786,1,0,
e2b,concurrency,128,98,start,1791362974.363575,3.1803671939997002,1,0,
e2b,concurrency,128,85,exec_true,1791362977.530327,0.014126693014986813,1,0,
e2b,concurrency,128,75,exec_true,1791362977.537337,0.013951143948361278,1,0,
e2b,concurrency,128,97,exec_true,1791362977.541617,0.01046674104873091,1,0,
e2b,concurrency,128,85,exec_true,1791362977.544463,0.013796756975352764,1,0,
e2b,concurrency,128,106,exec_true,1791362977.543398,0.017275682999752462,1,0,
e2b,concurrency,128,75,exec_true,1791362977.5512984,0.011317983036860824,1,0,
e2b,concurrency,128,97,exec_true,1791362977.5520952,0.011490904027596116,1,0,
e2b,concurrency,128,65,exec_true,1791362977.542661,0.02648199407849461,1,0,
e2b,concurrency,128,106,exec_true,1791362977.5606835,0.011981478077359498,1,0,
e2b,concurrency,128,98,exec_true,1791362977.5439503,0.029493572073988616,1,0,
e2b,concurrency,128,106,exec_true,1791362977.572677,0.00919227593112737,1,0,
e2b,concurrency,128,65,exec_true,1791362977.569153,0.013516878010705113,1,0,
e2b,concurrency,128,98,exec_true,1791362977.5734537,0.010205615079030395,1,0,
e2b,concurrency,128,85,stop,1791362977.5582695,0.03029830299783498,1,0,
e2b,concurrency,128,106,exec_true,1791362977.5818791,0.0113295839400962,1,0,
e2b,concurrency,128,97,stop,1791362977.5635982,0.030310268979519606,1,0,
e2b,concurrency,128,65,exec_true,1791362977.582679,0.0129900430329144,1,0,
e2b,concurrency,128,98,exec_true,1791362977.5836709,0.012584329000674188,1,0,
e2b,concurrency,128,75,stop,1791362977.5626261,0.03783269796986133,1,0,
e2b,concurrency,128,106,exec_true,1791362977.5932178,0.009299593046307564,1,0,
e2b,concurrency,128,101,start,1791362974.3691614,3.234214449999854,1,0,
e2b,concurrency,128,65,exec_true,1791362977.5956788,0.009981915005482733,1,0,
e2b,concurrency,128,98,exec_true,1791362977.5962641,0.011520439991727471,1,0,
e2b,concurrency,128,106,exec_true,1791362977.602527,0.012009411002509296,1,0,
e2b,concurrency,128,65,exec_true,1791362977.6056874,0.016773288953118026,1,0,
e2b,concurrency,128,98,exec_true,1791362977.6077945,0.01707212906330824,1,0,
e2b,concurrency,128,106,exec_true,1791362977.614548,0.010618734988383949,1,0,
e2b,concurrency,128,65,exec_true,1791362977.622471,0.012162885046564043,1,0,
e2b,concurrency,128,39,start,1791362974.2530646,3.3833388339262456,1,0,
e2b,concurrency,128,98,exec_true,1791362977.624876,0.012066544964909554,1,0,
e2b,concurrency,128,106,exec_true,1791362977.6251752,0.012067140080034733,1,0,
e2b,concurrency,128,101,exec_true,1791362977.6033845,0.03582534205634147,1,0,
e2b,concurrency,128,65,exec_true,1791362977.6346438,0.009689186932519078,1,0,
e2b,concurrency,128,98,exec_true,1791362977.6369512,0.008604355971328914,1,0,
e2b,concurrency,128,106,exec_true,1791362977.637251,0.009322923957370222,1,0,
e2b,concurrency,128,101,exec_true,1791362977.6392186,0.009481266955845058,1,0,
e2b,concurrency,128,107,start,1791362974.3802042,3.2724571169819683,1,0,
e2b,concurrency,128,65,exec_true,1791362977.6443424,0.00944995298050344,1,0,
e2b,concurrency,128,98,exec_true,1791362977.6455646,0.009937821072526276,1,0,
e2b,concurrency,128,39,exec_true,1791362977.6364124,0.020898421993479133,1,0,
e2b,concurrency,128,106,exec_true,1791362977.646586,0.01119963894598186,1,0,
e2b,concurrency,128,101,exec_true,1791362977.6487086,0.010060311062261462,1,0,
e2b,concurrency,128,43,start,1791362974.2605958,3.4000820459332317,1,0,
e2b,concurrency,128,46,start,1791362974.26635,3.3993690819479525,1,0,
e2b,concurrency,128,65,exec_true,1791362977.6538012,0.012879480957053602,1,0,
e2b,concurrency,128,98,exec_true,1791362977.6555116,0.011341169942170382,1,0,
e2b,concurrency,128,101,exec_true,1791362977.6587782,0.014089753036387265,1,0,
e2b,concurrency,128,107,exec_true,1791362977.65267,0.027596850064583123,1,0,
e2b,concurrency,128,98,exec_true,1791362977.6668606,0.01403899397701025,1,0,
e2b,concurrency,128,39,exec_true,1791362977.6573198,0.023976410971954465,1,0,
e2b,concurrency,128,65,exec_true,1791362977.6666899,0.01531529298517853,1,0,
e2b,concurrency,128,101,exec_true,1791362977.672877,0.012829471961595118,1,0,
e2b,concurrency,128,39,exec_true,1791362977.681305,0.009694462991319597,1,0,
e2b,concurrency,128,106,stop,1791362977.6577945,0.03587212797719985,1,0,
e2b,concurrency,128,43,exec_true,1791362977.660686,0.03314007900189608,1,0,
e2b,concurrency,128,107,exec_true,1791362977.6802754,0.01432632899377495,1,0,
e2b,concurrency,128,101,exec_true,1791362977.6857185,0.0101724419509992,1,0,
e2b,concurrency,128,46,exec_true,1791362977.6657279,0.030353340902365744,1,0,
e2b,concurrency,128,39,exec_true,1791362977.6910088,0.012172586983069777,1,0,
e2b,concurrency,128,107,exec_true,1791362977.694612,0.011149097001180053,1,0,
e2b,concurrency,128,101,exec_true,1791362977.6959002,0.01004023605491966,1,0,
e2b,concurrency,128,43,exec_true,1791362977.6938355,0.012631946010515094,1,0,
e2b,concurrency,128,46,exec_true,1791362977.6960902,0.011294150026515126,1,0,
e2b,concurrency,128,98,stop,1791362977.680909,0.027244069962762296,1,0,
e2b,concurrency,128,65,stop,1791362977.682014,0.03141652210615575,1,0,
e2b,concurrency,128,39,exec_true,1791362977.7031932,0.012204236001707613,1,0,
e2b,concurrency,128,101,exec_true,1791362977.705949,0.01048535096924752,1,0,
e2b,concurrency,128,107,exec_true,1791362977.7057705,0.011152729974128306,1,0,
e2b,concurrency,128,46,exec_true,1791362977.7073936,0.011705464916303754,1,0,
e2b,concurrency,128,43,exec_true,1791362977.7064757,0.015347911976277828,1,0,
e2b,concurrency,128,39,exec_true,1791362977.715408,0.010110165923833847,1,0,
e2b,concurrency,128,13,start,1791362974.202042,3.525437235017307,1,0,
e2b,concurrency,128,81,start,1791362974.3320274,3.3965957399923354,1,0,
e2b,concurrency,128,7,start,1791362974.1900477,3.539262727019377,1,0,
e2b,concurrency,128,107,exec_true,1791362977.716932,0.012776287039741874,1,0,
e2b,concurrency,128,101,exec_true,1791362977.7164447,0.01381353591568768,1,0,
e2b,concurrency,128,46,exec_true,1791362977.7191098,0.011939094983972609,1,0,
e2b,concurrency,128,39,exec_true,1791362977.7255285,0.012087043025530875,1,0,
e2b,concurrency,128,43,exec_true,1791362977.7218328,0.01728789391927421,1,0,
e2b,concurrency,128,101,exec_true,1791362977.7302678,0.014921510010026395,1,0,
e2b,concurrency,128,107,exec_true,1791362977.7297173,0.01591000403277576,1,0,
e2b,concurrency,128,46,exec_true,1791362977.7310576,0.017383611062541604,1,0,
e2b,concurrency,128,43,exec_true,1791362977.7391312,0.010141271050088108,1,0,
e2b,concurrency,128,39,exec_true,1791362977.737625,0.012157564982771873,1,0,
e2b,concurrency,128,7,exec_true,1791362977.7293181,0.024527703993953764,1,0,
e2b,concurrency,128,81,exec_true,1791362977.7286313,0.02643111499492079,1,0,
e2b,concurrency,128,13,exec_true,1791362977.7274878,0.028410550905391574,1,0,
e2b,concurrency,128,107,exec_true,1791362977.745637,0.01133151410613209,1,0,
e2b,concurrency,128,46,exec_true,1791362977.7484508,0.009364733938127756,1,0,
e2b,concurrency,128,43,exec_true,1791362977.7492821,0.009164575953036547,1,0,
e2b,concurrency,128,39,exec_true,1791362977.749791,0.00935078994370997,1,0,
e2b,concurrency,128,7,exec_true,1791362977.7538548,0.009119623922742903,1,0,
e2b,concurrency,128,81,exec_true,1791362977.7550712,0.009930170024745166,1,0,
e2b,concurrency,128,13,exec_true,1791362977.7559104,0.010023770038969815,1,0,
e2b,concurrency,128,46,exec_true,1791362977.7578247,0.009234091965481639,1,0,
e2b,concurrency,128,107,exec_true,1791362977.7569773,0.010328067932277918,1,0,
e2b,concurrency,128,43,exec_true,1791362977.7584558,0.00900612201076001,1,0,
e2b,concurrency,128,39,exec_true,1791362977.759153,0.009720094967633486,1,0,
e2b,concurrency,128,101,stop,1791362977.7452009,0.026585745974443853,1,0,
e2b,concurrency,128,7,exec_true,1791362977.7629843,0.011795471073128283,1,0,
e2b,concurrency,128,81,exec_true,1791362977.7650118,0.011001489008776844,1,0,
e2b,concurrency,128,13,exec_true,1791362977.7659442,0.010251241037622094,1,0,
e2b,concurrency,128,107,exec_true,1791362977.7673142,0.009389901999384165,1,0,
e2b,concurrency,128,43,exec_true,1791362977.7674701,0.009934408939443529,1,0,
e2b,concurrency,128,46,exec_true,1791362977.7670689,0.010511345928534865,1,0,
e2b,concurrency,128,118,start,1791362974.4012034,3.3825916839996353,1,0,
e2b,concurrency,128,7,exec_true,1791362977.774929,0.010544655029661953,1,0,
e2b,concurrency,128,107,exec_true,1791362977.7767131,0.009497647057287395,1,0,
e2b,concurrency,128,13,exec_true,1791362977.776204,0.010529735940508544,1,0,
e2b,concurrency,128,43,exec_true,1791362977.7774138,0.010479705990292132,1,0,
e2b,concurrency,128,81,exec_true,1791362977.7760234,0.012055924977175891,1,0,
e2b,concurrency,128,46,exec_true,1791362977.7775888,0.012253339984454215,1,0,
e2b,concurrency,128,43,exec_true,1791362977.7879028,0.008492690045386553,1,0,
e2b,concurrency,128,39,stop,1791362977.768884,0.029100988991558552,1,0,
e2b,concurrency,128,7,exec_true,1791362977.7854836,0.01281957991886884,1,0,
e2b,concurrency,128,13,exec_true,1791362977.7867427,0.012509580003097653,1,0,
e2b,concurrency,128,46,exec_true,1791362977.789851,0.009926632046699524,1,0,
e2b,concurrency,128,81,exec_true,1791362977.7880876,0.0120917740277946,1,0,
e2b,concurrency,128,7,exec_true,1791362977.7983122,0.00882424390874803,1,0,
e2b,concurrency,128,13,exec_true,1791362977.7992618,0.009046732913702726,1,0,
e2b,concurrency,128,81,exec_true,1791362977.8001883,0.00829563697334379,1,0,
e2b,concurrency,128,118,exec_true,1791362977.7838035,0.026437369058839977,1,0,
e2b,concurrency,128,107,stop,1791362977.78622,0.025996201089583337,1,0,
e2b,concurrency,128,13,exec_true,1791362977.8083174,0.00796404096763581,1,0,
e2b,concurrency,128,7,exec_true,1791362977.807146,0.009931767010129988,1,0,
e2b,concurrency,128,81,exec_true,1791362977.808492,0.009956195950508118,1,0,
e2b,concurrency,128,118,exec_true,1791362977.81025,0.009791092947125435,1,0,
e2b,concurrency,128,46,stop,1791362977.799787,0.025061663007363677,1,0,
e2b,concurrency,128,13,exec_true,1791362977.8162909,0.008959343074820936,1,0,
e2b,concurrency,128,7,exec_true,1791362977.8170872,0.008602935005910695,1,0,
e2b,concurrency,128,81,exec_true,1791362977.8184576,0.008730579051189125,1,0,
e2b,concurrency,128,43,stop,1791362977.7964072,0.03144130890723318,1,0,
e2b,concurrency,128,118,exec_true,1791362977.8200502,0.01164120004978031,1,0,
e2b,concurrency,128,7,exec_true,1791362977.8256989,0.00888165202923119,1,0,
e2b,concurrency,128,13,exec_true,1791362977.8252594,0.009875662042759359,1,0,
e2b,concurrency,128,81,exec_true,1791362977.827197,0.008717639022506773,1,0,
e2b,concurrency,128,7,exec_true,1791362977.8345895,0.009097027010284364,1,0,
e2b,concurrency,128,81,exec_true,1791362977.8359237,0.01023259200155735,1,0,
e2b,concurrency,128,13,exec_true,1791362977.8351443,0.011613250011578202,1,0,
e2b,concurrency,128,118,exec_true,1791362977.8317008,0.01544799201656133,1,0,
e2b,concurrency,128,118,exec_true,1791362977.8471572,0.010632024030201137,1,0,
e2b,concurrency,128,118,exec_true,1791362977.8577986,0.010530926985666156,1,0,
e2b,concurrency,128,7,stop,1791362977.8436964,0.025359178078360856,1,0,
e2b,concurrency,128,13,stop,1791362977.846767,0.0253442790126428,1,0,
e2b,concurrency,128,81,stop,1791362977.8461657,0.026097861933521926,1,0,
e2b,concurrency,128,118,exec_true,1791362977.8683383,0.008850959013216197,1,0,
e2b,concurrency,128,118,exec_true,1791362977.8772004,0.008824699092656374,1,0,
e2b,concurrency,128,118,exec_true,1791362977.8860345,0.008558489033021033,1,0,
e2b,concurrency,128,118,exec_true,1791362977.894602,0.00903820595704019,1,0,
e2b,concurrency,128,118,stop,1791362977.9036498,0.02642352704424411,1,0,
