sandbox,test,concurrency,session,op,t_start,dur_sec,ok,throttled,err
agentcore,latency,1,0,start,1791363068.4754012,2.1804334190674126,1,0,
agentcore,latency,1,0,py_import_first,1791363070.6558516,56.77727117203176,1,0,
agentcore,latency,1,0,py_import_again,1791363127.433142,1.5160422830376774,1,0,
agentcore,latency,1,0,exec_true,1791363128.949202,0.23403100902214646,1,0,
agentcore,latency,1,0,exec_true,1791363129.1832464,0.25176119804382324,1,0,
agentcore,latency,1,0,exec_true,1791363129.435017,0.13793247600551695,1,0,
agentcore,latency,1,0,exec_true,1791363129.5729578,0.13074904901441187,1,0,
agentcore,latency,1,0,exec_true,1791363129.7037172,0.15150100796017796,1,0,
agentcore,latency,1,0,exec_true,1791363129.8552277,0.14042715402320027,1,0,
agentcore,latency,1,0,exec_true,1791363129.9956634,0.14850674802437425,1,0,
agentcore,latency,1,0,exec_true,1791363130.1441789,0.1295211329124868,1,0,
agentcore,latency,1,0,exec_true,1791363130.2737086,0.1408477770164609,1,0,
agentcore,latency,1,0,exec_true,1791363130.4145637,0.13923756103031337,1,0,
agentcore,latency,1,0,exec_true,1791363130.5538082,0.14057989604771137,1,0,
agentcore,latency,1,0,exec_true,1791363130.694395,0.13887250400148332,1,0,
agentcore,latency,1,0,exec_true,1791363130.8332772,0.2622871140483767,1,0,
agentcore,latency,1,0,exec_true,1791363131.0955727,0.14760563196614385,1,0,
agentcore,latency,1,0,exec_true,1791363131.2431855,0.14259589300490916,1,0,
agentcore,latency,1,0,exec_true,1791363131.3857882,0.13994302100036293,1,0,
agentcore,latency,1,0,exec_true,1791363131.5257378,0.12766500597354025,1,0,
agentcore,latency,1,0,exec_true,1791363131.6534114,0.14283958997111768,1,0,
agentcore,latency,1,0,exec_true,1791363131.7962604,0.13699476304464042,1,0,
agentcore,latency,1,0,exec_true,1791363131.9332633,0.15176726109348238,1,0,
agentcore,latency,1,0,upload_1MB,1791363132.0850418,0.142739542061463,1,0,
agentcore,latency,1,0,download_1MB,1791363132.2278051,0.3582392509561032,1,0,
agentcore,latency,1,0,upload_8MB,1791363132.5860605,5.67065998504404,1,0,
agentcore,latency,1,0,download_8MB,1791363138.256757,5.577533987001516,1,0,
agentcore,latency,1,0,stop,1791363143.834312,0.24734065996017307,1,0,
agentcore,latency,1,1,start,1791363144.0837567,1.7520286090439186,1,0,
agentcore,latency,1,1,py_import_first,1791363145.8357966,50.78292194590904,1,0,
agentcore,latency,1,1,py_import_again,1791363196.6187348,1.2944456910481676,1,0,
agentcore,latency,1,1,exec_true,1791363197.913193,0.24280807108152658,1,0,
agentcore,latency,1,1,exec_true,1791363198.1560075,0.18221914605237544,1,0,
agentcore,latency,1,1,exec_true,1791363198.3382328,0.15733111498411745,1,0,
agentcore,latency,1,1,exec_true,1791363198.49557,0.12210834596771747,1,0,
agentcore,latency,1,1,exec_true,1791363198.617684,0.14843567891512066,1,0,
agentcore,latency,1,1,exec_true,1791363198.7661252,0.15088785905390978,1,0,
agentcore,latency,1,1,exec_true,1791363198.9170215,0.1389084190595895,1,0,
agentcore,latency,1,1,exec_true,1791363199.0559368,0.15128523402381688,1,0,
agentcore,latency,1,1,exec_true,1791363199.2072284,0.13987681199796498,1,0,
agentcore,latency,1,1,exec_true,1791363199.3471115,0.1491551579674706,1,0,
agentcore,latency,1,1,exec_true,1791363199.4962728,0.12951611704193056,1,0,
agentcore,latency,1,1,exec_true,1791363199.6257985,0.1592798139899969,1,0,
agentcore,latency,1,1,exec_true,1791363199.7850864,0.13481169810984284,1,0,
agentcore,latency,1,1,exec_true,1791363199.9199052,0.13727450696751475,1,0,
agentcore,latency,1,1,exec_true,1791363200.0571864,0.15879580902401358,1,0,
agentcore,latency,1,1,exec_true,1791363200.2159877,0.14958002301864326,1,0,
agentcore,latency,1,1,exec_true,1791363200.3655734,0.13038164097815752,1,0,
agentcore,latency,1,1,exec_true,1791363200.4959605,0.14981140510644764,1,0,
agentcore,latency,1,1,exec_true,1791363200.6457782,0.1403636970790103,1,0,
agentcore,latency,1,1,exec_true,1791363200.7861476,0.12915154302027076,1,0,
agentcore,latency,1,1,upload_1MB,1791363200.9153073,0.14277477492578328,1,0,
agentcore,latency,1,1,download_1MB,1791363201.0581064,0.36478048900607973,1,0,
agentcore,latency,1,1,upload_8MB,1791363201.4229,5.877539851004258,1,0,
agentcore,latency,1,1,download_8MB,1791363207.300476,5.360568117001094,1,0,
agentcore,latency,1,1,stop,1791363212.6610663,0.2322011700598523,1,0,
agentcore,latency,1,2,start,1791363212.895186,1.7472812189953402,1,0,
agentcore,latency,1,2,py_import_first,1791363214.6424773,20.564072778914124,1,0,
agentcore,latency,1,2,py_import_again,1791363235.2065685,1.2143413319718093,1,0,
agentcore,latency,1,2,exec_true,1791363236.4209206,0.14469696301966906,1,0,
agentcore,latency,1,2,exec_true,1791363236.5656245,0.24931018392089754,1,0,
agentcore,latency,1,2,exec_true,1791363236.8149416,0.13086557597853243,1,0,
agentcore,latency,1,2,exec_true,1791363236.9458132,0.1601812819717452,1,0,
agentcore,latency,1,2,exec_true,1791363237.1060004,0.1428618999198079,1,0,
agentcore,latency,1,2,exec_true,1791363237.2488678,0.13560227095149457,1,0,
agentcore,latency,1,2,exec_true,1791363237.3844757,0.1498567130183801,1,0,
agentcore,latency,1,2,exec_true,1791363237.5343406,0.12083762302063406,1,0,
agentcore,latency,1,2,exec_true,1791363237.655186,0.24551765201613307,1,0,
agentcore,latency,1,2,exec_true,1791363237.900712,0.13637417706195265,1,0,
agentcore,latency,1,2,exec_true,1791363238.0370927,0.1385909249074757,1,0,
agentcore,latency,1,2,exec_true,1791363238.1756897,0.13039520010352135,1,0,
agentcore,latency,1,2,exec_true,1791363238.3060908,0.11824394098948687,1,0,
agentcore,latency,1,2,exec_true,1791363238.4243407,0.13092444301582873,1,0,
agentcore,latency,1,2,exec_true,1791363238.5552711,0.12887497793417424,1,0,
agentcore,latency,1,2,exec_true,1791363238.684152,0.14046239701565355,1,0,
agentcore,latency,1,2,exec_true,1791363238.8246198,0.1397273859474808,1,0,
agentcore,latency,1,2,exec_true,1791363238.9643536,0.12954410596285015,1,0,
agentcore,latency,1,2,exec_true,1791363239.0939035,0.1607359980698675,1,0,
agentcore,latency,1,2,exec_true,1791363239.254648,0.13041271199472249,1,0,
agentcore,latency,1,2,upload_1MB,1791363239.3850694,0.14293218299280852,1,0,
agentcore,latency,1,2,download_1MB,1791363239.5280273,0.3540420209756121,1,0,
agentcore,latency,1,2,upload_8MB,1791363239.8820832,5.635681386105716,1,0,
agentcore,latency,1,2,download_8MB,1791363245.5178,5.605566011974588,1,0,
agentcore,latency,1,2,stop,1791363251.1233857,0.18320087995380163,1,0,
agentcore,latency,1,3,start,1791363251.3084693,2.1147626620950177,1,0,
agentcore,latency,1,3,py_import_first,1791363253.423243,11.875152542022988,1,0,
agentcore,latency,1,3,py_import_again,1791363265.2984126,1.1897879029856995,1,0,
agentcore,latency,1,3,exec_true,1791363266.4882119,0.17655451002065092,1,0,
agentcore,latency,1,3,exec_true,1791363266.6647737,0.24049315007869154,1,0,
agentcore,latency,1,3,exec_true,1791363266.9052742,0.13954366301186383,1,0,
agentcore,latency,1,3,exec_true,1791363267.044824,0.13189902598969638,1,0,
agentcore,latency,1,3,exec_true,1791363267.1767285,0.1305012609809637,1,0,
agentcore,latency,1,3,exec_true,1791363267.3072362,0.12645344994962215,1,0,
agentcore,latency,1,3,exec_true,1791363267.4336958,0.13079129497054964,1,0,
agentcore,latency,1,3,exec_true,1791363267.5644977,0.14047951402608305,1,0,
agentcore,latency,1,3,exec_true,1791363267.704984,0.13931607198901474,1,0,
agentcore,latency,1,3,exec_true,1791363267.844307,0.13978283596225083,1,0,
agentcore,latency,1,3,exec_true,1791363267.9840958,0.12032626394648105,1,0,
agentcore,latency,1,3,exec_true,1791363268.1044285,0.1591756580164656,1,0,
agentcore,latency,1,3,exec_true,1791363268.2636108,0.12116145994514227,1,0,
agentcore,latency,1,3,exec_true,1791363268.384778,0.12982840603217483,1,0,
agentcore,latency,1,3,exec_true,1791363268.5146122,0.21276065497659147,1,0,
agentcore,latency,1,3,exec_true,1791363268.7273784,0.1377607729518786,1,0,
agentcore,latency,1,3,exec_true,1791363268.8651454,0.12877914495766163,1,0,
agentcore,latency,1,3,exec_true,1791363268.9939308,0.12074087199289352,1,0,
agentcore,latency,1,3,exec_true,1791363269.1146774,0.1304916359949857,1,0,
agentcore,latency,1,3,exec_true,1791363269.2451792,0.15922760195098817,1,0,
agentcore,latency,1,3,upload_1MB,1791363269.404415,0.1282903109677136,1,0,
agentcore,latency,1,3,download_1MB,1791363269.5327272,0.3710161780472845,1,0,
agentcore,latency,1,3,upload_8MB,1791363269.9037583,5.778367749997415,1,0,
agentcore,latency,1,3,download_8MB,1791363275.6821592,5.459194277995266,1,0,
agentcore,latency,1,3,stop,1791363281.1413722,0.18393706809729338,1,0,
agentcore,latency,1,4,start,1791363281.3271666,1.9852902500424534,1,0,
agentcore,latency,1,4,py_import_first,1791363283.3124678,41.529441214050166,1,0,
agentcore,latency,1,4,py_import_again,1791363324.8419251,1.5946974400430918,1,0,
agentcore,latency,1,4,exec_true,1791363326.4366314,0.16891963710077107,1,0,
agentcore,latency,1,4,exec_true,1791363326.6055586,0.13901328400243074,1,0,
agentcore,latency,1,4,exec_true,1791363326.7445781,0.1519907519686967,1,0,
agentcore,latency,1,4,exec_true,1791363326.8965745,0.16849772504065186,1,0,
agentcore,latency,1,4,exec_true,1791363327.0650778,0.1402157029369846,1,0,
agentcore,latency,1,4,exec_true,1791363327.2052991,0.1406505339546129,1,0,
agentcore,latency,1,4,exec_true,1791363327.345956,0.14833951508626342,1,0,
agentcore,latency,1,4,exec_true,1791363327.4943054,0.14523610100150108,1,0,
agentcore,latency,1,4,exec_true,1791363327.6395495,0.14661127200815827,1,0,
agentcore,latency,1,4,exec_true,1791363327.7861667,0.1281377939740196,1,0,
agentcore,latency,1,4,exec_true,1791363327.9143112,0.1512839699862525,1,0,
agentcore,latency,1,4,exec_true,1791363328.0656009,0.13974707096349448,1,0,
agentcore,latency,1,4,exec_true,1791363328.205354,0.13867725594900548,1,0,
agentcore,latency,1,4,exec_true,1791363328.3440368,0.15238807792775333,1,0,
agentcore,latency,1,4,exec_true,1791363328.4964309,0.1584035900887102,1,0,
agentcore,latency,1,4,exec_true,1791363328.6548398,0.13139752100687474,1,0,
agentcore,latency,1,4,exec_true,1791363328.786243,0.14995952195022255,1,0,
agentcore,latency,1,4,exec_true,1791363328.936208,0.17869781609624624,1,0,
agentcore,latency,1,4,exec_true,1791363329.1149116,0.14144013600889593,1,0,
agentcore,latency,1,4,exec_true,1791363329.2563572,0.13729688606690615,1,0,
agentcore,latency,1,4,upload_1MB,1791363329.393662,0.16847155801951885,1,0,
agentcore,latency,1,4,download_1MB,1791363329.562155,0.3898845559451729,1,0,
agentcore,latency,1,4,upload_8MB,1791363329.9520538,5.621947503997944,1,0,
agentcore,latency,1,4,download_8MB,1791363335.574035,5.576966434018686,1,0,
agentcore,latency,1,4,stop,1791363341.151048,0.2675831379601732,1,0,
agentcore,latency,1,5,start,1791363341.421371,1.8383493999717757,1,0,
agentcore,latency,1,5,py_import_first,1791363343.2597332,3.470451555098407,1,0,
agentcore,latency,1,5,py_import_again,1791363346.7301958,1.1880168300122023,1,0,
agentcore,latency,1,5,exec_true,1791363347.918225,0.14927000005263835,1,0,
agentcore,latency,1,5,exec_true,1791363348.0675046,0.14040154905524105,1,0,
agentcore,latency,1,5,exec_true,1791363348.207913,0.14127180201467127,1,0,
agentcore,latency,1,5,exec_true,1791363348.3491907,0.13043312402442098,1,0,
agentcore,latency,1,5,exec_true,1791363348.4796298,0.14883797196671367,1,0,
agentcore,latency,1,5,exec_true,1791363348.6284733,0.130319025949575,1,0,
agentcore,latency,1,5,exec_true,1791363348.7587984,0.1287535330047831,1,0,
agentcore,latency,1,5,exec_true,1791363348.8875577,0.12104983103927225,1,0,
agentcore,latency,1,5,exec_true,1791363349.008615,0.13828235503751785,1,0,
agentcore,latency,1,5,exec_true,1791363349.1469069,0.12208618805743754,1,0,
agentcore,latency,1,5,exec_true,1791363349.2689996,0.12841611297335476,1,0,
agentcore,latency,1,5,exec_true,1791363349.3974216,0.12125398707576096,1,0,
agentcore,latency,1,5,exec_true,1791363349.518681,0.15942151506897062,1,0,
agentcore,latency,1,5,exec_true,1791363349.6781123,0.12937909690663218,1,0,
agentcore,latency,1,5,exec_true,1791363349.8075,0.24875962093938142,1,0,
agentcore,latency,1,5,exec_true,1791363350.056268,0.14223128592129797,1,0,
agentcore,latency,1,5,exec_true,1791363350.198505,0.13893472694326192,1,0,
agentcore,latency,1,5,exec_true,1791363350.3374453,0.14019171393010765,1,0,
agentcore,latency,1,5,exec_true,1791363350.4776433,0.12014078407082707,1,0,
agentcore,latency,1,5,exec_true,1791363350.59779,0.1298650740645826,1,0,
agentcore,latency,1,5,upload_1MB,1791363350.727663,0.15952237299643457,1,0,
agentcore,latency,1,5,download_1MB,1791363350.8872087,0.3489555170526728,1,0,
agentcore,latency,1,5,upload_8MB,1791363351.236178,5.731694133020937,1,0,
agentcore,latency,1,5,download_8MB,1791363356.967903,5.509898964082822,1,0,
agentcore,latency,1,5,stop,1791363362.4778209,0.18864696298260242,1,0,
agentcore,latency,1,6,start,1791363362.6683934,1.6387665699003264,1,0,
agentcore,latency,1,6,py_import_first,1791363364.3071694,2.4719502669759095,1,0,
agentcore,latency,1,6,py_import_again,1791363366.7791274,1.1566216889768839,1,0,
agentcore,latency,1,6,exec_true,1791363367.9357607,0.15034247108269483,1,0,
agentcore,latency,1,6,exec_true,1791363368.0861099,0.14075567398685962,1,0,
agentcore,latency,1,6,exec_true,1791363368.2268715,0.13855025509838015,1,0,
agentcore,latency,1,6,exec_true,1791363368.3654275,0.1613696739077568,1,0,
agentcore,latency,1,6,exec_true,1791363368.526803,0.1489094439893961,1,0,
agentcore,latency,1,6,exec_true,1791363368.6757185,0.12110750400461257,1,0,
agentcore,latency,1,6,exec_true,1791363368.7968323,0.13890907599125057,1,0,
agentcore,latency,1,6,exec_true,1791363368.9357471,0.13022972596809268,1,0,
agentcore,latency,1,6,exec_true,1791363369.0659826,0.13073871098458767,1,0,
agentcore,latency,1,6,exec_true,1791363369.1967273,0.12980624905321747,1,0,
agentcore,latency,1,6,exec_true,1791363369.326539,0.13991532498039305,1,0,
agentcore,latency,1,6,exec_true,1791363369.46646,0.12888218590524048,1,0,
agentcore,latency,1,6,exec_true,1791363369.5953476,0.16089872689917684,1,0,
agentcore,latency,1,6,exec_true,1791363369.7562566,0.13969668990466744,1,0,
agentcore,latency,1,6,exec_true,1791363369.89596,0.14998212491627783,1,0,
agentcore,latency,1,6,exec_true,1791363370.0459483,0.13003603206016123,1,0,
agentcore,latency,1,6,exec_true,1791363370.1759908,0.12956445501185954,1,0,
agentcore,latency,1,6,exec_true,1791363370.305561,0.1400015848921612,1,0,
agentcore,latency,1,6,exec_true,1791363370.4455686,0.16413793503306806,1,0,
agentcore,latency,1,6,exec_true,1791363370.609712,0.16516809700988233,1,0,
agentcore,latency,1,6,upload_1MB,1791363370.774887,0.1421161169419065,1,0,
agentcore,latency,1,6,download_1MB,1791363370.9170263,0.35957472294103354,1,0,
agentcore,latency,1,6,upload_8MB,1791363371.2766156,5.643298304989003,1,0,
agentcore,latency,1,6,download_8MB,1791363376.9199514,5.5951627949252725,1,0,
agentcore,latency,1,6,stop,1791363382.515135,0.194771543960087,1,0,
agentcore,latency,1,7,start,1791363382.7117758,1.9521512599894777,1,0,
agentcore,latency,1,7,py_import_first,1791363384.6639378,2.7319512219401076,1,0,
agentcore,latency,1,7,py_import_again,1791363387.3959007,1.254672282957472,1,0,
agentcore,latency,1,7,exec_true,1791363388.6505868,0.1337989759631455,1,0,
agentcore,latency,1,7,exec_true,1791363388.784394,0.15035427000839263,1,0,
agentcore,latency,1,7,exec_true,1791363388.934756,0.17956761410459876,1,0,
agentcore,latency,1,7,exec_true,1791363389.1143339,0.1199593119090423,1,0,
agentcore,latency,1,7,exec_true,1791363389.2343001,0.13009570306167006,1,0,
agentcore,latency,1,7,exec_true,1791363389.3644023,0.13011369202286005,1,0,
agentcore,latency,1,7,exec_true,1791363389.4945228,0.15965182392392308,1,0,
agentcore,latency,1,7,exec_true,1791363389.6541848,0.1411705369828269,1,0,
agentcore,latency,1,7,exec_true,1791363389.7953646,0.12976639706175774,1,0,
agentcore,latency,1,7,exec_true,1791363389.9251378,0.15957796794828027,1,0,
agentcore,latency,1,7,exec_true,1791363390.0847218,0.16013093595393002,1,0,
agentcore,latency,1,7,exec_true,1791363390.244859,0.12977631692774594,1,0,
agentcore,latency,1,7,exec_true,1791363390.3746412,0.12087848596274853,1,0,
agentcore,latency,1,7,exec_true,1791363390.4955254,0.13034779101144522,1,0,
agentcore,latency,1,7,exec_true,1791363390.6258793,0.13983406499028206,1,0,
agentcore,latency,1,7,exec_true,1791363390.7657194,0.1276971410261467,1,0,
agentcore,latency,1,7,exec_true,1791363390.8934221,0.13074504700489342,1,0,
agentcore,latency,1,7,exec_true,1791363391.024173,0.12246058299206197,1,0,
agentcore,latency,1,7,exec_true,1791363391.1466398,0.1267336489399895,1,0,
agentcore,latency,1,7,exec_true,1791363391.273379,0.13113469199743122,1,0,
agentcore,latency,1,7,upload_1MB,1791363391.4045212,0.13163548905868083,1,0,
agentcore,latency,1,7,download_1MB,1791363391.536181,0.3631741659482941,1,0,
agentcore,latency,1,7,upload_8MB,1791363391.8993695,5.638289791997522,1,0,
agentcore,latency,1,7,download_8MB,1791363397.537688,5.598743897047825,1,0,
agentcore,latency,1,7,stop,1791363403.136451,0.25718325399793684,1,0,
agentcore,latency,1,8,start,1791363403.3954911,1.675217765965499,1,0,
agentcore,latency,1,8,py_import_first,1791363405.0707207,2.1177401799941435,1,0,
agentcore,latency,1,8,py_import_again,1791363407.188472,1.1965345609933138,1,0,
agentcore,latency,1,8,exec_true,1791363408.3850183,0.1671314510749653,1,0,
agentcore,latency,1,8,exec_true,1791363408.5521574,0.23230800894089043,1,0,
agentcore,latency,1,8,exec_true,1791363408.7844722,0.13819573889486492,1,0,
agentcore,latency,1,8,exec_true,1791363408.9226742,0.1304245989304036,1,0,
agentcore,latency,1,8,exec_true,1791363409.0531046,0.10980702098459005,1,0,
agentcore,latency,1,8,exec_true,1791363409.1629176,0.14000893896445632,1,0,
agentcore,latency,1,8,exec_true,1791363409.3029325,0.1302132240962237,1,0,
agentcore,latency,1,8,exec_true,1791363409.4331512,0.1413920660270378,1,0,
agentcore,latency,1,8,exec_true,1791363409.5745487,0.14181673899292946,1,0,
agentcore,latency,1,8,exec_true,1791363409.7163713,0.17658197903074324,1,0,
agentcore,latency,1,8,exec_true,1791363409.8929589,0.17095018597319722,1,0,
agentcore,latency,1,8,exec_true,1791363410.063915,0.13012459396850318,1,0,
agentcore,latency,1,8,exec_true,1791363410.194045,0.15847633895464242,1,0,
agentcore,latency,1,8,exec_true,1791363410.352527,0.1710616199998185,1,0,
agentcore,latency,1,8,exec_true,1791363410.5235941,0.1399735560407862,1,0,
agentcore,latency,1,8,exec_true,1791363410.663573,0.13045070599764585,1,0,
agentcore,latency,1,8,exec_true,1791363410.7940292,0.15875414095353335,1,0,
agentcore,latency,1,8,exec_true,1791363410.9527888,0.11980146507266909,1,0,
agentcore,latency,1,8,exec_true,1791363411.0725963,0.15083823702298105,1,0,
agentcore,latency,1,8,exec_true,1791363411.22344,0.1391519180033356,1,0,
agentcore,latency,1,8,upload_1MB,1791363411.3625996,0.14825815404765308,1,0,
agentcore,latency,1,8,download_1MB,1791363411.5108821,0.3550275170709938,1,0,
agentcore,latency,1,8,upload_8MB,1791363411.8659241,5.741438908036798,1,0,
agentcore,latency,1,8,download_8MB,1791363417.6073942,5.496748134959489,1,0,
agentcore,latency,1,8,stop,1791363423.104161,0.2241699630394578,1,0,
agentcore,latency,1,9,start,1791363423.330185,1.4824097369564697,1,0,
agentcore,latency,1,9,py_import_first,1791363424.8126054,2.243033464998007,1,0,
agentcore,latency,1,9,py_import_again,1791363427.0556493,1.1625482400413603,1,0,
agentcore,latency,1,9,exec_true,1791363428.218206,0.14988440496381372,1,0,
agentcore,latency,1,9,exec_true,1791363428.368097,0.15207409393042326,1,0,
agentcore,latency,1,9,exec_true,1791363428.5201774,0.13828123302664608,1,0,
agentcore,latency,1,9,exec_true,1791363428.6584642,0.15254377503879368,1,0,
agentcore,latency,1,9,exec_true,1791363428.8110142,0.14119493099860847,1,0,
agentcore,latency,1,9,exec_true,1791363428.9522152,0.13907318597193807,1,0,
agentcore,latency,1,9,exec_true,1791363429.0912948,0.1489827970508486,1,0,
agentcore,latency,1,9,exec_true,1791363429.240284,0.13900318299420178,1,0,
agentcore,latency,1,9,exec_true,1791363429.379293,0.11877988395281136,1,0,
agentcore,latency,1,9,exec_true,1791363429.4980788,0.1409560180036351,1,0,
agentcore,latency,1,9,exec_true,1791363429.6390429,0.13003148999996483,1,0,
agentcore,latency,1,9,exec_true,1791363429.7690809,0.14168155810330063,1,0,
agentcore,latency,1,9,exec_true,1791363429.9107687,0.1373406039783731,1,0,
agentcore,latency,1,9,exec_true,1791363430.048115,0.14290237601380795,1,0,
agentcore,latency,1,9,exec_true,1791363430.1910233,0.3372458160156384,1,0,
agentcore,latency,1,9,exec_true,1791363430.5282755,0.1421617220621556,1,0,
agentcore,latency,1,9,exec_true,1791363430.6704435,0.1590077669825405,1,0,
agentcore,latency,1,9,exec_true,1791363430.8294616,0.12982548703439534,1,0,
agentcore,latency,1,9,exec_true,1791363430.9592936,0.13026962301228195,1,0,
agentcore,latency,1,9,exec_true,1791363431.0895696,0.1290040339808911,1,0,
agentcore,latency,1,9,upload_1MB,1791363431.2185822,0.14858187502250075,1,0,
agentcore,latency,1,9,download_1MB,1791363431.3671865,0.3641969650052488,1,0,
agentcore,latency,1,9,upload_8MB,1791363431.7313976,5.717968699987978,1,0,
agentcore,latency,1,9,download_8MB,1791363437.4493983,5.519346465007402,1,0,
agentcore,latency,1,9,stop,1791363442.968764,0.18557212699670345,1,0,
agentcore,latency,1,10,start,1791363443.1562157,1.8642230359837413,1,0,
agentcore,latency,1,10,py_import_first,1791363445.0204477,25.71591512602754,1,0,
agentcore,latency,1,10,py_import_again,1791363470.7363818,1.5929871179396287,1,0,
agentcore,latency,1,10,exec_true,1791363472.3293788,0.1358969210414216,1,0,
agentcore,latency,1,10,exec_true,1791363472.465283,0.1508500890340656,1,0,
agentcore,latency,1,10,exec_true,1791363472.616139,0.18170149601064622,1,0,
agentcore,latency,1,10,exec_true,1791363472.7978513,0.15789822302758694,1,0,
agentcore,latency,1,10,exec_true,1791363472.9557576,0.12934879306703806,1,0,
agentcore,latency,1,10,exec_true,1791363473.085113,0.1309848299715668,1,0,
agentcore,latency,1,10,exec_true,1791363473.2161038,0.13937666697893292,1,0,
agentcore,latency,1,10,exec_true,1791363473.3554862,0.13011328200809658,1,0,
agentcore,latency,1,10,exec_true,1791363473.485605,0.15380726696457714,1,0,
agentcore,latency,1,10,exec_true,1791363473.6394188,0.13884021493140608,1,0,
agentcore,latency,1,10,exec_true,1791363473.7782648,0.1495947219664231,1,0,
agentcore,latency,1,10,exec_true,1791363473.927865,0.1398634510114789,1,0,
agentcore,latency,1,10,exec_true,1791363474.0677342,0.12812886596657336,1,0,
agentcore,latency,1,10,exec_true,1791363474.1958687,0.1396846289280802,1,0,
agentcore,latency,1,10,exec_true,1791363474.3355591,0.13050738000310957,1,0,
agentcore,latency,1,10,exec_true,1791363474.4660735,0.1399978840490803,1,0,
agentcore,latency,1,10,exec_true,1791363474.6060774,0.1605104369809851,1,0,
agentcore,latency,1,10,exec_true,1791363474.7665958,0.15954460005741566,1,0,
agentcore,latency,1,10,exec_true,1791363474.9261465,0.14922906295396388,1,0,
agentcore,latency,1,10,exec_true,1791363475.0753818,0.15103690000250936,1,0,
agentcore,latency,1,10,upload_1MB,1791363475.2264273,0.15187355095986277,1,0,
agentcore,latency,1,10,download_1MB,1791363475.3783228,0.3487444210331887,1,0,
agentcore,latency,1,10,upload_8MB,1791363475.72708,5.670383701915853,1,0,
agentcore,latency,1,10,download_8MB,1791363481.3974977,5.568396923947148,1,0,
agentcore,latency,1,10,stop,1791363486.965915,0.16113965399563313,1,0,
agentcore,latency,1,11,start,1791363487.1288533,1.9630796649726108,1,0,
agentcore,latency,1,11,py_import_first,1791363489.0919437,5.72705461003352,1,0,
agentcore,latency,1,11,py_import_again,1791363494.8190098,1.556801600032486,1,0,
agentcore,latency,1,11,exec_true,1791363496.375824,0.1603953669546172,1,0,
agentcore,latency,1,11,exec_true,1791363496.5362267,0.1913554019993171,1,0,
agentcore,latency,1,11,exec_true,1791363496.7275894,0.14852220891043544,1,0,
agentcore,latency,1,11,exec_true,1791363496.876118,0.19065535895060748,1,0,
agentcore,latency,1,11,exec_true,1791363497.0667827,0.15084875794127584,1,0,
agentcore,latency,1,11,exec_true,1791363497.2176394,0.13937888608779758,1,0,
agentcore,latency,1,11,exec_true,1791363497.3570278,0.13944128702860326,1,0,
agentcore,latency,1,11,exec_true,1791363497.4964783,0.140489976038225,1,0,
agentcore,latency,1,11,exec_true,1791363497.636977,0.1389681890141219,1,0,
agentcore,latency,1,11,exec_true,1791363497.775953,0.16028657497372478,1,0,
agentcore,latency,1,11,exec_true,1791363497.9362469,0.14086202904582024,1,0,
agentcore,latency,1,11,exec_true,1791363498.0771155,0.14917840191628784,1,0,
agentcore,latency,1,11,exec_true,1791363498.2263036,0.13999646995216608,1,0,
agentcore,latency,1,11,exec_true,1791363498.3663094,0.17061306803952903,1,0,
agentcore,latency,1,11,exec_true,1791363498.5369294,0.14035728201270103,1,0,
agentcore,latency,1,11,exec_true,1791363498.6772926,0.1400916309794411,1,0,
agentcore,latency,1,11,exec_true,1791363498.8173904,0.1852095149224624,1,0,
agentcore,latency,1,11,exec_true,1791363499.0026062,0.14406404504552484,1,0,
agentcore,latency,1,11,exec_true,1791363499.146677,0.14112946798559278,1,0,
agentcore,latency,1,11,exec_true,1791363499.2878146,0.16944708907976747,1,0,
agentcore,latency,1,11,upload_1MB,1791363499.4572706,0.13439759600441903,1,0,
agentcore,latency,1,11,download_1MB,1791363499.5916948,0.3621185739757493,1,0,
agentcore,latency,1,11,upload_8MB,1791363499.9538276,5.6722929229727015,1,0,
agentcore,latency,1,11,download_8MB,1791363505.6261544,5.565838567097671,1,0,
agentcore,latency,1,11,stop,1791363511.1920125,0.36238514992874116,1,0,
agentcore,latency,1,12,start,1791363511.556383,1.5673340830253437,1,0,
agentcore,latency,1,12,py_import_first,1791363513.1237278,1.8129061779472977,1,0,
agentcore,latency,1,12,py_import_again,1791363514.9366446,1.1601143110310659,1,0,
agentcore,latency,1,12,exec_true,1791363516.0967696,0.15406997804529965,1,0,
agentcore,latency,1,12,exec_true,1791363516.2508478,0.13845938898157328,1,0,
agentcore,latency,1,12,exec_true,1791363516.3893166,0.1602617329917848,1,0,
agentcore,latency,1,12,exec_true,1791363516.549585,0.13956138992216438,1,0,
agentcore,latency,1,12,exec_true,1791363516.6891525,0.1430284109665081,1,0,
agentcore,latency,1,12,exec_true,1791363516.8321867,0.10789627302438021,1,0,
agentcore,latency,1,12,exec_true,1791363516.94009,0.12872413895092905,1,0,
agentcore,latency,1,12,exec_true,1791363517.06882,0.14076817501336336,1,0,
agentcore,latency,1,12,exec_true,1791363517.2095942,0.20127890596631914,1,0,
agentcore,latency,1,12,exec_true,1791363517.4108791,0.15875263791531324,1,0,
agentcore,latency,1,12,exec_true,1791363517.5696404,0.13151511806063354,1,0,
agentcore,latency,1,12,exec_true,1791363517.7011623,0.15860990097280592,1,0,
agentcore,latency,1,12,exec_true,1791363517.8597786,0.24928435403853655,1,0,
agentcore,latency,1,12,exec_true,1791363518.1090693,0.1307618470164016,1,0,
agentcore,latency,1,12,exec_true,1791363518.2398374,0.12910877796821296,1,0,
agentcore,latency,1,12,exec_true,1791363518.368952,0.13037158804945648,1,0,
agentcore,latency,1,12,exec_true,1791363518.4993296,0.13985769299324602,1,0,
agentcore,latency,1,12,exec_true,1791363518.6391933,0.11918738798703998,1,0,
agentcore,latency,1,12,exec_true,1791363518.7583866,0.1417542330455035,1,0,
agentcore,latency,1,12,exec_true,1791363518.9001467,0.12976219994015992,1,0,
agentcore,latency,1,12,upload_1MB,1791363519.0299175,0.18033088103402406,1,0,
agentcore,latency,1,12,download_1MB,1791363519.210269,0.3586935509229079,1,0,
agentcore,latency,1,12,upload_8MB,1791363519.5689752,5.7448293779743835,1,0,
agentcore,latency,1,12,download_8MB,1791363525.313841,5.492936957976781,1,0,
agentcore,latency,1,12,stop,1791363530.806798,0.2048427469562739,1,0,
agentcore,latency,1,13,start,1791363531.013653,1.8502285679569468,1,0,
agentcore,latency,1,13,py_import_first,1791363532.863892,1.7483305810019374,1,0,
agentcore,latency,1,13,py_import_again,1791363534.6122313,1.2094833059236407,1,0,
agentcore,latency,1,13,exec_true,1791363535.821724,0.1404514709720388,1,0,
agentcore,latency,1,13,exec_true,1791363535.9621837,0.18955253704916686,1,0,
agentcore,latency,1,13,exec_true,1791363536.1517437,0.19051886710803956,1,0,
agentcore,latency,1,13,exec_true,1791363536.3422701,0.14132397307548672,1,0,
agentcore,latency,1,13,exec_true,1791363536.483601,0.13797321706078947,1,0,
agentcore,latency,1,13,exec_true,1791363536.6215813,0.17080448102205992,1,0,
agentcore,latency,1,13,exec_true,1791363536.792392,0.12999233894515783,1,0,
agentcore,latency,1,13,exec_true,1791363536.92239,0.13933664001524448,1,0,
agentcore,latency,1,13,exec_true,1791363537.0617328,0.13021006993949413,1,0,
agentcore,latency,1,13,exec_true,1791363537.191949,0.13952832692302763,1,0,
agentcore,latency,1,13,exec_true,1791363537.3314846,0.11955049098469317,1,0,
agentcore,latency,1,13,exec_true,1791363537.4510415,0.11962276604026556,1,0,
agentcore,latency,1,13,exec_true,1791363537.5706737,0.13220475206617266,1,0,
agentcore,latency,1,13,exec_true,1791363537.7028875,0.16024618491064757,1,0,
agentcore,latency,1,13,exec_true,1791363537.8631408,0.1688276759814471,1,0,
agentcore,latency,1,13,exec_true,1791363538.0319753,0.1302087209187448,1,0,
agentcore,latency,1,13,exec_true,1791363538.1621912,0.13962827692739666,1,0,
agentcore,latency,1,13,exec_true,1791363538.3018281,0.14030142896808684,1,0,
agentcore,latency,1,13,exec_true,1791363538.4421358,0.13993117993231863,1,0,
agentcore,latency,1,13,exec_true,1791363538.582073,0.14048033009748906,1,0,
agentcore,latency,1,13,upload_1MB,1791363538.7225611,0.15643286204431206,1,0,
agentcore,latency,1,13,download_1MB,1791363538.8790147,0.3530881960177794,1,0,
agentcore,latency,1,13,upload_8MB,1791363539.232117,5.723612058907747,1,0,
agentcore,latency,1,13,download_8MB,1791363544.955765,5.513897111057304,1,0,
agentcore,latency,1,13,stop,1791363550.46968,0.1984957759268582,1,0,
agentcore,latency,1,14,start,1791363550.669951,1.6012269780039787,1,0,
agentcore,latency,1,14,py_import_first,1791363552.2711942,2.4547889379318804,1,0,
agentcore,latency,1,14,py_import_again,1791363554.7259936,1.2013692141044885,1,0,
agentcore,latency,1,14,exec_true,1791363555.9273741,0.12973988498561084,1,0,
agentcore,latency,1,14,exec_true,1791363556.0571215,0.12967170390766114,1,0,
agentcore,latency,1,14,exec_true,1791363556.1868002,0.17015790403820574,1,0,
agentcore,latency,1,14,exec_true,1791363556.3569643,0.11974171304609627,1,0,
agentcore,latency,1,14,exec_true,1791363556.476712,0.14045590197201818,1,0,
agentcore,latency,1,14,exec_true,1791363556.6171732,0.12874863005708903,1,0,
agentcore,latency,1,14,exec_true,1791363556.745928,0.1300043840892613,1,0,
agentcore,latency,1,14,exec_true,1791363556.875938,0.18181954696774483,1,0,
agentcore,latency,1,14,exec_true,1791363557.0577636,0.1398434090660885,1,0,
agentcore,latency,1,14,exec_true,1791363557.1976125,0.12978466891217977,1,0,
agentcore,latency,1,14,exec_true,1791363557.3274028,0.1301232730038464,1,0,
agentcore,latency,1,14,exec_true,1791363557.4575317,0.13976849406026304,1,0,
agentcore,latency,1,14,exec_true,1791363557.597308,0.15958783600945026,1,0,
agentcore,latency,1,14,exec_true,1791363557.756904,0.13901710405480117,1,0,
agentcore,latency,1,14,exec_true,1791363557.8959277,0.1318918690085411,1,0,
agentcore,latency,1,14,exec_true,1791363558.0278254,0.13951069198083133,1,0,
agentcore,latency,1,14,exec_true,1791363558.1673422,0.14047337207011878,1,0,
agentcore,latency,1,14,exec_true,1791363558.3078249,0.13907446002122015,1,0,
agentcore,latency,1,14,exec_true,1791363558.446906,0.13998360803816468,1,0,
agentcore,latency,1,14,exec_true,1791363558.5868957,0.1504394649527967,1,0,
agentcore,latency,1,14,upload_1MB,1791363558.7373438,0.14491846493910998,1,0,
agentcore,latency,1,14,download_1MB,1791363558.882283,0.3580101050902158,1,0,
agentcore,latency,1,14,upload_8MB,1791363559.240305,5.638958089053631,1,0,
agentcore,latency,1,14,download_8MB,1791363564.879297,5.600177227985114,1,0,
agentcore,latency,1,14,stop,1791363570.4794922,0.16069448401685804,1,0,
agentcore,latency,1,15,start,1791363570.6420684,2.1292720700148493,1,0,
agentcore,latency,1,15,py_import_first,1791363572.7713513,2.007816463941708,1,0,
agentcore,latency,1,15,py_import_again,1791363574.779178,1.199952392023988,1,0,
agentcore,latency,1,15,exec_true,1791363575.9791396,0.33881009102333337,1,0,
agentcore,latency,1,15,exec_true,1791363576.3179574,0.13391249801497906,1,0,
agentcore,latency,1,15,exec_true,1791363576.4518764,0.12851293699350208,1,0,
agentcore,latency,1,15,exec_true,1791363576.580395,0.15956852305680513,1,0,
agentcore,latency,1,15,exec_true,1791363576.7399697,0.13143336004577577,1,0,
agentcore,latency,1,15,exec_true,1791363576.871409,0.1406474889954552,1,0,
agentcore,latency,1,15,exec_true,1791363577.0120623,0.12784605892375112,1,0,
agentcore,latency,1,15,exec_true,1791363577.1399148,0.1312063270015642,1,0,
agentcore,latency,1,15,exec_true,1791363577.2711267,0.12967494898475707,1,0,
agentcore,latency,1,15,exec_true,1791363577.4008071,0.1403754650382325,1,0,
agentcore,latency,1,15,exec_true,1791363577.5411909,0.11974547698628157,1,0,
agentcore,latency,1,15,exec_true,1791363577.6609435,0.12976617889944464,1,0,
agentcore,latency,1,15,exec_true,1791363577.7907162,0.13924599904567003,1,0,
agentcore,latency,1,15,exec_true,1791363577.929968,0.13127319095656276,1,0,
agentcore,latency,1,15,exec_true,1791363578.0612473,0.13995829597115517,1,0,
agentcore,latency,1,15,exec_true,1791363578.2012115,0.12928883999120444,1,0,
agentcore,latency,1,15,exec_true,1791363578.330506,0.1299523200141266,1,0,
agentcore,latency,1,15,exec_true,1791363578.4604642,0.12020436499733478,1,0,
agentcore,latency,1,15,exec_true,1791363578.580674,0.13965550798457116,1,0,
agentcore,latency,1,15,exec_true,1791363578.7203362,0.13029765395913273,1,0,
agentcore,latency,1,15,upload_1MB,1791363578.8506422,0.12551967101171613,1,0,
agentcore,latency,1,15,download_1MB,1791363578.9762204,0.3725432140054181,1,0,
agentcore,latency,1,15,upload_8MB,1791363579.3487782,5.635976359946653,1,0,
agentcore,latency,1,15,download_8MB,1791363584.9847891,5.600339175085537,1,0,
agentcore,latency,1,15,stop,1791363590.5851536,0.1797754029976204,1,0,
agentcore,latency,1,16,start,1791363590.7675142,1.8915368700399995,1,0,
agentcore,latency,1,16,py_import_first,1791363592.6590633,1.9259259409736842,1,0,
agentcore,latency,1,16,py_import_again,1791363594.585,1.172871830058284,1,0,
agentcore,latency,1,16,exec_true,1791363595.7578795,0.15811386401765049,1,0,
agentcore,latency,1,16,exec_true,1791363595.9160004,0.15063532697968185,1,0,
agentcore,latency,1,16,exec_true,1791363596.0666413,0.13969479699153453,1,0,
agentcore,latency,1,16,exec_true,1791363596.2063427,0.1507222120417282,1,0,
agentcore,latency,1,16,exec_true,1791363596.357071,0.12843942001927644,1,0,
agentcore,latency,1,16,exec_true,1791363596.4855173,0.14066099398769438,1,0,
agentcore,latency,1,16,exec_true,1791363596.6261847,0.13111043209210038,1,0,
agentcore,latency,1,16,exec_true,1791363596.757301,0.13042906404007226,1,0,
agentcore,latency,1,16,exec_true,1791363596.8877356,0.13855967507697642,1,0,
agentcore,latency,1,16,exec_true,1791363597.026301,0.12041866593062878,1,0,
agentcore,latency,1,16,exec_true,1791363597.146725,0.1200925069861114,1,0,
agentcore,latency,1,16,exec_true,1791363597.2668247,0.11912526097148657,1,0,
agentcore,latency,1,16,exec_true,1791363597.3859558,0.1795086229685694,1,0,
agentcore,latency,1,16,exec_true,1791363597.5654743,0.13176851707976311,1,0,
agentcore,latency,1,16,exec_true,1791363597.6972516,0.12819809606298804,1,0,
agentcore,latency,1,16,exec_true,1791363597.8254573,0.1311118920566514,1,0,
agentcore,latency,1,16,exec_true,1791363597.9565778,0.13960978703107685,1,0,
agentcore,latency,1,16,exec_true,1791363598.0961933,0.13015012501273304,1,0,
agentcore,latency,1,16,exec_true,1791363598.2263515,0.1302584980148822,1,0,
agentcore,latency,1,16,exec_true,1791363598.3566177,0.18427869596052915,1,0,
agentcore,latency,1,16,upload_1MB,1791363598.5409074,0.18609315797220916,1,0,
agentcore,latency,1,16,download_1MB,1791363598.7270207,0.3582076230086386,1,0,
agentcore,latency,1,16,upload_8MB,1791363599.0852404,5.708731803926639,1,0,
agentcore,latency,1,16,download_8MB,1791363604.794005,5.528823254979216,1,0,
agentcore,latency,1,16,stop,1791363610.3228478,0.17092277901247144,1,0,
agentcore,latency,1,17,start,1791363610.4955952,1.7604989130049944,1,0,
agentcore,latency,1,17,py_import_first,1791363612.256105,2.615920239011757,1,0,
agentcore,latency,1,17,py_import_again,1791363614.8720427,1.1825385430129245,1,0,
agentcore,latency,1,17,exec_true,1791363616.054592,0.12961025803815573,1,0,
agentcore,latency,1,17,exec_true,1791363616.1842105,0.13903640408534557,1,0,
agentcore,latency,1,17,exec_true,1791363616.3232527,0.13041134201921523,1,0,
agentcore,latency,1,17,exec_true,1791363616.4536707,0.3501604499761015,1,0,
agentcore,latency,1,17,exec_true,1791363616.8038387,0.12157584098167717,1,0,
agentcore,latency,1,17,exec_true,1791363616.9254215,0.13866854505613446,1,0,
agentcore,latency,1,17,exec_true,1791363617.0640972,0.4192080330103636,1,0,
agentcore,latency,1,17,exec_true,1791363617.483316,0.1412523250328377,1,0,
agentcore,latency,1,17,exec_true,1791363617.6245773,0.14031847496517003,1,0,
agentcore,latency,1,17,exec_true,1791363617.7649033,0.13860420393757522,1,0,
agentcore,latency,1,17,exec_true,1791363617.903514,0.46340053295716643,1,0,
agentcore,latency,1,17,exec_true,1791363618.3669229,0.13733521196991205,1,0,
agentcore,latency,1,17,exec_true,1791363618.5042663,0.13965982501395047,1,0,
agentcore,latency,1,17,exec_true,1791363618.6439333,0.16441954299807549,1,0,
agentcore,latency,1,17,exec_true,1791363618.80836,0.13644941104575992,1,0,
agentcore,latency,1,17,exec_true,1791363618.9448164,0.16095899802166969,1,0,
agentcore,latency,1,17,exec_true,1791363619.105782,0.12985247699543834,1,0,
agentcore,latency,1,17,exec_true,1791363619.235641,0.14804160699713975,1,0,
agentcore,latency,1,17,exec_true,1791363619.383692,0.1511055378941819,1,0,
agentcore,latency,1,17,exec_true,1791363619.5348067,0.1293165689567104,1,0,
agentcore,latency,1,17,upload_1MB,1791363619.6641352,0.16432117600925267,1,0,
agentcore,latency,1,17,download_1MB,1791363619.8284812,0.35715820302721113,1,0,
agentcore,latency,1,17,upload_8MB,1791363620.1856534,5.634826217079535,1,0,
agentcore,latency,1,17,download_8MB,1791363625.8205154,5.604393479065038,1,0,
agentcore,latency,1,17,stop,1791363631.4249275,0.223451282014139,1,0,
agentcore,latency,1,18,start,1791363631.650291,1.7862661050166935,1,0,
agentcore,latency,1,18,py_import_first,1791363633.4365678,2.428583813016303,1,0,
agentcore,latency,1,18,py_import_again,1791363635.8651633,1.213787819026038,1,0,
agentcore,latency,1,18,exec_true,1791363637.0789611,0.1687351040309295,1,0,
agentcore,latency,1,18,exec_true,1791363637.2477038,0.14975658990442753,1,0,
agentcore,latency,1,18,exec_true,1791363637.397469,0.15968800499103963,1,0,
agentcore,latency,1,18,exec_true,1791363637.5571656,0.13991233601700515,1,0,
agentcore,latency,1,18,exec_true,1791363637.6970859,0.12293547904118896,1,0,
agentcore,latency,1,18,exec_true,1791363637.8200336,0.136412060004659,1,0,
agentcore,latency,1,18,exec_true,1791363637.9564483,0.14221985696349293,1,0,
agentcore,latency,1,18,exec_true,1791363638.0986745,0.17840907303616405,1,0,
agentcore,latency,1,18,exec_true,1791363638.2770894,0.13215585297439247,1,0,
agentcore,latency,1,18,exec_true,1791363638.4092505,0.13853701401967555,1,0,
agentcore,latency,1,18,exec_true,1791363638.5477931,0.13913257501553744,1,0,
agentcore,latency,1,18,exec_true,1791363638.6869316,0.13952566508669406,1,0,
agentcore,latency,1,18,exec_true,1791363638.8264627,0.130495824967511,1,0,
agentcore,latency,1,18,exec_true,1791363638.956964,0.14067938108928502,1,0,
agentcore,latency,1,18,exec_true,1791363639.0976489,0.14051080599892884,1,0,
agentcore,latency,1,18,exec_true,1791363639.238165,0.14987801003735512,1,0,
agentcore,latency,1,18,exec_true,1791363639.388049,0.1298340349458158,1,0,
agentcore,latency,1,18,exec_true,1791363639.5178885,0.13168832007795572,1,0,
agentcore,latency,1,18,exec_true,1791363639.6495862,0.1378324090037495,1,0,
agentcore,latency,1,18,exec_true,1791363639.7874265,0.14127562497742474,1,0,
agentcore,latency,1,18,upload_1MB,1791363639.9287114,0.13764249393716455,1,0,
agentcore,latency,1,18,download_1MB,1791363640.0663738,0.3594182030064985,1,0,
agentcore,latency,1,18,upload_8MB,1791363640.4258049,5.734470905968919,1,0,
agentcore,latency,1,18,download_8MB,1791363646.160309,5.502531557925977,1,0,
agentcore,latency,1,18,stop,1791363651.6628592,0.2371099879965186,1,0,
agentcore,latency,1,19,start,1791363651.901977,2.4121852699900046,1,0,
agentcore,latency,1,19,py_import_first,1791363654.314173,2.6503638449357823,1,0,
agentcore,latency,1,19,py_import_again,1791363656.9645474,1.1581190450815484,1,0,
agentcore,latency,1,19,exec_true,1791363658.122678,0.1423639850690961,1,0,
agentcore,latency,1,19,exec_true,1791363658.26505,0.149770146002993,1,0,
agentcore,latency,1,19,exec_true,1791363658.4148262,0.2000942890299484,1,0,
agentcore,latency,1,19,exec_true,1791363658.61493,0.13097522198222578,1,0,
agentcore,latency,1,19,exec_true,1791363658.7459128,0.14138705504592508,1,0,
agentcore,latency,1,19,exec_true,1791363658.887306,0.127220926922746,1,0,
agentcore,latency,1,19,exec_true,1791363659.0145326,0.13080150296445936,1,0,
agentcore,latency,1,19,exec_true,1791363659.1453402,0.11942896607797593,1,0,
agentcore,latency,1,19,exec_true,1791363659.2647755,0.14017219305969775,1,0,
agentcore,latency,1,19,exec_true,1791363659.4049532,0.11962181399576366,1,0,
agentcore,latency,1,19,exec_true,1791363659.5245807,0.13112250599078834,1,0,
agentcore,latency,1,19,exec_true,1791363659.655712,0.1292887630406767,1,0,
agentcore,latency,1,19,exec_true,1791363659.7850087,0.16946906398516148,1,0,
agentcore,latency,1,19,exec_true,1791363659.9544845,0.13995521899778396,1,0,
agentcore,latency,1,19,exec_true,1791363660.0944462,0.1501291689928621,1,0,
agentcore,latency,1,19,exec_true,1791363660.2445807,0.13053812901489437,1,0,
agentcore,latency,1,19,exec_true,1791363660.3751247,0.16032779298257083,1,0,
agentcore,latency,1,19,exec_true,1791363660.5354578,0.14117217506282032,1,0,
agentcore,latency,1,19,exec_true,1791363660.676636,0.14938977803103626,1,0,
agentcore,latency,1,19,exec_true,1791363660.8260312,0.1287509260000661,1,0,
agentcore,latency,1,19,upload_1MB,1791363660.9547894,0.13663059193640947,1,0,
agentcore,latency,1,19,download_1MB,1791363661.0914433,0.3720005820505321,1,0,
agentcore,latency,1,19,upload_8MB,1791363661.463457,5.64015346695669,1,0,
agentcore,latency,1,19,download_8MB,1791363667.103647,5.5996906330110505,1,0,
agentcore,latency,1,19,stop,1791363672.7033582,0.16742461908143014,1,0,
agentcore,latency,1,20,start,1791363672.8726656,2.001888021011837,1,0,
agentcore,latency,1,20,py_import_first,1791363674.8745644,2.2516370420344174,1,0,
agentcore,latency,1,20,py_import_again,1791363677.12621,1.2419215100817382,1,0,
agentcore,latency,1,20,exec_true,1791363678.3681433,0.17986308794934303,1,0,
agentcore,latency,1,20,exec_true,1791363678.5480149,0.1493509920546785,1,0,
agentcore,latency,1,20,exec_true,1791363678.6973722,0.14217514090705663,1,0,
agentcore,latency,1,20,exec_true,1791363678.8395538,0.1480773410294205,1,0,
agentcore,latency,1,20,exec_true,1791363678.9876373,0.13346785900648683,1,0,
agentcore,latency,1,20,exec_true,1791363679.1211116,0.1472375390585512,1,0,
agentcore,latency,1,20,exec_true,1791363679.2683556,0.13950532709714025,1,0,
agentcore,latency,1,20,exec_true,1791363679.4078667,0.15092870395164937,1,0,
agentcore,latency,1,20,exec_true,1791363679.558801,0.16068686789367348,1,0,
agentcore,latency,1,20,exec_true,1791363679.7194967,0.13843303511384875,1,0,
agentcore,latency,1,20,exec_true,1791363679.857937,0.14031928696203977,1,0,
agentcore,latency,1,20,exec_true,1791363679.9982634,0.13933275104500353,1,0,
agentcore,latency,1,20,exec_true,1791363680.137602,0.13051768706645817,1,0,
agentcore,latency,1,20,exec_true,1791363680.2681262,0.14903431292623281,1,0,
agentcore,latency,1,20,exec_true,1791363680.4171662,0.1611701330402866,1,0,
agentcore,latency,1,20,exec_true,1791363680.5783424,0.13964845798909664,1,0,
agentcore,latency,1,20,exec_true,1791363680.7179976,0.14073609304614365,1,0,
agentcore,latency,1,20,exec_true,1791363680.8587403,0.1499937460757792,1,0,
agentcore,latency,1,20,exec_true,1791363681.00874,0.13984512398019433,1,0,
agentcore,latency,1,20,exec_true,1791363681.1485908,0.1099911289056763,1,0,
agentcore,latency,1,20,upload_1MB,1791363681.2585902,0.1515918578952551,1,0,
agentcore,latency,1,20,download_1MB,1791363681.410205,0.3561492000008002,1,0,
agentcore,latency,1,20,upload_8MB,1791363681.7663665,5.704403872950934,1,0,
agentcore,latency,1,20,download_8MB,1791363687.470805,5.532833080040291,1,0,
agentcore,latency,1,20,stop,1791363693.0036576,0.17806446889881045,1,0,
agentcore,latency,1,21,start,1791363693.1836746,1.6707401409512386,1,0,
agentcore,latency,1,21,py_import_first,1791363694.8544257,2.4469408959848806,1,0,
agentcore,latency,1,21,py_import_again,1791363697.3013773,1.1432295150589198,1,0,
agentcore,latency,1,21,exec_true,1791363698.44462,0.22910951008088887,1,0,
agentcore,latency,1,21,exec_true,1791363698.6737373,0.12678833305835724,1,0,
agentcore,latency,1,21,exec_true,1791363698.800533,0.23086718108970672,1,0,
agentcore,latency,1,21,exec_true,1791363699.0314078,0.13977976597379893,1,0,
agentcore,latency,1,21,exec_true,1791363699.1711948,0.14289804198779166,1,0,
agentcore,latency,1,21,exec_true,1791363699.3141003,0.1474061489570886,1,0,
agentcore,latency,1,21,exec_true,1791363699.4615135,0.2697334090480581,1,0,
agentcore,latency,1,21,exec_true,1791363699.7312534,0.1304078110260889,1,0,
agentcore,latency,1,21,exec_true,1791363699.861668,0.13983409199863672,1,0,
agentcore,latency,1,21,exec_true,1791363700.0015094,0.15041596698574722,1,0,
agentcore,latency,1,21,exec_true,1791363700.1519325,0.12991299002896994,1,0,
agentcore,latency,1,21,exec_true,1791363700.2818527,0.14035174204036593,1,0,
agentcore,latency,1,21,exec_true,1791363700.4222114,0.13864340796135366,1,0,
agentcore,latency,1,21,exec_true,1791363700.560861,0.14058109105098993,1,0,
agentcore,latency,1,21,exec_true,1791363700.7014494,0.1401021940400824,1,0,
agentcore,latency,1,21,exec_true,1791363700.8415582,0.15010033990256488,1,0,
agentcore,latency,1,21,exec_true,1791363700.9916663,0.238960852031596,1,0,
agentcore,latency,1,21,exec_true,1791363701.2306347,0.13030739303212613,1,0,
agentcore,latency,1,21,exec_true,1791363701.3609488,0.12997966294642538,1,0,
agentcore,latency,1,21,exec_true,1791363701.490935,0.1295114979147911,1,0,
agentcore,latency,1,21,upload_1MB,1791363701.620456,0.2455189599422738,1,0,
agentcore,latency,1,21,download_1MB,1791363701.8660007,0.3668727300828323,1,0,
agentcore,latency,1,21,upload_8MB,1791363702.232888,5.710094279027544,1,0,
agentcore,latency,1,21,download_8MB,1791363707.9430163,5.526995819993317,1,0,
agentcore,latency,1,21,stop,1791363713.4700313,0.1894182600080967,1,0,
agentcore,latency,1,22,start,1791363713.6613114,1.6658204379491508,1,0,
agentcore,latency,1,22,py_import_first,1791363715.3271422,1.8557566079543903,1,0,
agentcore,latency,1,22,py_import_again,1791363717.182907,1.1703083539614454,1,0,
agentcore,latency,1,22,exec_true,1791363718.353225,0.12627554102800786,1,0,
agentcore,latency,1,22,exec_true,1791363718.4795072,0.13981312490068376,1,0,
agentcore,latency,1,22,exec_true,1791363718.6193268,0.1816414170898497,1,0,
agentcore,latency,1,22,exec_true,1791363718.8009741,0.13946034805849195,1,0,
agentcore,latency,1,22,exec_true,1791363718.9404404,0.14294387598056346,1,0,
agentcore,latency,1,22,exec_true,1791363719.0833898,0.13671750598587096,1,0,
agentcore,latency,1,22,exec_true,1791363719.2201126,0.13993235200177878,1,0,
agentcore,latency,1,22,exec_true,1791363719.3600504,0.12930008198600262,1,0,
agentcore,latency,1,22,exec_true,1791363719.489356,0.12990526796784252,1,0,
agentcore,latency,1,22,exec_true,1791363719.6192672,0.1302885659970343,1,0,
agentcore,latency,1,22,exec_true,1791363719.7495613,0.12952771305572242,1,0,
agentcore,latency,1,22,exec_true,1791363719.8790953,0.14246630296111107,1,0,
agentcore,latency,1,22,exec_true,1791363720.0215673,0.14815848600119352,1,0,
agentcore,latency,1,22,exec_true,1791363720.1697314,0.13047395006287843,1,0,
agentcore,latency,1,22,exec_true,1791363720.3002107,0.1304148460039869,1,0,
agentcore,latency,1,22,exec_true,1791363720.4306312,0.13885888294316828,1,0,
agentcore,latency,1,22,exec_true,1791363720.5694952,0.131694842944853,1,0,
agentcore,latency,1,22,exec_true,1791363720.7011957,0.14954095799475908,1,0,
agentcore,latency,1,22,exec_true,1791363720.8507426,0.14902002201415598,1,0,
agentcore,latency,1,22,exec_true,1791363720.9997683,0.16121384594589472,1,0,
agentcore,latency,1,22,upload_1MB,1791363721.1609912,0.13338974793441594,1,0,
agentcore,latency,1,22,download_1MB,1791363721.294404,0.3720255009829998,1,0,
agentcore,latency,1,22,upload_8MB,1791363721.6664433,5.703004220034927,1,0,
agentcore,latency,1,22,download_8MB,1791363727.3694808,5.534325984073803,1,0,
agentcore,latency,1,22,stop,1791363732.9038255,0.17723222903441638,1,0,
agentcore,latency,1,23,start,1791363733.0828607,1.840485772001557,1,0,
agentcore,latency,1,23,py_import_first,1791363734.9233577,2.3571118640247732,1,0,
agentcore,latency,1,23,py_import_again,1791363737.2804813,1.2565806210041046,1,0,
agentcore,latency,1,23,exec_true,1791363738.5370736,0.1295614019036293,1,0,
agentcore,latency,1,23,exec_true,1791363738.6666434,0.21774547395762056,1,0,
agentcore,latency,1,23,exec_true,1791363738.8843958,0.130582690006122,1,0,
agentcore,latency,1,23,exec_true,1791363739.014986,0.12966826499905437,1,0,
agentcore,latency,1,23,exec_true,1791363739.1446614,0.14052713802084327,1,0,
agentcore,latency,1,23,exec_true,1791363739.2851954,0.12928522611036897,1,0,
agentcore,latency,1,23,exec_true,1791363739.4144876,0.1505086710676551,1,0,
agentcore,latency,1,23,exec_true,1791363739.5650055,0.1391699219821021,1,0,
agentcore,latency,1,23,exec_true,1791363739.7041845,0.1305279720108956,1,0,
agentcore,latency,1,23,exec_true,1791363739.834719,0.15009720204398036,1,0,
agentcore,latency,1,23,exec_true,1791363739.9848228,0.12057995900977403,1,0,
agentcore,latency,1,23,exec_true,1791363740.1054087,0.13936076301615685,1,0,
agentcore,latency,1,23,exec_true,1791363740.2447755,0.16033092001453042,1,0,
agentcore,latency,1,23,exec_true,1791363740.4051123,0.18996699305716902,1,0,
agentcore,latency,1,23,exec_true,1791363740.5950856,0.11893443996086717,1,0,
agentcore,latency,1,23,exec_true,1791363740.7140267,0.14192320802249014,1,0,
agentcore,latency,1,23,exec_true,1791363740.8559556,0.12868905498180538,1,0,
agentcore,latency,1,23,exec_true,1791363740.9846506,0.11859252699650824,1,0,
agentcore,latency,1,23,exec_true,1791363741.1032488,0.14226973697077483,1,0,
agentcore,latency,1,23,exec_true,1791363741.2455242,0.1490481219952926,1,0,
agentcore,latency,1,23,upload_1MB,1791363741.39458,0.13946957094594836,1,0,
agentcore,latency,1,23,download_1MB,1791363741.5340722,0.36418550403323025,1,0,
agentcore,latency,1,23,upload_8MB,1791363741.8982718,5.71393786999397,1,0,
agentcore,latency,1,23,download_8MB,1791363747.612238,5.523739182041027,1,0,
agentcore,latency,1,23,stop,1791363753.1359968,0.18845937692094594,1,0,
agentcore,latency,1,24,start,1791363753.3263357,1.929924358963035,1,0,
agentcore,latency,1,24,py_import_first,1791363755.2562706,2.604087634012103,1,0,
agentcore,latency,1,24,py_import_again,1791363757.8603685,1.1853924450697377,1,0,
agentcore,latency,1,24,exec_true,1791363759.0457687,0.14298685896210372,1,0,
agentcore,latency,1,24,exec_true,1791363759.1887622,0.14041250909212977,1,0,
agentcore,latency,1,24,exec_true,1791363759.3291807,0.1401632659835741,1,0,
agentcore,latency,1,24,exec_true,1791363759.4693499,0.16000643093138933,1,0,
agentcore,latency,1,24,exec_true,1791363759.629362,0.12479166104458272,1,0,
agentcore,latency,1,24,exec_true,1791363759.7541595,0.13539044302888215,1,0,
agentcore,latency,1,24,exec_true,1791363759.889557,0.11907114600762725,1,0,
agentcore,latency,1,24,exec_true,1791363760.008634,0.1314881209982559,1,0,
agentcore,latency,1,24,exec_true,1791363760.1401286,0.12840972107369453,1,0,
agentcore,latency,1,24,exec_true,1791363760.268544,0.14044770202599466,1,0,
agentcore,latency,1,24,exec_true,1791363760.4089973,0.1306828400120139,1,0,
agentcore,latency,1,24,exec_true,1791363760.5396857,0.14977930404711515,1,0,
agentcore,latency,1,24,exec_true,1791363760.6894708,0.20186891895718873,1,0,
agentcore,latency,1,24,exec_true,1791363760.891349,0.1281504570506513,1,0,
agentcore,latency,1,24,exec_true,1791363761.019506,0.159317079000175,1,0,
agentcore,latency,1,24,exec_true,1791363761.178829,0.13944126991555095,1,0,
agentcore,latency,1,24,exec_true,1791363761.318276,0.1313498099334538,1,0,
agentcore,latency,1,24,exec_true,1791363761.4496312,0.149088689009659,1,0,
agentcore,latency,1,24,exec_true,1791363761.5987258,0.13060183404013515,1,0,
agentcore,latency,1,24,exec_true,1791363761.7293344,0.15968837204854935,1,0,
agentcore,latency,1,24,upload_1MB,1791363761.88903,0.12265450297854841,1,0,
agentcore,latency,1,24,download_1MB,1791363762.0117054,0.3762594220461324,1,0,
agentcore,latency,1,24,upload_8MB,1791363762.387979,5.714810571051203,1,0,
agentcore,latency,1,24,download_8MB,1791363768.1028218,5.524034645990469,1,0,
agentcore,latency,1,24,stop,1791363773.6268768,0.18724519794341177,1,0,
agentcore,latency,1,25,start,1791363773.8159947,1.572014881996438,1,0,
agentcore,latency,1,25,py_import_first,1791363775.3880198,2.642533175065182,1,0,
agentcore,latency,1,25,py_import_again,1791363778.0305636,1.1625574519857764,1,0,
agentcore,latency,1,25,exec_true,1791363779.193128,0.1295512339565903,1,0,
agentcore,latency,1,25,exec_true,1791363779.3226857,0.20971621002536267,1,0,
agentcore,latency,1,25,exec_true,1791363779.532408,0.13001689093653113,1,0,
agentcore,latency,1,25,exec_true,1791363779.6624315,0.12082926405128092,1,0,
agentcore,latency,1,25,exec_true,1791363779.7832696,0.14286615897435695,1,0,
agentcore,latency,1,25,exec_true,1791363779.926142,0.1367032720008865,1,0,
agentcore,latency,1,25,exec_true,1791363780.062852,0.1307448309380561,1,0,
agentcore,latency,1,25,exec_true,1791363780.1936026,0.13927057210821658,1,0,
agentcore,latency,1,25,exec_true,1791363780.332879,0.1408909170422703,1,0,
agentcore,latency,1,25,exec_true,1791363780.4737756,0.15973319299519062,1,0,
agentcore,latency,1,25,exec_true,1791363780.6335192,0.12931006797589362,1,0,
agentcore,latency,1,25,exec_true,1791363780.7628355,0.13013538892846555,1,0,
agentcore,latency,1,25,exec_true,1791363780.8929765,0.13004208693746477,1,0,
agentcore,latency,1,25,exec_true,1791363781.0230246,0.13934925803914666,1,0,
agentcore,latency,1,25,exec_true,1791363781.16238,0.1405745199881494,1,0,
agentcore,latency,1,25,exec_true,1791363781.3029602,0.1285942109534517,1,0,
agentcore,latency,1,25,exec_true,1791363781.4315596,0.13178178190719336,1,0,
agentcore,latency,1,25,exec_true,1791363781.5633469,0.1891741780564189,1,0,
agentcore,latency,1,25,exec_true,1791363781.7525265,0.12012158997822553,1,0,
agentcore,latency,1,25,exec_true,1791363781.8726537,0.13009754195809364,1,0,
agentcore,latency,1,25,upload_1MB,1791363782.002759,0.13740330305881798,1,0,
agentcore,latency,1,25,download_1MB,1791363782.1401858,0.3617282889317721,1,0,
agentcore,latency,1,25,upload_8MB,1791363782.5019283,5.715889557031915,1,0,
agentcore,latency,1,25,download_8MB,1791363788.217851,5.521514932974242,1,0,
agentcore,latency,1,25,stop,1791363793.7393847,0.1771765019511804,1,0,
agentcore,latency,1,26,start,1791363793.918416,1.4308116860920563,1,0,
agentcore,latency,1,26,py_import_first,1791363795.3492393,14.92686543497257,1,0,
agentcore,latency,1,26,py_import_again,1791363810.2761228,1.2496211560210213,1,0,
agentcore,latency,1,26,exec_true,1791363811.5257535,0.17976005002856255,1,0,
agentcore,latency,1,26,exec_true,1791363811.705521,0.11969305097591132,1,0,
agentcore,latency,1,26,exec_true,1791363811.8252208,0.2406435920856893,1,0,
agentcore,latency,1,26,exec_true,1791363812.0658705,0.1286848010495305,1,0,
agentcore,latency,1,26,exec_true,1791363812.194562,0.13340793596580625,1,0,
agentcore,latency,1,26,exec_true,1791363812.327976,0.13800970604643226,1,0,
agentcore,latency,1,26,exec_true,1791363812.4659915,0.159000962972641,1,0,
agentcore,latency,1,26,exec_true,1791363812.6249988,0.14054805401246995,1,0,
agentcore,latency,1,26,exec_true,1791363812.765554,0.12077184394001961,1,0,
agentcore,latency,1,26,exec_true,1791363812.8863313,0.1188261880306527,1,0,
agentcore,latency,1,26,exec_true,1791363813.0051646,0.14938573504332453,1,0,
agentcore,latency,1,26,exec_true,1791363813.1545563,0.12291945703327656,1,0,
agentcore,latency,1,26,exec_true,1791363813.2774823,0.1274293689057231,1,0,
agentcore,latency,1,26,exec_true,1791363813.4049172,0.11984499194659293,1,0,
agentcore,latency,1,26,exec_true,1791363813.5247684,0.1298809249419719,1,0,
agentcore,latency,1,26,exec_true,1791363813.654655,0.25111810700036585,1,0,
agentcore,latency,1,26,exec_true,1791363813.9057796,0.13979233603458852,1,0,
agentcore,latency,1,26,exec_true,1791363814.0455782,0.13969553110655397,1,0,
agentcore,latency,1,26,exec_true,1791363814.1852806,0.14048457494936883,1,0,
agentcore,latency,1,26,exec_true,1791363814.325771,0.16983499005436897,1,0,
agentcore,latency,1,26,upload_1MB,1791363814.4956133,0.1319040860980749,1,0,
agentcore,latency,1,26,download_1MB,1791363814.627542,0.37021210498642176,1,0,
agentcore,latency,1,26,upload_8MB,1791363814.997767,5.635285417083651,1,0,
agentcore,latency,1,26,download_8MB,1791363820.633087,5.602441714028828,1,0,
agentcore,latency,1,26,stop,1791363826.2355468,0.19983471895102412,1,0,
agentcore,latency,1,27,start,1791363826.4372692,1.8011658230097964,1,0,
agentcore,latency,1,27,py_import_first,1791363828.2384458,4.111021195072681,1,0,
agentcore,latency,1,27,py_import_again,1791363832.3494806,1.2211134760873392,1,0,
agentcore,latency,1,27,exec_true,1791363833.5706046,0.15371989901177585,1,0,
agentcore,latency,1,27,exec_true,1791363833.7243319,0.12976857391186059,1,0,
agentcore,latency,1,27,exec_true,1791363833.8541064,0.14001821307465434,1,0,
agentcore,latency,1,27,exec_true,1791363833.9941304,0.12903569196350873,1,0,
agentcore,latency,1,27,exec_true,1791363834.1231723,0.13118003902491182,1,0,
agentcore,latency,1,27,exec_true,1791363834.254358,0.13908467895817012,1,0,
agentcore,latency,1,27,exec_true,1791363834.393448,0.19047332101035863,1,0,
agentcore,latency,1,27,exec_true,1791363834.5839276,0.16010429500602186,1,0,
agentcore,latency,1,27,exec_true,1791363834.744045,0.12904165696818382,1,0,
agentcore,latency,1,27,exec_true,1791363834.8730931,0.14100437692832202,1,0,
agentcore,latency,1,27,exec_true,1791363835.0141063,0.12898612406570464,1,0,
agentcore,latency,1,27,exec_true,1791363835.1430993,0.1310039390809834,1,0,
agentcore,latency,1,27,exec_true,1791363835.2741091,0.13963215600233525,1,0,
agentcore,latency,1,27,exec_true,1791363835.4137475,0.13996641605626792,1,0,
agentcore,latency,1,27,exec_true,1791363835.5537195,0.12962156208232045,1,0,
agentcore,latency,1,27,exec_true,1791363835.6833467,0.14173267991282046,1,0,
agentcore,latency,1,27,exec_true,1791363835.8250852,0.12849682697560638,1,0,
agentcore,latency,1,27,exec_true,1791363835.953588,0.14020880905445665,1,0,
agentcore,latency,1,27,exec_true,1791363836.0938022,0.14095418096985668,1,0,
agentcore,latency,1,27,exec_true,1791363836.2347624,0.13981420698110014,1,0,
agentcore,latency,1,27,upload_1MB,1791363836.3745837,0.13545321603305638,1,0,
agentcore,latency,1,27,download_1MB,1791363836.51006,0.36323939892463386,1,0,
agentcore,latency,1,27,upload_8MB,1791363836.8733108,5.70141538605094,1,0,
agentcore,latency,1,27,download_8MB,1791363842.574761,5.543268615030684,1,0,
agentcore,latency,1,27,stop,1791363848.1180716,0.16714363009668887,1,0,
agentcore,latency,1,28,start,1791363848.2876866,1.5891288999700919,1,0,
agentcore,latency,1,28,py_import_first,1791363849.8768282,2.0290598219726235,1,0,
agentcore,latency,1,28,py_import_again,1791363851.9058993,1.1864785449579358,1,0,
agentcore,latency,1,28,exec_true,1791363853.092389,0.15638624399434775,1,0,
agentcore,latency,1,28,exec_true,1791363853.2487826,0.14376643288414925,1,0,
agentcore,latency,1,28,exec_true,1791363853.3925562,0.11786498303990811,1,0,
agentcore,latency,1,28,exec_true,1791363853.5104277,0.12045307806693017,1,0,
agentcore,latency,1,28,exec_true,1791363853.6308901,0.14022252999711782,1,0,
agentcore,latency,1,28,exec_true,1791363853.77112,0.1181871599983424,1,0,
agentcore,latency,1,28,exec_true,1791363853.8893166,0.13044955802615732,1,0,
agentcore,latency,1,28,exec_true,1791363854.0197737,0.13107403903268278,1,0,
agentcore,latency,1,28,exec_true,1791363854.1508543,0.1390576249687001,1,0,
agentcore,latency,1,28,exec_true,1791363854.289919,0.13878921594005078,1,0,
agentcore,latency,1,28,exec_true,1791363854.428714,0.17547651496715844,1,0,
agentcore,latency,1,28,exec_true,1791363854.6041977,0.13538003701251,1,0,
agentcore,latency,1,28,exec_true,1791363854.7395844,0.14015360595658422,1,0,
agentcore,latency,1,28,exec_true,1791363854.8797476,0.13012367696501315,1,0,
agentcore,latency,1,28,exec_true,1791363855.009878,0.1505645029246807,1,0,
agentcore,latency,1,28,exec_true,1791363855.1604493,0.14035131700802594,1,0,
agentcore,latency,1,28,exec_true,1791363855.300808,0.12854798196349293,1,0,
agentcore,latency,1,28,exec_true,1791363855.429362,0.1302783819846809,1,0,
agentcore,latency,1,28,exec_true,1791363855.559649,0.13169959594961256,1,0,
agentcore,latency,1,28,exec_true,1791363855.691355,0.12855847098398954,1,0,
agentcore,latency,1,28,upload_1MB,1791363855.8199213,0.14051010098773986,1,0,
agentcore,latency,1,28,download_1MB,1791363855.9604602,0.3586231250083074,1,0,
agentcore,latency,1,28,upload_8MB,1791363856.3190973,5.635942164924927,1,0,
agentcore,latency,1,28,download_8MB,1791363861.9550738,5.599241508054547,1,0,
agentcore,latency,1,28,stop,1791363867.554333,0.16559727501589805,1,0,
agentcore,latency,1,29,start,1791363867.7218118,2.367752260994166,1,0,
agentcore,latency,1,29,py_import_first,1791363870.0895758,6.715131440083496,1,0,
agentcore,latency,1,29,py_import_again,1791363876.8047183,1.5314396150643006,1,0,
agentcore,latency,1,29,exec_true,1791363878.3361695,0.15311906894203275,1,0,
agentcore,latency,1,29,exec_true,1791363878.489296,0.1818746270146221,1,0,
agentcore,latency,1,29,exec_true,1791363878.6711774,0.1378676570020616,1,0,
agentcore,latency,1,29,exec_true,1791363878.809051,0.15155844495166093,1,0,
agentcore,latency,1,29,exec_true,1791363878.9606156,0.15003352402709424,1,0,
agentcore,latency,1,29,exec_true,1791363879.1106553,0.15888426499441266,1,0,
agentcore,latency,1,29,exec_true,1791363879.2695456,0.14066143904346973,1,0,
agentcore,latency,1,29,exec_true,1791363879.4102123,0.17935870902147144,1,0,
agentcore,latency,1,29,exec_true,1791363879.589577,0.18030919402372092,1,0,
agentcore,latency,1,29,exec_true,1791363879.7698958,0.15015509293880314,1,0,
agentcore,latency,1,29,exec_true,1791363879.9200583,0.13085634098388255,1,0,
agentcore,latency,1,29,exec_true,1791363880.0509212,0.13958578603342175,1,0,
agentcore,latency,1,29,exec_true,1791363880.1905136,0.1485157370334491,1,0,
agentcore,latency,1,29,exec_true,1791363880.3390357,0.14101395290344954,1,0,
agentcore,latency,1,29,exec_true,1791363880.4800565,0.13884358201175928,1,0,
agentcore,latency,1,29,exec_true,1791363880.6189063,0.248666501021944,1,0,
agentcore,latency,1,29,exec_true,1791363880.8675816,0.14212837989907712,1,0,
agentcore,latency,1,29,exec_true,1791363881.009717,0.13961825100705028,1,0,
agentcore,latency,1,29,exec_true,1791363881.149342,0.13972932496108115,1,0,
agentcore,latency,1,29,exec_true,1791363881.2890775,0.1515284440247342,1,0,
agentcore,latency,1,29,upload_1MB,1791363881.4406133,0.16725768498145044,1,0,
agentcore,latency,1,29,download_1MB,1791363881.607895,0.3555805509677157,1,0,
agentcore,latency,1,29,upload_8MB,1791363881.9635305,5.674380417098291,1,0,
agentcore,latency,1,29,download_8MB,1791363887.637942,5.563447751919739,1,0,
agentcore,latency,1,29,stop,1791363893.2014098,0.16873458994086832,1,0,
agentcore,concurrency,8,3,start,1791363893.3805714,1.9268323020078242,1,0,
agentcore,concurrency,8,0,start,1791363893.372166,2.0006737229414284,1,0,
agentcore,concurrency,8,5,start,1791363893.3862062,1.9931209409842268,1,0,
agentcore,concurrency,8,6,start,1791363893.3888676,2.0168832930503413,1,0,
agentcore,concurrency,8,2,start,1791363893.3778548,2.1466853079618886,1,0,
agentcore,concurrency,8,1,start,1791363893.3749192,2.274541719001718,1,0,
agentcore,concurrency,8,4,start,1791363893.3836143,2.2684735381044447,1,0,
agentcore,concurrency,8,6,exec_true,1791363895.4057572,0.25752589001785964,1,0,
agentcore,concurrency,8,0,exec_true,1791363895.3728478,0.2979722369927913,1,0,
agentcore,concurrency,8,3,exec_true,1791363895.3074172,0.4153867489658296,1,0,
agentcore,concurrency,8,5,exec_true,1791363895.379334,0.3485665109474212,1,0,
agentcore,concurrency,8,0,exec_true,1791363895.6708267,0.13597987301182002,1,0,
agentcore,concurrency,8,2,exec_true,1791363895.5245595,0.29178400698583573,1,0,
agentcore,concurrency,8,6,exec_true,1791363895.6632917,0.21779104799497873,1,0,
agentcore,concurrency,8,7,start,1791363893.391495,2.502056950936094,1,0,
agentcore,concurrency,8,3,exec_true,1791363895.7228103,0.17985334200784564,1,0,
agentcore,concurrency,8,1,exec_true,1791363895.6494734,0.2936157500371337,1,0,
agentcore,concurrency,8,0,exec_true,1791363895.8068137,0.13954643195029348,1,0,
agentcore,concurrency,8,5,exec_true,1791363895.7279067,0.24642483401112258,1,0,
agentcore,concurrency,8,4,exec_true,1791363895.6520953,0.32827679498586804,1,0,
agentcore,concurrency,8,3,exec_true,1791363895.9026704,0.1480676600476727,1,0,
agentcore,concurrency,8,2,exec_true,1791363895.8163555,0.24608935706783086,1,0,
agentcore,concurrency,8,0,exec_true,1791363895.9463668,0.12087248405441642,1,0,
agentcore,concurrency,8,6,exec_true,1791363895.8810945,0.18940548703540117,1,0,
agentcore,concurrency,8,1,exec_true,1791363895.9430966,0.15691426792182028,1,0,
agentcore,concurrency,8,4,exec_true,1791363895.980378,0.20628491893876344,1,0,
agentcore,concurrency,8,3,exec_true,1791363896.0507448,0.13890084391459823,1,0,
agentcore,concurrency,8,6,exec_true,1791363896.0705054,0.13129669800400734,1,0,
agentcore,concurrency,8,5,exec_true,1791363895.974338,0.2310133120045066,1,0,
agentcore,concurrency,8,2,exec_true,1791363896.0624561,0.15128820098470896,1,0,
agentcore,concurrency,8,0,exec_true,1791363896.0672503,0.15916483290493488,1,0,
agentcore,concurrency,8,1,exec_true,1791363896.1000175,0.22967489797156304,1,0,
agentcore,concurrency,8,6,exec_true,1791363896.2018082,0.12905892403796315,1,0,
agentcore,concurrency,8,2,exec_true,1791363896.2137535,0.11959240201395005,1,0,
agentcore,concurrency,8,5,exec_true,1791363896.2053573,0.1294614359503612,1,0,
agentcore,concurrency,8,0,exec_true,1791363896.2264254,0.13980238302610815,1,0,
agentcore,concurrency,8,4,exec_true,1791363896.1866708,0.2102930530672893,1,0,
agentcore,concurrency,8,3,exec_true,1791363896.1896524,0.26004003500565886,1,0,
agentcore,concurrency,8,2,exec_true,1791363896.3333538,0.12901026394683868,1,0,
agentcore,concurrency,8,6,exec_true,1791363896.330873,0.1400008340133354,1,0,
agentcore,concurrency,8,5,exec_true,1791363896.3348303,0.139302700990811,1,0,
agentcore,concurrency,8,4,exec_true,1791363896.39697,0.1296631230507046,1,0,
agentcore,concurrency,8,0,exec_true,1791363896.366235,0.20116333500482142,1,0,
agentcore,concurrency,8,1,exec_true,1791363896.3297005,0.240085760015063,1,0,
agentcore,concurrency,8,3,exec_true,1791363896.4496999,0.1392573530320078,1,0,
agentcore,concurrency,8,2,exec_true,1791363896.462371,0.1413122999947518,1,0,
agentcore,concurrency,8,6,exec_true,1791363896.4708803,0.13402454601600766,1,0,
agentcore,concurrency,8,5,exec_true,1791363896.4741418,0.15062767697963864,1,0,
agentcore,concurrency,8,7,exec_true,1791363895.8935585,0.7605140489758924,1,0,
agentcore,concurrency,8,4,exec_true,1791363896.526643,0.14020974200684577,1,0,
agentcore,concurrency,8,1,exec_true,1791363896.5697925,0.11929109203629196,1,0,
agentcore,concurrency,8,6,exec_true,1791363896.6049109,0.1151299379998818,1,0,
agentcore,concurrency,8,2,exec_true,1791363896.6036904,0.12001322803553194,1,0,
agentcore,concurrency,8,0,exec_true,1791363896.567405,0.15987780003342777,1,0,
agentcore,concurrency,8,5,exec_true,1791363896.6247764,0.12916265695821494,1,0,
agentcore,concurrency,8,7,exec_true,1791363896.6540792,0.13516855600755662,1,0,
agentcore,concurrency,8,4,exec_true,1791363896.6668618,0.1430648840032518,1,0,
agentcore,concurrency,8,3,exec_true,1791363896.5889635,0.2302461180370301,1,0,
agentcore,concurrency,8,1,exec_true,1791363896.6890929,0.1393009830499068,1,0,
agentcore,concurrency,8,0,exec_true,1791363896.7272892,0.12944096000865102,1,0,
agentcore,concurrency,8,6,exec_true,1791363896.7200527,0.141233591013588,1,0,
agentcore,concurrency,8,5,exec_true,1791363896.7539449,0.14194512995891273,1,0,
agentcore,concurrency,8,4,exec_true,1791363896.8099337,0.12923927698284388,1,0,
agentcore,concurrency,8,3,exec_true,1791363896.8192155,0.1406706089619547,1,0,
agentcore,concurrency,8,1,exec_true,1791363896.8284018,0.14340348995756358,1,0,
agentcore,concurrency,8,0,exec_true,1791363896.8567395,0.12917674495838583,1,0,
agentcore,concurrency,8,2,exec_true,1791363896.72371,0.26372732198797166,1,0,
agentcore,concurrency,8,6,exec_true,1791363896.861293,0.12949263700284064,1,0,
agentcore,concurrency,8,7,exec_true,1791363896.789255,0.22963669802993536,1,0,
agentcore,concurrency,8,5,exec_true,1791363896.895896,0.15018696803599596,1,0,
agentcore,concurrency,8,4,exec_true,1791363896.9391801,0.11724176001735032,1,0,
agentcore,concurrency,8,1,exec_true,1791363896.971813,0.12726131197996438,1,0,
agentcore,concurrency,8,3,exec_true,1791363896.9598923,0.14038833300583065,1,0,
agentcore,concurrency,8,2,exec_true,1791363896.9874473,0.1372499109711498,1,0,
agentcore,concurrency,8,0,stop,1791363896.9859293,0.18944106297567487,1,0,
agentcore,concurrency,8,6,stop,1791363896.9907956,0.18695756199304014,1,0,
agentcore,concurrency,8,5,exec_true,1791363897.0460892,0.13770016806665808,1,0,
agentcore,concurrency,8,4,exec_true,1791363897.056428,0.13175102800596505,1,0,
agentcore,concurrency,8,1,exec_true,1791363897.0990806,0.1394089770037681,1,0,
agentcore,concurrency,8,3,exec_true,1791363897.1002867,0.13992312795016915,1,0,
agentcore,concurrency,8,2,exec_true,1791363897.124705,0.12754887097980827,1,0,
agentcore,concurrency,8,4,exec_true,1791363897.1881857,0.11973123799543828,1,0,
agentcore,concurrency,8,7,exec_true,1791363897.0188978,0.2984940839232877,1,0,
agentcore,concurrency,8,5,stop,1791363897.1837978,0.183073092950508,1,0,
agentcore,concurrency,8,1,exec_true,1791363897.2384958,0.14266697294078767,1,0,
agentcore,concurrency,8,3,stop,1791363897.2402167,0.16338776191696525,1,0,
agentcore,concurrency,8,2,stop,1791363897.2522607,0.15576430002693087,1,0,
agentcore,concurrency,8,7,exec_true,1791363897.3173976,0.1293579189805314,1,0,
agentcore,concurrency,8,4,stop,1791363897.3079233,0.1703331460012123,1,0,
agentcore,concurrency,8,1,stop,1791363897.3811755,0.17402336304076016,1,0,
agentcore,concurrency,8,7,exec_true,1791363897.446762,0.13112021097913384,1,0,
agentcore,concurrency,8,7,exec_true,1791363897.577892,0.1285625429591164,1,0,
agentcore,concurrency,8,7,exec_true,1791363897.7064643,0.13001824298407882,1,0,
agentcore,concurrency,8,7,exec_true,1791363897.8364959,0.1539899850031361,1,0,
agentcore,concurrency,8,7,exec_true,1791363897.9904926,0.24652645003516227,1,0,
agentcore,concurrency,8,7,stop,1791363898.2370293,0.17338303395081311,1,0,
agentcore,concurrency,32,1,start,1791363928.4391356,1.6668734829872847,1,0,
agentcore,concurrency,32,3,start,1791363928.4471233,1.6827222750289366,1,0,
agentcore,concurrency,32,6,start,1791363928.4571767,1.6807885670568794,1,0,
agentcore,concurrency,32,5,start,1791363928.4537492,1.7080045090988278,1,0,
agentcore,concurrency,32,7,start,1791363928.4600782,1.8130896489601582,1,0,
agentcore,concurrency,32,0,start,1791363928.435855,1.850057661999017,1,0,
agentcore,concurrency,32,4,start,1791363928.451071,1.925558672985062,1,0,
agentcore,concurrency,32,5,exec_true,1791363930.1617694,0.2576136860297993,1,0,
agentcore,concurrency,32,3,exec_true,1791363930.1298532,0.2942800499731675,1,0,
agentcore,concurrency,32,1,exec_true,1791363930.106025,0.32232704397756606,1,0,
agentcore,concurrency,32,11,start,1791363928.4706671,1.9686196070397273,1,0,
agentcore,concurrency,32,6,exec_true,1791363930.137973,0.3093577710678801,1,0,
agentcore,concurrency,32,0,exec_true,1791363930.285919,0.26595177000854164,1,0,
agentcore,concurrency,32,3,exec_true,1791363930.4241462,0.13645901600830257,1,0,
agentcore,concurrency,32,7,exec_true,1791363930.273179,0.28931902605108917,1,0,
agentcore,concurrency,32,10,start,1791363928.468073,2.139538537012413,1,0,
agentcore,concurrency,32,2,start,1791363928.4420037,2.1784870950505137,1,0,
agentcore,concurrency,32,1,exec_true,1791363930.4283595,0.22862401802558452,1,0,
agentcore,concurrency,32,0,exec_true,1791363930.5518787,0.11911731003783643,1,0,
agentcore,concurrency,32,6,exec_true,1791363930.4473376,0.22672781604342163,1,0,
agentcore,concurrency,32,3,exec_true,1791363930.5606122,0.12963789096102118,1,0,
agentcore,concurrency,32,26,start,1791363928.5099893,2.213739812024869,1,0,
agentcore,concurrency,32,5,exec_true,1791363930.4194422,0.31535887089557946,1,0,
agentcore,concurrency,32,7,exec_true,1791363930.5625043,0.2252795440144837,1,0,
agentcore,concurrency,32,6,exec_true,1791363930.6740718,0.13010545494034886,1,0,
agentcore,concurrency,32,1,exec_true,1791363930.6569917,0.16951170191168785,1,0,
agentcore,concurrency,32,17,start,1791363928.486934,2.3566600349731743,1,0,
agentcore,concurrency,32,16,start,1791363928.483958,2.3736785480286926,1,0,
agentcore,concurrency,32,0,exec_true,1791363930.671003,0.2097666570916772,1,0,
agentcore,concurrency,32,4,exec_true,1791363930.3766363,0.5059322760207579,1,0,
agentcore,concurrency,32,27,start,1791363928.5124733,2.3748155860230327,1,0,
agentcore,concurrency,32,15,start,1791363928.4812686,2.4074004960712045,1,0,
agentcore,concurrency,32,5,exec_true,1791363930.734808,0.1608724349644035,1,0,
agentcore,concurrency,32,14,start,1791363928.4787583,2.4185692130122334,1,0,
agentcore,concurrency,32,23,start,1791363928.502332,2.4040672990959138,1,0,
agentcore,concurrency,32,3,exec_true,1791363930.690257,0.21954018692485988,1,0,
agentcore,concurrency,32,8,start,1791363928.4627643,2.4507503730710596,1,0,
agentcore,concurrency,32,6,exec_true,1791363930.8041837,0.11885378800798208,1,0,
agentcore,concurrency,32,7,exec_true,1791363930.7877936,0.14075197000056505,1,0,
agentcore,concurrency,32,28,start,1791363928.5150037,2.421466963016428,1,0,
agentcore,concurrency,32,18,start,1791363928.4894845,2.457070205011405,1,0,
agentcore,concurrency,32,2,exec_true,1791363930.6204972,0.3292235549306497,1,0,
agentcore,concurrency,32,30,start,1791363928.5200634,2.431938112946227,1,0,
agentcore,concurrency,32,21,start,1791363928.497251,2.4603034959873185,1,0,
agentcore,concurrency,32,29,start,1791363928.517579,2.444652750971727,1,0,
agentcore,concurrency,32,22,start,1791363928.499831,2.468627779977396,1,0,
agentcore,concurrency,32,11,exec_true,1791363930.439293,0.5593362699728459,1,0,
agentcore,concurrency,32,0,exec_true,1791363930.880779,0.12870695593301207,1,0,
agentcore,concurrency,32,10,exec_true,1791363930.607618,0.41130985191557556,1,0,
agentcore,concurrency,32,5,exec_true,1791363930.8956902,0.1283031920902431,1,0,
agentcore,concurrency,32,12,start,1791363928.4734054,2.5569939219858497,1,0,
agentcore,concurrency,32,3,exec_true,1791363930.9098043,0.13137487007770687,1,0,
agentcore,concurrency,32,1,exec_true,1791363930.8265095,0.21846874500624835,1,0,
agentcore,concurrency,32,6,exec_true,1791363930.9230437,0.12998512701597065,1,0,
agentcore,concurrency,32,7,exec_true,1791363930.9285517,0.12922862998675555,1,0,
agentcore,concurrency,32,17,exec_true,1791363930.8436007,0.23807390208821744,1,0,
agentcore,concurrency,32,4,exec_true,1791363930.8825743,0.21530934097245336,1,0,
agentcore,concurrency,32,2,exec_true,1791363930.949727,0.15646107005886734,1,0,
agentcore,concurrency,32,25,start,1791363928.5074806,2.6074157409602776,1,0,
agentcore,concurrency,32,11,exec_true,1791363930.998636,0.14684754493646324,1,0,
agentcore,concurrency,32,20,start,1791363928.4946315,2.6536762970499694,1,0,
agentcore,concurrency,32,0,exec_true,1791363931.009492,0.14015010290313512,1,0,
agentcore,concurrency,32,5,exec_true,1791363931.0240023,0.13047377101611346,1,0,
agentcore,concurrency,32,10,exec_true,1791363931.018934,0.13760478899348527,1,0,
agentcore,concurrency,32,19,start,1791363928.492056,2.668520078063011,1,0,
agentcore,concurrency,32,16,exec_true,1791363930.8576446,0.3134712621103972,1,0,
agentcore,concurrency,32,23,exec_true,1791363930.9064052,0.26716510602273047,1,0,
agentcore,concurrency,32,3,exec_true,1791363931.0411859,0.13882641203235835,1,0,
agentcore,concurrency,32,27,exec_true,1791363930.887295,0.29792003403417766,1,0,
agentcore,concurrency,32,1,exec_true,1791363931.0449848,0.14136566501110792,1,0,
agentcore,concurrency,32,7,exec_true,1791363931.0577865,0.13097612792626023,1,0,
agentcore,concurrency,32,24,start,1791363928.5048559,2.684988025925122,1,0,
agentcore,concurrency,32,14,exec_true,1791363930.8973377,0.304322607931681,1,0,
agentcore,concurrency,32,6,exec_true,1791363931.0530353,0.15225861698854715,1,0,
agentcore,concurrency,32,29,exec_true,1791363930.9622371,0.24767131498083472,1,0,
agentcore,concurrency,32,8,exec_true,1791363930.9135203,0.29961578792426735,1,0,
agentcore,concurrency,32,26,exec_true,1791363930.7237413,0.5063495499780402,1,0,
agentcore,concurrency,32,9,start,1791363928.4652376,2.7669797700364143,1,0,
agentcore,concurrency,32,22,exec_true,1791363930.9684644,0.2697559769731015,1,0,
agentcore,concurrency,32,2,exec_true,1791363931.1061945,0.1320640769554302,1,0,
agentcore,concurrency,32,21,exec_true,1791363930.95756,0.2860563809517771,1,0,
agentcore,concurrency,32,4,exec_true,1791363931.0978901,0.15657728095538914,1,0,
agentcore,concurrency,32,30,exec_true,1791363930.9520066,0.30922604096122086,1,0,
agentcore,concurrency,32,0,exec_true,1791363931.1496482,0.13064354890957475,1,0,
agentcore,concurrency,32,11,exec_true,1791363931.145491,0.14889140892773867,1,0,
agentcore,concurrency,32,5,exec_true,1791363931.1544852,0.14122914895415306,1,0,
agentcore,concurrency,32,10,exec_true,1791363931.156548,0.14082313899416476,1,0,
agentcore,concurrency,32,3,exec_true,1791363931.180019,0.12286253401543945,1,0,
agentcore,concurrency,32,23,exec_true,1791363931.1735792,0.1367993039311841,1,0,
agentcore,concurrency,32,7,exec_true,1791363931.1887689,0.13018312689382583,1,0,
agentcore,concurrency,32,1,exec_true,1791363931.1863565,0.13980066392105073,1,0,
agentcore,concurrency,32,14,exec_true,1791363931.2016664,0.13638372905552387,1,0,
agentcore,concurrency,32,27,exec_true,1791363931.185221,0.1557101469952613,1,0,
agentcore,concurrency,32,17,exec_true,1791363931.081681,0.26617261802311987,1,0,
agentcore,concurrency,32,8,exec_true,1791363931.213142,0.13822908303700387,1,0,
agentcore,concurrency,32,29,exec_true,1791363931.2099144,0.15566131507512182,1,0,
agentcore,concurrency,32,2,exec_true,1791363931.2382638,0.14801432902459055,1,0,
agentcore,concurrency,32,22,exec_true,1791363931.238227,0.1563941480126232,1,0,
agentcore,concurrency,32,28,exec_true,1791363930.9364767,0.46770495898090303,1,0,
agentcore,concurrency,32,16,exec_true,1791363931.1711235,0.2470362049061805,1,0,
agentcore,concurrency,32,11,exec_true,1791363931.2943888,0.1383691020309925,1,0,
agentcore,concurrency,32,10,exec_true,1791363931.2973826,0.13783433695789427,1,0,
agentcore,concurrency,32,0,exec_true,1791363931.280298,0.15903025900479406,1,0,
agentcore,concurrency,32,5,exec_true,1791363931.2957232,0.14835659496020526,1,0,
agentcore,concurrency,32,13,start,1791363928.4762435,2.967915754998103,1,0,
agentcore,concurrency,32,18,exec_true,1791363930.9465609,0.4996179669396952,1,0,
agentcore,concurrency,32,23,exec_true,1791363931.310386,0.1401706769829616,1,0,
agentcore,concurrency,32,12,exec_true,1791363931.0304074,0.42492761299945414,1,0,
agentcore,concurrency,32,26,exec_true,1791363931.2301002,0.22659149102400988,1,0,
agentcore,concurrency,32,1,exec_true,1791363931.3261642,0.13950600696261972,1,0,
agentcore,concurrency,32,6,exec_true,1791363931.2052999,0.2625451000640169,1,0,
agentcore,concurrency,32,3,exec_true,1791363931.3028886,0.1666878230171278,1,0,
agentcore,concurrency,32,27,exec_true,1791363931.340938,0.1301694680005312,1,0,
agentcore,concurrency,32,14,exec_true,1791363931.3380568,0.15030345402192324,1,0,
agentcore,concurrency,32,8,exec_true,1791363931.3513772,0.1393423069966957,1,0,
agentcore,concurrency,32,7,exec_true,1791363931.3189585,0.1731177989859134,1,0,
agentcore,concurrency,32,30,exec_true,1791363931.261239,0.23965099907945842,1,0,
agentcore,concurrency,32,20,exec_true,1791363931.1483135,0.35693515406455845,1,0,
agentcore,concurrency,32,29,exec_true,1791363931.3655822,0.14080967393238097,1,0,
agentcore,concurrency,32,25,exec_true,1791363931.1149023,0.40282183699309826,1,0,
agentcore,concurrency,32,4,exec_true,1791363931.2544737,0.2743989339796826,1,0,
agentcore,concurrency,32,2,exec_true,1791363931.3862872,0.15086289192549884,1,0,
agentcore,concurrency,32,16,exec_true,1791363931.418167,0.13120586902368814,1,0,
agentcore,concurrency,32,22,exec_true,1791363931.3946278,0.15927935193758458,1,0,
agentcore,concurrency,32,17,exec_true,1791363931.3478599,0.2092622019117698,1,0,
agentcore,concurrency,32,11,exec_true,1791363931.4327652,0.12999347795266658,1,0,
agentcore,concurrency,32,23,exec_true,1791363931.4505634,0.13083337794523686,1,0,
agentcore,concurrency,32,12,exec_true,1791363931.455342,0.1367101799696684,1,0,
agentcore,concurrency,32,10,exec_true,1791363931.43527,0.15969319210853428,1,0,
agentcore,concurrency,32,1,exec_true,1791363931.4656777,0.13098853593692183,1,0,
agentcore,concurrency,32,3,exec_true,1791363931.4695828,0.1298717230092734,1,0,
agentcore,concurrency,32,18,exec_true,1791363931.4461944,0.15443957701791078,1,0,
agentcore,concurrency,32,27,exec_true,1791363931.4711132,0.13114301802124828,1,0,
agentcore,concurrency,32,6,exec_true,1791363931.467852,0.136172135011293,1,0,
agentcore,concurrency,32,8,exec_true,1791363931.4907255,0.12069299491122365,1,0,
agentcore,concurrency,32,0,exec_true,1791363931.439337,0.1806379760382697,1,0,
agentcore,concurrency,32,26,exec_true,1791363931.456698,0.16838701395317912,1,0,
agentcore,concurrency,32,14,exec_true,1791363931.4883668,0.13919059105683118,1,0,
agentcore,concurrency,32,7,exec_true,1791363931.492082,0.13749156496487558,1,0,
agentcore,concurrency,32,24,exec_true,1791363931.1898491,0.4432763970689848,1,0,
agentcore,concurrency,32,30,exec_true,1791363931.500896,0.1395844540093094,1,0,
agentcore,concurrency,32,28,exec_true,1791363931.4041908,0.2471658840076998,1,0,
agentcore,concurrency,32,19,exec_true,1791363931.1605816,0.49232602200936526,1,0,
agentcore,concurrency,32,25,exec_true,1791363931.5177324,0.1363779769744724,1,0,
agentcore,concurrency,32,4,exec_true,1791363931.5288794,0.13485561695415527,1,0,
agentcore,concurrency,32,22,exec_true,1791363931.553914,0.11143335094675422,1,0,
agentcore,concurrency,32,21,exec_true,1791363931.2436225,0.4353309819707647,1,0,
agentcore,concurrency,32,5,exec_true,1791363931.4440904,0.24050811992492527,1,0,
agentcore,concurrency,32,2,exec_true,1791363931.537157,0.14972121198661625,1,0,
agentcore,concurrency,32,17,exec_true,1791363931.5571287,0.1313382820226252,1,0,
agentcore,concurrency,32,16,exec_true,1791363931.5493798,0.1497896439395845,1,0,
agentcore,concurrency,32,31,start,1791363928.52254,3.180021797074005,1,0,
agentcore,concurrency,32,11,exec_true,1791363931.5627682,0.15169724298175424,1,0,
agentcore,concurrency,32,20,exec_true,1791363931.505255,0.21444752195384353,1,0,
agentcore,concurrency,32,3,exec_true,1791363931.5994608,0.12133623100817204,1,0,
agentcore,concurrency,32,23,exec_true,1791363931.5814064,0.13941775704734027,1,0,
agentcore,concurrency,32,29,exec_true,1791363931.5063982,0.2195678650168702,1,0,
agentcore,concurrency,32,18,exec_true,1791363931.6006408,0.12878248700872064,1,0,
agentcore,concurrency,32,0,exec_true,1791363931.6199806,0.1201386449392885,1,0,
agentcore,concurrency,32,12,exec_true,1791363931.5920627,0.14932690397836268,1,0,
agentcore,concurrency,32,10,exec_true,1791363931.5949705,0.16199109295848757,1,0,
agentcore,concurrency,32,7,exec_true,1791363931.62958,0.1311041470617056,1,0,
agentcore,concurrency,32,27,exec_true,1791363931.602262,0.16075856995303184,1,0,
agentcore,concurrency,32,26,exec_true,1791363931.625091,0.13998873601667583,1,0,
agentcore,concurrency,32,14,exec_true,1791363931.6275632,0.14295148709788918,1,0,
agentcore,concurrency,32,30,exec_true,1791363931.640487,0.13114981597755104,1,0,
agentcore,concurrency,32,28,exec_true,1791363931.6513624,0.13863220100756735,1,0,
agentcore,concurrency,32,25,exec_true,1791363931.6541195,0.1385241560637951,1,0,
agentcore,concurrency,32,19,exec_true,1791363931.6529136,0.1421541809104383,1,0,
agentcore,concurrency,32,21,exec_true,1791363931.6789598,0.12963015306741,1,0,
agentcore,concurrency,32,16,exec_true,1791363931.6991754,0.11839096806943417,1,0,
agentcore,concurrency,32,6,exec_true,1791363931.60403,0.2184379119426012,1,0,
agentcore,concurrency,32,4,exec_true,1791363931.6637423,0.16148519795387983,1,0,
agentcore,concurrency,32,5,exec_true,1791363931.684605,0.1418086290359497,1,0,
agentcore,concurrency,32,1,exec_true,1791363931.5966744,0.24050125596113503,1,0,
agentcore,concurrency,32,17,exec_true,1791363931.6884727,0.14985246898140758,1,0,
agentcore,concurrency,32,8,exec_true,1791363931.6114247,0.22910376905929297,1,0,
agentcore,concurrency,32,11,exec_true,1791363931.714471,0.1300836669979617,1,0,
agentcore,concurrency,32,22,exec_true,1791363931.665354,0.18885952106211334,1,0,
agentcore,concurrency,32,20,exec_true,1791363931.7197082,0.13922157301567495,1,0,
agentcore,concurrency,32,2,exec_true,1791363931.6868844,0.18183461006265134,1,0,
agentcore,concurrency,32,24,exec_true,1791363931.6331317,0.23918755201157182,1,0,
agentcore,concurrency,32,0,exec_true,1791363931.7401254,0.14032526093069464,1,0,
agentcore,concurrency,32,3,stop,1791363931.7208037,0.1613877849886194,1,0,
agentcore,concurrency,32,23,exec_true,1791363931.7208295,0.16882007603999227,1,0,
agentcore,concurrency,32,12,exec_true,1791363931.7413986,0.14980481995735317,1,0,
agentcore,concurrency,32,10,exec_true,1791363931.7569704,0.13925705605652183,1,0,
agentcore,concurrency,32,15,exec_true,1791363930.8886747,1.0120733340736479,1,0,
agentcore,concurrency,32,13,exec_true,1791363931.4441657,0.4581168560544029,1,0,
agentcore,concurrency,32,14,exec_true,1791363931.7705207,0.13800383894704282,1,0,
agentcore,concurrency,32,30,exec_true,1791363931.771642,0.13801096798852086,1,0,
agentcore,concurrency,32,26,exec_true,1791363931.7650862,0.14952422201167792,1,0,
agentcore,concurrency,32,29,exec_true,1791363931.7259727,0.19054007600061595,1,0,
agentcore,concurrency,32,7,exec_true,1791363931.7606897,0.1572216080967337,1,0,
agentcore,concurrency,32,18,exec_true,1791363931.7294292,0.19090801698621362,1,0,
agentcore,concurrency,32,27,exec_true,1791363931.7630262,0.15868210094049573,1,0,
agentcore,concurrency,32,19,exec_true,1791363931.7950735,0.1397523529594764,1,0,
agentcore,concurrency,32,6,exec_true,1791363931.8224742,0.1204599499469623,1,0,
agentcore,concurrency,32,16,exec_true,1791363931.8175745,0.14021123899146914,1,0,
agentcore,concurrency,32,4,exec_true,1791363931.8252337,0.1340005580568686,1,0,
agentcore,concurrency,32,22,exec_true,1791363931.8542216,0.12110486498568207,1,0,
agentcore,concurrency,32,1,exec_true,1791363931.8371828,0.13929324597120285,1,0,
agentcore,concurrency,32,17,exec_true,1791363931.8383315,0.14028856600634754,1,0,
agentcore,concurrency,32,5,exec_true,1791363931.8264198,0.1591769609367475,1,0,
agentcore,concurrency,32,8,exec_true,1791363931.8405383,0.15084733406547457,1,0,
agentcore,concurrency,32,11,exec_true,1791363931.8445618,0.15826805494725704,1,0,
agentcore,concurrency,32,31,exec_true,1791363931.7025676,0.30276157904881984,1,0,
agentcore,concurrency,32,2,exec_true,1791363931.868725,0.1479192900005728,1,0,
agentcore,concurrency,32,23,exec_true,1791363931.8896554,0.1352549099829048,1,0,
agentcore,concurrency,32,10,exec_true,1791363931.8962333,0.1389697160338983,1,0,
agentcore,concurrency,32,12,exec_true,1791363931.8912086,0.15001431200653315,1,0,
agentcore,concurrency,32,25,exec_true,1791363931.7926493,0.2504135899944231,1,0,
agentcore,concurrency,32,29,exec_true,1791363931.916519,0.1300400160253048,1,0,
agentcore,concurrency,32,9,exec_true,1791363931.2322254,0.8210061059799045,1,0,
agentcore,concurrency,32,21,exec_true,1791363931.8085983,0.24997720203828067,1,0,
agentcore,concurrency,32,26,exec_true,1791363931.9146175,0.150200578966178,1,0,
agentcore,concurrency,32,14,exec_true,1791363931.9085305,0.1620758039643988,1,0,
agentcore,concurrency,32,24,exec_true,1791363931.872325,0.19955597701482475,1,0,
agentcore,concurrency,32,19,exec_true,1791363931.934835,0.14018157392274588,1,0,
agentcore,concurrency,32,30,exec_true,1791363931.9096584,0.1681614830158651,1,0,
agentcore,concurrency,32,15,exec_true,1791363931.900754,0.17819441703613847,1,0,
agentcore,concurrency,32,18,exec_true,1791363931.9203436,0.159751903032884,1,0,
agentcore,concurrency,32,7,stop,1791363931.9179177,0.16375262092333287,1,0,
agentcore,concurrency,32,4,exec_true,1791363931.95924,0.13559057307429612,1,0,
agentcore,concurrency,32,27,exec_true,1791363931.9217174,0.17428624792955816,1,0,
agentcore,concurrency,32,6,stop,1791363931.9429407,0.1551866210065782,1,0,
agentcore,concurrency,32,20,exec_true,1791363931.858936,0.24058011104352772,1,0,
agentcore,concurrency,32,22,exec_true,1791363931.975332,0.12880749709438533,1,0,
agentcore,concurrency,32,8,exec_true,1791363931.9913912,0.11897007399238646,1,0,
agentcore,concurrency,32,28,exec_true,1791363931.790001,0.32792278297711164,1,0,
agentcore,concurrency,32,13,exec_true,1791363931.9022882,0.22412050398997962,1,0,
agentcore,concurrency,32,17,exec_true,1791363931.978653,0.1520167050184682,1,0,
agentcore,concurrency,32,11,exec_true,1791363932.0028358,0.13135714794043452,1,0,
agentcore,concurrency,32,5,stop,1791363931.9856033,0.16745342104695737,1,0,
agentcore,concurrency,32,1,stop,1791363931.9764822,0.17812376702204347,1,0,
agentcore,concurrency,32,2,exec_true,1791363932.01665,0.13953654107172042,1,0,
agentcore,concurrency,32,31,exec_true,1791363932.005335,0.15790583693888038,1,0,
agentcore,concurrency,32,23,exec_true,1791363932.0249157,0.14436445897445083,1,0,
agentcore,concurrency,32,10,exec_true,1791363932.0352082,0.14054484700318426,1,0,
agentcore,concurrency,32,12,exec_true,1791363932.041229,0.13940605404786766,1,0,
agentcore,concurrency,32,25,exec_true,1791363932.0430684,0.14018391096033156,1,0,
agentcore,concurrency,32,16,exec_true,1791363931.9577913,0.23052830598317087,1,0,
agentcore,concurrency,32,21,exec_true,1791363932.0585825,0.14094864099752158,1,0,
agentcore,concurrency,32,26,exec_true,1791363932.0648243,0.14037070306949317,1,0,
agentcore,concurrency,32,29,exec_true,1791363932.0465648,0.1603429919341579,1,0,
agentcore,concurrency,32,9,exec_true,1791363932.0532408,0.15495226404163986,1,0,
agentcore,concurrency,32,14,exec_true,1791363932.070612,0.13875975308474153,1,0,
agentcore,concurrency,32,30,exec_true,1791363932.077826,0.13269245706032962,1,0,
agentcore,concurrency,32,24,exec_true,1791363932.071888,0.14003704499918967,1,0,
agentcore,concurrency,32,4,exec_true,1791363932.0948393,0.11946525995153934,1,0,
agentcore,concurrency,32,0,stop,1791363931.880457,0.3352989220293239,1,0,
agentcore,concurrency,32,19,exec_true,1791363932.0750232,0.14075094799045473,1,0,
agentcore,concurrency,32,15,exec_true,1791363932.0789542,0.13964139902964234,1,0,
agentcore,concurrency,32,18,exec_true,1791363932.0801015,0.13960078498348594,1,0,
agentcore,concurrency,32,22,exec_true,1791363932.104146,0.12039839196950197,1,0,
agentcore,concurrency,32,20,exec_true,1791363932.0995226,0.1287282749544829,1,0,
agentcore,concurrency,32,8,exec_true,1791363932.1103673,0.12072029302362353,1,0,
agentcore,concurrency,32,27,exec_true,1791363932.0960104,0.1475546839646995,1,0,
agentcore,concurrency,32,28,exec_true,1791363932.1179295,0.13267037307377905,1,0,
agentcore,concurrency,32,17,exec_true,1791363932.130678,0.1267262890469283,1,0,
agentcore,concurrency,32,11,exec_true,1791363932.1342018,0.1288965599378571,1,0,
agentcore,concurrency,32,2,exec_true,1791363932.156193,0.13179070502519608,1,0,
agentcore,concurrency,32,23,exec_true,1791363932.1692865,0.13205194100737572,1,0,
agentcore,concurrency,32,16,exec_true,1791363932.1883285,0.12002108606975526,1,0,
agentcore,concurrency,32,25,exec_true,1791363932.1832583,0.129142913967371,1,0,
agentcore,concurrency,32,31,exec_true,1791363932.1632469,0.15883341594599187,1,0,
agentcore,concurrency,32,12,exec_true,1791363932.180641,0.1425759169505909,1,0,
agentcore,concurrency,32,10,exec_true,1791363932.1757588,0.14949800400063396,1,0,
agentcore,concurrency,32,4,exec_true,1791363932.21431,0.12088303302880377,1,0,
agentcore,concurrency,32,15,exec_true,1791363932.2186015,0.11967428505886346,1,0,
agentcore,concurrency,32,30,exec_true,1791363932.210524,0.12906262301839888,1,0,
agentcore,concurrency,32,24,exec_true,1791363932.2119303,0.13245782698504627,1,0,
agentcore,concurrency,32,9,exec_true,1791363932.2081993,0.1385795569512993,1,0,
agentcore,concurrency,32,22,exec_true,1791363932.2245502,0.1283553420798853,1,0,
agentcore,concurrency,32,19,exec_true,1791363932.2157795,0.14095177594572306,1,0,
agentcore,concurrency,32,14,exec_true,1791363932.2093778,0.14955700794234872,1,0,
agentcore,concurrency,32,8,exec_true,1791363932.2310944,0.1278914239956066,1,0,
agentcore,concurrency,32,26,exec_true,1791363932.2052023,0.1556498680729419,1,0,
agentcore,concurrency,32,18,exec_true,1791363932.219708,0.14245705993380398,1,0,
agentcore,concurrency,32,29,exec_true,1791363932.2069142,0.16026569798123091,1,0,
agentcore,concurrency,32,28,exec_true,1791363932.2506058,0.12841212004423141,1,0,
agentcore,concurrency,32,27,exec_true,1791363932.2435718,0.13859142502769828,1,0,
agentcore,concurrency,32,17,exec_true,1791363932.2574105,0.12957268906757236,1,0,
agentcore,concurrency,32,13,exec_true,1791363932.126415,0.26469252596143633,1,0,
agentcore,concurrency,32,11,stop,1791363932.2631047,0.17040717299096286,1,0,
agentcore,concurrency,32,16,exec_true,1791363932.3083558,0.13472969795111567,1,0,
agentcore,concurrency,32,25,exec_true,1791363932.312407,0.13072428305167705,1,0,
agentcore,concurrency,32,2,stop,1791363932.2879903,0.1579678519628942,1,0,
agentcore,concurrency,32,23,exec_true,1791363932.301345,0.15781097603030503,1,0,
agentcore,concurrency,32,20,exec_true,1791363932.2282605,0.23251553100999445,1,0,
agentcore,concurrency,32,12,exec_true,1791363932.3232234,0.13894773204810917,1,0,
agentcore,concurrency,32,31,exec_true,1791363932.3220882,0.14030731306411326,1,0,
agentcore,concurrency,32,15,exec_true,1791363932.3382835,0.1394924829946831,1,0,
agentcore,concurrency,32,30,exec_true,1791363932.339593,0.14121519797481596,1,0,
agentcore,concurrency,32,29,exec_true,1791363932.3671901,0.11809200595598668,1,0,
agentcore,concurrency,32,21,exec_true,1791363932.199542,0.2910981619497761,1,0,
agentcore,concurrency,32,26,exec_true,1791363932.3608575,0.13453101296909153,1,0,
agentcore,concurrency,32,19,exec_true,1791363932.3567407,0.14668091502971947,1,0,
agentcore,concurrency,32,24,exec_true,1791363932.3443942,0.16032908798661083,1,0,
agentcore,concurrency,32,22,exec_true,1791363932.3529146,0.15183991205412894,1,0,
agentcore,concurrency,32,14,exec_true,1791363932.3589404,0.14875035593286157,1,0,
agentcore,concurrency,32,4,stop,1791363932.335199,0.173788285930641,1,0,
agentcore,concurrency,32,8,exec_true,1791363932.3589911,0.15104714198969305,1,0,
agentcore,concurrency,32,18,exec_true,1791363932.3621705,0.14948741509579122,1,0,
agentcore,concurrency,32,10,stop,1791363932.3252642,0.18976422399282455,1,0,
agentcore,concurrency,32,9,exec_true,1791363932.3467844,0.16888220002874732,1,0,
agentcore,concurrency,32,17,exec_true,1791363932.3869898,0.13097380404360592,1,0,
agentcore,concurrency,32,28,exec_true,1791363932.379026,0.1405216120183468,1,0,
agentcore,concurrency,32,27,exec_true,1791363932.3821702,0.14040935900993645,1,0,
agentcore,concurrency,32,13,exec_true,1791363932.391114,0.14521330897696316,1,0,
agentcore,concurrency,32,16,exec_true,1791363932.4430928,0.1553408190375194,1,0,
agentcore,concurrency,32,25,exec_true,1791363932.4431367,0.1598701539915055,1,0,
agentcore,concurrency,32,20,exec_true,1791363932.4607823,0.14754411799367517,1,0,
agentcore,concurrency,32,12,exec_true,1791363932.4621768,0.14779823797289282,1,0,
agentcore,concurrency,32,29,exec_true,1791363932.4852874,0.12995664204936475,1,0,
agentcore,concurrency,32,21,exec_true,1791363932.4906464,0.12779807392507792,1,0,
agentcore,concurrency,32,15,exec_true,1791363932.4777818,0.14178852003533393,1,0,
agentcore,concurrency,32,30,exec_true,1791363932.480814,0.1401961820665747,1,0,
agentcore,concurrency,32,31,exec_true,1791363932.4624019,0.16040202602744102,1,0,
agentcore,concurrency,32,26,exec_true,1791363932.4953947,0.1304630358936265,1,0,
agentcore,concurrency,32,23,stop,1791363932.4591634,0.1837249039672315,1,0,
agentcore,concurrency,32,18,exec_true,1791363932.511688,0.13908079196698964,1,0,
agentcore,concurrency,32,9,exec_true,1791363932.5156722,0.14189453411381692,1,0,
agentcore,concurrency,32,8,stop,1791363932.510044,0.1503113319631666,1,0,
agentcore,concurrency,32,28,exec_true,1791363932.5195532,0.14091447496321052,1,0,
agentcore,concurrency,32,22,stop,1791363932.5047603,0.15712947689462453,1,0,
agentcore,concurrency,32,24,exec_true,1791363932.5047293,0.15740796201862395,1,0,
agentcore,concurrency,32,19,exec_true,1791363932.5034275,0.1618983829393983,1,0,
agentcore,concurrency,32,27,stop,1791363932.5225854,0.14715789491310716,1,0,
agentcore,concurrency,32,13,exec_true,1791363932.5363333,0.13972484390251338,1,0,
agentcore,concurrency,32,14,stop,1791363932.507698,0.16968594992067665,1,0,
agentcore,concurrency,32,17,stop,1791363932.5179698,0.19014920492190868,1,0,
agentcore,concurrency,32,15,exec_true,1791363932.6195762,0.1379277469823137,1,0,
agentcore,concurrency,32,16,stop,1791363932.5984397,0.16040241601876915,1,0,
agentcore,concurrency,32,29,stop,1791363932.61525,0.14724468195345253,1,0,
agentcore,concurrency,32,20,exec_true,1791363932.608336,0.1717661099974066,1,0,
agentcore,concurrency,32,31,exec_true,1791363932.6228096,0.16003247792832553,1,0,
agentcore,concurrency,32,9,exec_true,1791363932.6575725,0.12877970398403704,1,0,
agentcore,concurrency,32,21,exec_true,1791363932.6184502,0.16918664297554642,1,0,
agentcore,concurrency,32,18,exec_true,1791363932.6507745,0.13802127994131297,1,0,
agentcore,concurrency,32,28,exec_true,1791363932.6604736,0.1303159799426794,1,0,
agentcore,concurrency,32,26,stop,1791363932.6258633,0.18118027201853693,1,0,
agentcore,concurrency,32,24,exec_true,1791363932.6621428,0.14935674704611301,1,0,
agentcore,concurrency,32,19,exec_true,1791363932.665332,0.14895556110423058,1,0,
agentcore,concurrency,32,25,exec_true,1791363932.6030126,0.21968715905677527,1,0,
agentcore,concurrency,32,30,stop,1791363932.6210163,0.22947430599015206,1,0,
agentcore,concurrency,32,12,exec_true,1791363932.6099844,0.2510575429769233,1,0,
agentcore,concurrency,32,13,exec_true,1791363932.6760643,0.2196319670183584,1,0,
agentcore,concurrency,32,20,exec_true,1791363932.7801082,0.11801821598783135,1,0,
agentcore,concurrency,32,15,exec_true,1791363932.75751,0.1417838199995458,1,0,
agentcore,concurrency,32,9,exec_true,1791363932.7863617,0.12006521795410663,1,0,
agentcore,concurrency,32,24,exec_true,1791363932.8115063,0.12935520405881107,1,0,
agentcore,concurrency,32,21,exec_true,1791363932.787647,0.1607569110346958,1,0,
agentcore,concurrency,32,19,exec_true,1791363932.8142931,0.15135723305866122,1,0,
agentcore,concurrency,32,25,exec_true,1791363932.822706,0.15074447507504374,1,0,
agentcore,concurrency,32,18,stop,1791363932.788802,0.1949593749595806,1,0,
agentcore,concurrency,32,12,stop,1791363932.8610485,0.15619638899806887,1,0,
agentcore,concurrency,32,20,exec_true,1791363932.8981326,0.12098766898270696,1,0,
agentcore,concurrency,32,28,exec_true,1791363932.790795,0.22977337194606662,1,0,
agentcore,concurrency,32,15,exec_true,1791363932.8992996,0.1292272990103811,1,0,
agentcore,concurrency,32,9,exec_true,1791363932.9064336,0.13007552700582892,1,0,
agentcore,concurrency,32,13,exec_true,1791363932.8957021,0.1529234399786219,1,0,
agentcore,concurrency,32,31,exec_true,1791363932.7828476,0.2896236759843305,1,0,
agentcore,concurrency,32,21,exec_true,1791363932.9484096,0.1304074979852885,1,0,
agentcore,concurrency,32,24,exec_true,1791363932.9408677,0.14051366306375712,1,0,
agentcore,concurrency,32,19,stop,1791363932.965657,0.17483734106644988,1,0,
agentcore,concurrency,32,25,stop,1791363932.9734578,0.17008793796412647,1,0,
agentcore,concurrency,32,15,exec_true,1791363933.028533,0.12055056204553694,1,0,
agentcore,concurrency,32,9,exec_true,1791363933.036515,0.12952946196310222,1,0,
agentcore,concurrency,32,13,exec_true,1791363933.0486312,0.12835895898751915,1,0,
agentcore,concurrency,32,20,stop,1791363933.019127,0.16933604190126061,1,0,
agentcore,concurrency,32,31,exec_true,1791363933.072477,0.14078962104395032,1,0,
agentcore,concurrency,32,28,stop,1791363933.0205746,0.22445267299190164,1,0,
agentcore,concurrency,32,21,stop,1791363933.0788233,0.16656083590351045,1,0,
agentcore,concurrency,32,24,stop,1791363933.0813873,0.1876915720058605,1,0,
agentcore,concurrency,32,9,exec_true,1791363933.1660507,0.1305701790843159,1,0,
agentcore,concurrency,32,15,stop,1791363933.1490898,0.1595014800550416,1,0,
agentcore,concurrency,32,31,exec_true,1791363933.213273,0.1404155989876017,1,0,
agentcore,concurrency,32,13,exec_true,1791363933.176996,0.228904461953789,1,0,
agentcore,concurrency,32,9,stop,1791363933.296627,0.17731274594552815,1,0,
agentcore,concurrency,32,31,exec_true,1791363933.3536944,0.1678553989622742,1,0,
agentcore,concurrency,32,13,exec_true,1791363933.4059064,0.1407499130582437,1,0,
agentcore,concurrency,32,31,stop,1791363933.521557,0.17994082998484373,1,0,
agentcore,concurrency,32,13,stop,1791363933.5466626,0.17641147505491972,1,0,
agentcore,concurrency,128,23,start,1791363963.814816,1.5112161870347336,1,0,
agentcore,concurrency,128,17,start,1791363963.7999468,1.5341808960074559,1,0,
agentcore,concurrency,128,29,start,1791363963.8300257,1.5061470170039684,1,0,
agentcore,concurrency,128,18,start,1791363963.8023539,1.5717821730067953,1,0,
agentcore,concurrency,128,25,start,1791363963.8196616,1.5643749360460788,1,0,
agentcore,concurrency,128,11,start,1791363963.7850165,1.607211300986819,1,0,
agentcore,concurrency,128,24,start,1791363963.8173406,1.587925006984733,1,0,
agentcore,concurrency,128,22,start,1791363963.812293,1.5951826589880511,1,0,
agentcore,concurrency,128,5,start,1791363963.7698708,1.6737803820287809,1,0,
agentcore,concurrency,128,3,start,1791363963.7646255,1.6791200529551134,1,0,
agentcore,concurrency,128,20,start,1791363963.8072975,1.6559256459586322,1,0,
agentcore,concurrency,128,14,start,1791363963.7925308,1.6726283970056102,1,0,
agentcore,concurrency,128,21,start,1791363963.809744,1.6643795110285282,1,0,
agentcore,concurrency,128,6,start,1791363963.7723997,1.7306220959872007,1,0,
agentcore,concurrency,128,13,start,1791363963.7898972,1.715006738086231,1,0,
agentcore,concurrency,128,27,start,1791363963.8251116,1.6890368829481304,1,0,
agentcore,concurrency,128,16,start,1791363963.7975562,1.735408578068018,1,0,
agentcore,concurrency,128,28,start,1791363963.8276439,1.7463617500616238,1,0,
agentcore,concurrency,128,17,exec_true,1791363965.3341384,0.2504056349862367,1,0,
agentcore,concurrency,128,9,start,1791363963.7800717,1.8215528220171109,1,0,
agentcore,concurrency,128,8,start,1791363963.777407,1.8566925239283592,1,0,
agentcore,concurrency,128,10,start,1791363963.7825074,1.8575797730591148,1,0,
agentcore,concurrency,128,26,start,1791363963.8221414,1.8497018500929698,1,0,
agentcore,concurrency,128,7,start,1791363963.7749357,1.9087370249908417,1,0,
agentcore,concurrency,128,18,exec_true,1791363965.3741515,0.30958637804724276,1,0,
agentcore,concurrency,128,23,exec_true,1791363965.3260508,0.35772386903408915,1,0,
agentcore,concurrency,128,29,exec_true,1791363965.3361914,0.3619998450158164,1,0,
agentcore,concurrency,128,11,exec_true,1791363965.392242,0.3180225680116564,1,0,
agentcore,concurrency,128,1,start,1791363963.7593968,1.9745488810585812,1,0,
agentcore,concurrency,128,30,start,1791363963.83253,1.9110480489907786,1,0,
agentcore,concurrency,128,22,exec_true,1791363965.407492,0.34464203799143434,1,0,
agentcore,concurrency,128,17,exec_true,1791363965.5845628,0.17198277101852,1,0,
agentcore,concurrency,128,31,start,1791363963.8348804,1.9387046219781041,1,0,
agentcore,concurrency,128,3,exec_true,1791363965.4437566,0.3499966039089486,1,0,
agentcore,concurrency,128,14,exec_true,1791363965.4651692,0.33081176097039133,1,0,
agentcore,concurrency,128,24,exec_true,1791363965.4052742,0.40196018398273736,1,0,
agentcore,concurrency,128,19,start,1791363963.8048756,2.0091208110097796,1,0,
agentcore,concurrency,128,18,exec_true,1791363965.6837475,0.13625566090922803,1,0,
agentcore,concurrency,128,15,start,1791363963.7950592,2.0268380800262094,1,0,
agentcore,concurrency,128,12,start,1791363963.7874458,2.036690413951874,1,0,
agentcore,concurrency,128,20,exec_true,1791363965.4632328,0.36297808098606765,1,0,
agentcore,concurrency,128,0,start,1791363963.7562919,2.071982907014899,1,0,
agentcore,concurrency,128,6,exec_true,1791363965.5030365,0.3252949670422822,1,0,
agentcore,concurrency,128,11,exec_true,1791363965.710273,0.12843176897149533,1,0,
agentcore,concurrency,128,25,exec_true,1791363965.384063,0.45471397100482136,1,0,
agentcore,concurrency,128,23,exec_true,1791363965.6837802,0.15787251596339047,1,0,
agentcore,concurrency,128,29,exec_true,1791363965.6982033,0.14502692897804081,1,0,
agentcore,concurrency,128,5,exec_true,1791363965.4436665,0.40122736198827624,1,0,
agentcore,concurrency,128,27,exec_true,1791363965.5141568,0.3594215690391138,1,0,
agentcore,concurrency,128,21,exec_true,1791363965.474143,0.39949324005283415,1,0,
agentcore,concurrency,128,9,exec_true,1791363965.601633,0.2819354300154373,1,0,
agentcore,concurrency,128,28,exec_true,1791363965.574014,0.31157780799549073,1,0,
agentcore,concurrency,128,17,exec_true,1791363965.7565603,0.13211554801091552,1,0,
agentcore,concurrency,128,13,exec_true,1791363965.5049138,0.39751524303574115,1,0,
agentcore,concurrency,128,2,start,1791363963.762005,2.1431924880016595,1,0,
agentcore,concurrency,128,22,exec_true,1791363965.7521508,0.1615563309751451,1,0,
agentcore,concurrency,128,16,exec_true,1791363965.5329769,0.3856099870754406,1,0,
agentcore,concurrency,128,3,exec_true,1791363965.7937632,0.13963942206464708,1,0,
agentcore,concurrency,128,18,exec_true,1791363965.8200207,0.13445181492716074,1,0,
agentcore,concurrency,128,4,start,1791363963.7673342,2.1872139249462634,1,0,
agentcore,concurrency,128,14,exec_true,1791363965.7959895,0.16117636603303254,1,0,
agentcore,concurrency,128,10,exec_true,1791363965.6401134,0.31955356197431684,1,0,
agentcore,concurrency,128,6,exec_true,1791363965.828338,0.1644055440556258,1,0,
agentcore,concurrency,128,7,exec_true,1791363965.6836877,0.30912271700799465,1,0,
agentcore,concurrency,128,24,exec_true,1791363965.8072443,0.18559772497974336,1,0,
agentcore,concurrency,128,29,exec_true,1791363965.84324,0.1531944259768352,1,0,
agentcore,concurrency,128,11,exec_true,1791363965.8387167,0.16246599389705807,1,0,
agentcore,concurrency,128,25,exec_true,1791363965.8387833,0.16419661103282124,1,0,
agentcore,concurrency,128,9,exec_true,1791363965.8835778,0.14001741295214742,1,0,
agentcore,concurrency,128,20,exec_true,1791363965.8262308,0.20028359396383166,1,0,
agentcore,concurrency,128,21,exec_true,1791363965.8736446,0.16039438906591386,1,0,
agentcore,concurrency,128,17,exec_true,1791363965.888685,0.14683415601029992,1,0,
agentcore,concurrency,128,28,exec_true,1791363965.8856,0.1525265360251069,1,0,
agentcore,concurrency,128,27,exec_true,1791363965.873589,0.17526517005171627,1,0,
agentcore,concurrency,128,23,exec_true,1791363965.8416748,0.20791235694196075,1,0,
agentcore,concurrency,128,3,exec_true,1791363965.9334118,0.13012388907372952,1,0,
agentcore,concurrency,128,13,exec_true,1791363965.9024384,0.17467785102780908,1,0,
agentcore,concurrency,128,22,exec_true,1791363965.913724,0.17694231495261192,1,0,
agentcore,concurrency,128,16,exec_true,1791363965.9185958,0.17572801199276,1,0,
agentcore,concurrency,128,5,exec_true,1791363965.8449101,0.2517151900101453,1,0,
agentcore,concurrency,128,15,exec_true,1791363965.821908,0.27728061797097325,1,0,
agentcore,concurrency,128,10,exec_true,1791363965.9596772,0.14531830395571887,1,0,
agentcore,concurrency,128,14,exec_true,1791363965.9571757,0.15452656091656536,1,0,
agentcore,concurrency,128,29,exec_true,1791363965.9964437,0.13810873997863382,1,0,
agentcore,concurrency,128,24,exec_true,1791363965.9928484,0.15208117000292987,1,0,
agentcore,concurrency,128,26,exec_true,1791363965.6718552,0.47604682098608464,1,0,
agentcore,concurrency,128,6,exec_true,1791363965.992755,0.1575777919497341,1,0,
agentcore,concurrency,128,25,exec_true,1791363966.002989,0.14889898605179042,1,0,
agentcore,concurrency,128,19,exec_true,1791363965.814007,0.35743907594587654,1,0,
agentcore,concurrency,128,11,exec_true,1791363966.001195,0.17528330197092146,1,0,
agentcore,concurrency,128,21,exec_true,1791363966.0340576,0.1492847609333694,1,0,
agentcore,concurrency,128,18,exec_true,1791363965.9544828,0.24089545907918364,1,0,
agentcore,concurrency,128,9,exec_true,1791363966.0236075,0.17346495494712144,1,0,
agentcore,concurrency,128,28,exec_true,1791363966.0381355,0.16051251802127808,1,0,
agentcore,concurrency,128,13,exec_true,1791363966.0771322,0.14208443206734955,1,0,
agentcore,concurrency,128,23,exec_true,1791363966.0495977,0.17120661097578704,1,0,
agentcore,concurrency,128,7,exec_true,1791363965.9928176,0.23102139006368816,1,0,
agentcore,concurrency,128,5,exec_true,1791363966.0966353,0.12889231310691684,1,0,
agentcore,concurrency,128,17,exec_true,1791363966.0355392,0.20809826301410794,1,0,
agentcore,concurrency,128,1,exec_true,1791363965.7339535,0.5097443769918755,1,0,
agentcore,concurrency,128,12,exec_true,1791363965.8241446,0.4221006960142404,1,0,
agentcore,concurrency,128,15,exec_true,1791363966.0991974,0.17132185702212155,1,0,
agentcore,concurrency,128,14,exec_true,1791363966.1117136,0.15886354504618794,1,0,
agentcore,concurrency,128,22,exec_true,1791363966.0906785,0.17992970801424235,1,0,
agentcore,concurrency,128,16,exec_true,1791363966.09434,0.1762954129371792,1,0,
agentcore,concurrency,128,31,exec_true,1791363965.7736037,0.49705547699704766,1,0,
agentcore,concurrency,128,3,exec_true,1791363966.063561,0.22485027299262583,1,0,
agentcore,concurrency,128,27,exec_true,1791363966.048863,0.24236396001651883,1,0,
agentcore,concurrency,128,20,exec_true,1791363966.026534,0.26686915301252156,1,0,
agentcore,concurrency,128,24,exec_true,1791363966.1449404,0.15001442190259695,1,0,
agentcore,concurrency,128,10,exec_true,1791363966.1050155,0.19069471792317927,1,0,
agentcore,concurrency,128,29,exec_true,1791363966.1345613,0.16455999901518226,1,0,
agentcore,concurrency,128,6,exec_true,1791363966.15034,0.15034365199971944,1,0,
agentcore,concurrency,128,25,exec_true,1791363966.1518972,0.15060401207301766,1,0,
agentcore,concurrency,128,0,exec_true,1791363965.8282824,0.4842165260342881,1,0,
agentcore,concurrency,128,30,exec_true,1791363965.7435896,0.5750105560291559,1,0,
agentcore,concurrency,128,26,exec_true,1791363966.147911,0.1861808419926092,1,0,
agentcore,concurrency,128,11,exec_true,1791363966.1764846,0.15932221408002079,1,0,
agentcore,concurrency,128,21,exec_true,1791363966.183363,0.17246523092035204,1,0,
agentcore,concurrency,128,19,exec_true,1791363966.171455,0.18569802795536816,1,0,
agentcore,concurrency,128,13,exec_true,1791363966.2192266,0.13946725300047547,1,0,
agentcore,concurrency,128,9,exec_true,1791363966.197082,0.166754484991543,1,0,
agentcore,concurrency,128,18,exec_true,1791363966.195393,0.1701128650456667,1,0,
agentcore,concurrency,128,28,exec_true,1791363966.1986692,0.16689710202626884,1,0,
agentcore,concurrency,128,23,exec_true,1791363966.2208185,0.14743986597750336,1,0,
agentcore,concurrency,128,5,exec_true,1791363966.2255433,0.14923639001790434,1,0,
agentcore,concurrency,128,1,exec_true,1791363966.2437048,0.15030960191506892,1,0,
agentcore,concurrency,128,17,exec_true,1791363966.2436466,0.16095483396202326,1,0,
agentcore,concurrency,128,22,exec_true,1791363966.270613,0.14296337496489286,1,0,
agentcore,concurrency,128,25,exec_true,1791363966.3025205,0.12105381197761744,1,0,
agentcore,concurrency,128,14,exec_true,1791363966.2705834,0.1530547000002116,1,0,
agentcore,concurrency,128,3,exec_true,1791363966.288422,0.1352481080684811,1,0,
agentcore,concurrency,128,10,exec_true,1791363966.2957325,0.13034586899448186,1,0,
agentcore,concurrency,128,24,exec_true,1791363966.294971,0.1405987460166216,1,0,
agentcore,concurrency,128,12,exec_true,1791363966.246305,0.1905562779866159,1,0,
agentcore,concurrency,128,31,exec_true,1791363966.2706637,0.16752150806132704,1,0,
agentcore,concurrency,128,29,exec_true,1791363966.2991307,0.14029448200017214,1,0,
agentcore,concurrency,128,16,exec_true,1791363966.2706382,0.17348070302978158,1,0,
agentcore,concurrency,128,27,exec_true,1791363966.2912376,0.152973834075965,1,0,
agentcore,concurrency,128,15,exec_true,1791363966.270534,0.18475159094668925,1,0,
agentcore,concurrency,128,6,exec_true,1791363966.3006938,0.16057099506724626,1,0,
agentcore,concurrency,128,7,exec_true,1791363966.223852,0.2435735670151189,1,0,
agentcore,concurrency,128,26,exec_true,1791363966.3341067,0.15959448309149593,1,0,
agentcore,concurrency,128,0,exec_true,1791363966.3125162,0.18128065601922572,1,0,
agentcore,concurrency,128,30,exec_true,1791363966.3186076,0.178697976982221,1,0,
agentcore,concurrency,128,28,exec_true,1791363966.3655708,0.13409368100110441,1,0,
agentcore,concurrency,128,19,exec_true,1791363966.3571644,0.14411860494874418,1,0,
agentcore,concurrency,128,11,exec_true,1791363966.335819,0.1667487610829994,1,0,
agentcore,concurrency,128,13,exec_true,1791363966.3587086,0.15199440100695938,1,0,
agentcore,concurrency,128,20,exec_true,1791363966.2934246,0.23083897307515144,1,0,
agentcore,concurrency,128,18,exec_true,1791363966.3655143,0.15884769905824214,1,0,
agentcore,concurrency,128,5,exec_true,1791363966.3748055,0.15244079905096442,1,0,
agentcore,concurrency,128,23,exec_true,1791363966.368267,0.16113984608091414,1,0,
agentcore,concurrency,128,21,exec_true,1791363966.355837,0.1778169119497761,1,0,
agentcore,concurrency,128,9,exec_true,1791363966.3638453,0.18760327203199267,1,0,
agentcore,concurrency,128,2,exec_true,1791363965.9052153,0.6568497649859637,1,0,
agentcore,concurrency,128,17,exec_true,1791363966.4046142,0.1596666689729318,1,0,
agentcore,concurrency,128,22,exec_true,1791363966.4135966,0.15444331604521722,1,0,
agentcore,concurrency,128,3,exec_true,1791363966.4236753,0.14860494702588767,1,0,
agentcore,concurrency,128,14,exec_true,1791363966.4236438,0.15993575693573803,1,0,
agentcore,concurrency,128,10,exec_true,1791363966.4260874,0.15755548898596317,1,0,
agentcore,concurrency,128,24,exec_true,1791363966.4355824,0.15102857805322856,1,0,
agentcore,concurrency,128,4,exec_true,1791363965.9545536,0.6335429560858756,1,0,
agentcore,concurrency,128,6,exec_true,1791363966.4612756,0.14006183994933963,1,0,
agentcore,concurrency,128,12,exec_true,1791363966.4368703,0.1721077860565856,1,0,
agentcore,concurrency,128,16,exec_true,1791363966.4441354,0.17126762797124684,1,0,
agentcore,concurrency,128,31,exec_true,1791363966.4381943,0.17799267498776317,1,0,
agentcore,concurrency,128,7,exec_true,1791363966.4674344,0.1503043529810384,1,0,
agentcore,concurrency,128,15,exec_true,1791363966.455302,0.16507024806924164,1,0,
agentcore,concurrency,128,27,exec_true,1791363966.4442174,0.17961772601120174,1,0,
agentcore,concurrency,128,29,exec_true,1791363966.439435,0.19275136501528323,1,0,
agentcore,concurrency,128,28,exec_true,1791363966.4996781,0.14645766699686646,1,0,
agentcore,concurrency,128,1,exec_true,1791363966.394026,0.2539111119695008,1,0,
agentcore,concurrency,128,0,exec_true,1791363966.493804,0.15424994798377156,1,0,
agentcore,concurrency,128,18,exec_true,1791363966.5243678,0.13759551395196468,1,0,
agentcore,concurrency,128,26,exec_true,1791363966.4937432,0.16997661103960127,1,0,
agentcore,concurrency,128,30,exec_true,1791363966.4973128,0.20195376605261117,1,0,
agentcore,concurrency,128,5,exec_true,1791363966.5272563,0.17214058397803456,1,0,
agentcore,concurrency,128,19,exec_true,1791363966.5012982,0.19813034089747816,1,0,
agentcore,concurrency,128,13,exec_true,1791363966.5107207,0.1887382420245558,1,0,
agentcore,concurrency,128,9,exec_true,1791363966.5514627,0.17706542799714953,1,0,
agentcore,concurrency,128,23,exec_true,1791363966.5294287,0.1992006889777258,1,0,
agentcore,concurrency,128,11,exec_true,1791363966.5025792,0.2260888769524172,1,0,
agentcore,concurrency,128,20,exec_true,1791363966.5242734,0.21079725492745638,1,0,
agentcore,concurrency,128,25,exec_true,1791363966.4235861,0.3115649480605498,1,0,
agentcore,concurrency,128,22,exec_true,1791363966.5680575,0.1671304990304634,1,0,
agentcore,concurrency,128,3,exec_true,1791363966.5722997,0.16292484698351473,1,0,
agentcore,concurrency,128,21,exec_true,1791363966.5336642,0.21187426801770926,1,0,
agentcore,concurrency,128,17,exec_true,1791363966.5642996,0.20826722704805434,1,0,
agentcore,concurrency,128,12,exec_true,1791363966.6089911,0.1636677288915962,1,0,
agentcore,concurrency,128,27,exec_true,1791363966.6238449,0.14885911205783486,1,0,
agentcore,concurrency,128,31,exec_true,1791363966.6162047,0.15653259097598493,1,0,
agentcore,concurrency,128,4,exec_true,1791363966.5881083,0.18466212193015963,1,0,
agentcore,concurrency,128,15,exec_true,1791363966.6203816,0.15242412604857236,1,0,
agentcore,concurrency,128,14,exec_true,1791363966.5835893,0.1892505509313196,1,0,
agentcore,concurrency,128,24,exec_true,1791363966.5866203,0.1862539699068293,1,0,
agentcore,concurrency,128,10,exec_true,1791363966.583649,0.1963156539713964,1,0,
agentcore,concurrency,128,16,exec_true,1791363966.6154125,0.18129940202925354,1,0,
agentcore,concurrency,128,1,exec_true,1791363966.6479702,0.15360409405548126,1,0,
agentcore,concurrency,128,7,exec_true,1791363966.6177628,0.18506543803960085,1,0,
agentcore,concurrency,128,6,exec_true,1791363966.6013467,0.2016076740110293,1,0,
agentcore,concurrency,128,28,exec_true,1791363966.6461456,0.16924242104869336,1,0,
agentcore,concurrency,128,2,exec_true,1791363966.5620742,0.2551252249395475,1,0,
agentcore,concurrency,128,0,exec_true,1791363966.6480606,0.17151187302079052,1,0,
agentcore,concurrency,128,18,exec_true,1791363966.6619823,0.15905731706880033,1,0,
agentcore,concurrency,128,26,exec_true,1791363966.6637342,0.15880417497828603,1,0,
agentcore,concurrency,128,29,exec_true,1791363966.6321955,0.22010653896722943,1,0,
agentcore,concurrency,128,19,exec_true,1791363966.699434,0.15789710590615869,1,0,
agentcore,concurrency,128,13,exec_true,1791363966.6994646,0.17416364897508174,1,0,
agentcore,concurrency,128,30,exec_true,1791363966.699302,0.20485328300856054,1,0,
agentcore,concurrency,128,20,exec_true,1791363966.735085,0.16917475801892579,1,0,
agentcore,concurrency,128,23,exec_true,1791363966.728633,0.17566192499361932,1,0,
agentcore,concurrency,128,11,exec_true,1791363966.7286732,0.18185736297164112,1,0,
agentcore,concurrency,128,25,exec_true,1791363966.7351575,0.17863202304579318,1,0,
agentcore,concurrency,128,21,exec_true,1791363966.7455492,0.16932531003840268,1,0,
agentcore,concurrency,128,3,exec_true,1791363966.7352295,0.18943588808178902,1,0,
agentcore,concurrency,128,5,exec_true,1791363966.6994035,0.22532981203403324,1,0,
agentcore,concurrency,128,22,exec_true,1791363966.7351935,0.1943569699069485,1,0,
agentcore,concurrency,128,4,exec_true,1791363966.7727761,0.15880956698674709,1,0,
agentcore,concurrency,128,9,exec_true,1791363966.7285376,0.20823352003935724,1,0,
agentcore,concurrency,128,7,exec_true,1791363966.8029,0.13583660405129194,1,0,
agentcore,concurrency,128,15,exec_true,1791363966.772812,0.1721229839604348,1,0,
agentcore,concurrency,128,17,exec_true,1791363966.7725787,0.1744717740220949,1,0,
agentcore,concurrency,128,24,exec_true,1791363966.7728796,0.17424043698702008,1,0,
agentcore,concurrency,128,2,exec_true,1791363966.8172092,0.1335358079522848,1,0,
agentcore,concurrency,128,0,exec_true,1791363966.819583,0.1383390970295295,1,0,
agentcore,concurrency,128,31,exec_true,1791363966.7727432,0.1918484380003065,1,0,
agentcore,concurrency,128,12,exec_true,1791363966.7726665,0.19443406094796956,1,0,
agentcore,concurrency,128,6,exec_true,1791363966.8029613,0.16422499797772616,1,0,
agentcore,concurrency,128,1,exec_true,1791363966.801585,0.16946972406003624,1,0,
agentcore,concurrency,128,27,exec_true,1791363966.7727098,0.19849781796801835,1,0,
agentcore,concurrency,128,18,exec_true,1791363966.821046,0.16347266803495586,1,0,
agentcore,concurrency,128,10,exec_true,1791363966.7799797,0.20463134499732405,1,0,
agentcore,concurrency,128,14,exec_true,1791363966.772845,0.21531334600877017,1,0,
agentcore,concurrency,128,28,exec_true,1791363966.8153996,0.1753913579741493,1,0,
agentcore,concurrency,128,16,exec_true,1791363966.7967231,0.1941410310100764,1,0,
agentcore,concurrency,128,26,exec_true,1791363966.8225496,0.18036512099206448,1,0,
agentcore,concurrency,128,29,exec_true,1791363966.8523123,0.15987863310147077,1,0,
agentcore,concurrency,128,13,exec_true,1791363966.8736386,0.14467312302440405,1,0,
agentcore,concurrency,128,20,exec_true,1791363966.9042659,0.13763159303925931,1,0,
agentcore,concurrency,128,21,exec_true,1791363966.9148843,0.1298072290373966,1,0,
agentcore,concurrency,128,23,exec_true,1791363966.9043016,0.153621320030652,1,0,
agentcore,concurrency,128,11,exec_true,1791363966.9105418,0.15461663203313947,1,0,
agentcore,concurrency,128,19,exec_true,1791363966.8573449,0.21034003992099315,1,0,
agentcore,concurrency,128,8,exec_true,1791363965.6341097,1.4362923719454557,1,0,
agentcore,concurrency,128,25,exec_true,1791363966.9138033,0.15776756801642478,1,0,
agentcore,concurrency,128,7,exec_true,1791363966.9387515,0.13803827506490052,1,0,
agentcore,concurrency,128,5,exec_true,1791363966.9247398,0.15328367904294282,1,0,
agentcore,concurrency,128,30,exec_true,1791363966.9041667,0.18187193910125643,1,0,
agentcore,concurrency,128,22,exec_true,1791363966.9295661,0.15913924598135054,1,0,
agentcore,concurrency,128,4,exec_true,1791363966.9316137,0.160203468054533,1,0,
agentcore,concurrency,128,3,exec_true,1791363966.9246762,0.16849944088608027,1,0,
agentcore,concurrency,128,9,exec_true,1791363966.9367902,0.15877787594217807,1,0,
agentcore,concurrency,128,31,exec_true,1791363966.9646041,0.1330921659246087,1,0,
agentcore,concurrency,128,2,exec_true,1791363966.9507554,0.14870421309024096,1,0,
agentcore,concurrency,128,49,start,1791363963.881072,3.220539952046238,1,0,
agentcore,concurrency,128,17,exec_true,1791363966.9470618,0.1579711709637195,1,0,
agentcore,concurrency,128,24,exec_true,1791363966.9471266,0.16707221698015928,1,0,
agentcore,concurrency,128,15,exec_true,1791363966.9449437,0.1804023269796744,1,0,
agentcore,concurrency,128,1,exec_true,1791363966.9710681,0.17052104696631432,1,0,
agentcore,concurrency,128,6,exec_true,1791363966.967196,0.17636219097767025,1,0,
agentcore,concurrency,128,16,exec_true,1791363966.9908705,0.15411395102273673,1,0,
agentcore,concurrency,128,10,exec_true,1791363966.9846182,0.1621095520677045,1,0,
agentcore,concurrency,128,12,exec_true,1791363966.9671125,0.18109932006336749,1,0,
agentcore,concurrency,128,27,exec_true,1791363966.9712145,0.1782623170875013,1,0,
agentcore,concurrency,128,13,exec_true,1791363967.0183249,0.13997766899410635,1,0,
agentcore,concurrency,128,29,exec_true,1791363967.0122013,0.15070272306911647,1,0,
agentcore,concurrency,128,20,exec_true,1791363967.0419235,0.13205075589939952,1,0,
agentcore,concurrency,128,28,exec_true,1791363966.9908068,0.19485452608205378,1,0,
agentcore,concurrency,128,21,exec_true,1791363967.0447032,0.1487195820081979,1,0,
agentcore,concurrency,128,7,exec_true,1791363967.0767992,0.13998826500028372,1,0,
agentcore,concurrency,128,11,exec_true,1791363967.0651734,0.15167550498154014,1,0,
agentcore,concurrency,128,19,exec_true,1791363967.0676975,0.15143853204790503,1,0,
agentcore,concurrency,128,23,exec_true,1791363967.0579348,0.1626577819697559,1,0,
agentcore,concurrency,128,25,exec_true,1791363967.071583,0.15076889598276466,1,0,
agentcore,concurrency,128,22,exec_true,1791363967.0887134,0.13881029305048287,1,0,
agentcore,concurrency,128,0,exec_true,1791363966.9579341,0.27101692999713123,1,0,
agentcore,concurrency,128,3,exec_true,1791363967.0931823,0.139473318005912,1,0,
agentcore,concurrency,128,30,exec_true,1791363967.086048,0.1501691200537607,1,0,
agentcore,concurrency,128,14,exec_true,1791363966.9881704,0.2626734479563311,1,0,
agentcore,concurrency,128,2,exec_true,1791363967.0994713,0.152852094033733,1,0,
agentcore,concurrency,128,4,exec_true,1791363967.0918229,0.16241321503184736,1,0,
agentcore,concurrency,128,31,exec_true,1791363967.0977037,0.15993518300820142,1,0,
agentcore,concurrency,128,15,exec_true,1791363967.1253538,0.1388631189474836,1,0,
agentcore,concurrency,128,6,exec_true,1791363967.143569,0.12724739196710289,1,0,
agentcore,concurrency,128,1,exec_true,1791363967.141601,0.13049907807726413,1,0,
agentcore,concurrency,128,26,exec_true,1791363967.0029309,0.2723875669762492,1,0,
agentcore,concurrency,128,13,exec_true,1791363967.1583107,0.13088095502462238,1,0,
agentcore,concurrency,128,18,exec_true,1791363966.984532,0.3060684200609103,1,0,
agentcore,concurrency,128,9,exec_true,1791363967.0955749,0.19960190495476127,1,0,
agentcore,concurrency,128,17,stop,1791363967.1050425,0.19483987300191075,1,0,
agentcore,concurrency,128,20,exec_true,1791363967.1739829,0.12833919189870358,1,0,
agentcore,concurrency,128,36,start,1791363963.8471308,3.4598187890369445,1,0,
agentcore,concurrency,128,16,exec_true,1791363967.1449924,0.16853306000120938,1,0,
agentcore,concurrency,128,10,exec_true,1791363967.1467397,0.1683876080205664,1,0,
agentcore,concurrency,128,21,exec_true,1791363967.1934295,0.1308681289665401,1,0,
agentcore,concurrency,128,28,exec_true,1791363967.185669,0.14025069295894355,1,0,
agentcore,concurrency,128,19,exec_true,1791363967.2191458,0.1261949179461226,1,0,
agentcore,concurrency,128,8,exec_true,1791363967.0704098,0.28227569605223835,1,0,
agentcore,concurrency,128,29,stop,1791363967.162914,0.19653508707415313,1,0,
agentcore,concurrency,128,7,exec_true,1791363967.2167962,0.14961980807129294,1,0,
agentcore,concurrency,128,30,exec_true,1791363967.2362263,0.13912861910648644,1,0,
agentcore,concurrency,128,27,exec_true,1791363967.1494873,0.22765932301990688,1,0,
agentcore,concurrency,128,0,exec_true,1791363967.2289608,0.14952288300264627,1,0,
agentcore,concurrency,128,5,exec_true,1791363967.078034,0.307670955080539,1,0,
agentcore,concurrency,128,2,exec_true,1791363967.2523332,0.13641676993574947,1,0,
agentcore,concurrency,128,4,exec_true,1791363967.2542446,0.13689158495981246,1,0,
agentcore,concurrency,128,11,stop,1791363967.2168555,0.1777905310736969,1,0,
agentcore,concurrency,128,24,exec_true,1791363967.1142073,0.2829267489723861,1,0,
agentcore,concurrency,128,15,exec_true,1791363967.2642255,0.13886656693648547,1,0,
agentcore,concurrency,128,1,exec_true,1791363967.2721083,0.139675876009278,1,0,
agentcore,concurrency,128,22,stop,1791363967.227536,0.18708790896926075,1,0,
agentcore,concurrency,128,26,exec_true,1791363967.2753298,0.14673929498530924,1,0,
agentcore,concurrency,128,9,exec_true,1791363967.2951856,0.12999031995423138,1,0,
agentcore,concurrency,128,49,exec_true,1791363967.101623,0.3250463429139927,1,0,
agentcore,concurrency,128,14,exec_true,1791363967.2508523,0.17968193697743118,1,0,
agentcore,concurrency,128,10,exec_true,1791363967.315136,0.1196081549860537,1,0,
agentcore,concurrency,128,3,stop,1791363967.2326648,0.2078816699795425,1,0,
agentcore,concurrency,128,16,exec_true,1791363967.3135345,0.12966885301284492,1,0,
agentcore,concurrency,128,20,exec_true,1791363967.3023314,0.1422263029962778,1,0,
agentcore,concurrency,128,25,exec_true,1791363967.2223582,0.22748352901544422,1,0,
agentcore,concurrency,128,6,stop,1791363967.2708242,0.18391008803155273,1,0,
agentcore,concurrency,128,31,exec_true,1791363967.257649,0.19956471503246576,1,0,
agentcore,concurrency,128,18,stop,1791363967.290611,0.17589684494305402,1,0,
agentcore,concurrency,128,13,stop,1791363967.2892005,0.18027782707940787,1,0,
agentcore,concurrency,128,21,stop,1791363967.324311,0.16019558894913644,1,0,
agentcore,concurrency,128,23,stop,1791363967.2206008,0.26861988299060613,1,0,
agentcore,concurrency,128,28,stop,1791363967.3259275,0.1717295489506796,1,0,
agentcore,concurrency,128,19,exec_true,1791363967.3453512,0.16034742398187518,1,0,
agentcore,concurrency,128,8,exec_true,1791363967.3527486,0.15908722393214703,1,0,
agentcore,concurrency,128,12,exec_true,1791363967.1482227,0.36742768599651754,1,0,
agentcore,concurrency,128,5,exec_true,1791363967.3857133,0.14014976809266955,1,0,
agentcore,concurrency,128,7,exec_true,1791363967.3664262,0.16082474903669208,1,0,
agentcore,concurrency,128,2,exec_true,1791363967.3887563,0.14124020491726696,1,0,
agentcore,concurrency,128,0,exec_true,1791363967.378493,0.15155621897429228,1,0,
agentcore,concurrency,128,4,exec_true,1791363967.391143,0.14140149496961385,1,0,
agentcore,concurrency,128,1,exec_true,1791363967.4117935,0.14969769201707095,1,0,
agentcore,concurrency,128,24,stop,1791363967.3971457,0.1669812920736149,1,0,
agentcore,concurrency,128,15,exec_true,1791363967.4031043,0.16992974001914263,1,0,
agentcore,concurrency,128,26,exec_true,1791363967.4220767,0.15236965706571937,1,0,
agentcore,concurrency,128,14,stop,1791363967.4305415,0.1481844299705699,1,0,
agentcore,concurrency,128,49,exec_true,1791363967.4266763,0.15213834505993873,1,0,
agentcore,concurrency,128,36,exec_true,1791363967.306959,0.28617885697167367,1,0,
agentcore,concurrency,128,16,stop,1791363967.4432113,0.15651418699417263,1,0,
agentcore,concurrency,128,9,stop,1791363967.4251873,0.1833029449917376,1,0,
agentcore,concurrency,128,25,stop,1791363967.449853,0.16289132297970355,1,0,
agentcore,concurrency,128,31,exec_true,1791363967.457223,0.16011572699062526,1,0,
agentcore,concurrency,128,30,exec_true,1791363967.3753617,0.25107751495670527,1,0,
agentcore,concurrency,128,19,exec_true,1791363967.5057116,0.14172283292282373,1,0,
agentcore,concurrency,128,8,exec_true,1791363967.5118456,0.15231973107438534,1,0,
agentcore,concurrency,128,4,exec_true,1791363967.5325541,0.13999411091208458,1,0,
agentcore,concurrency,128,12,exec_true,1791363967.5156603,0.16127855004742742,1,0,
agentcore,concurrency,128,0,exec_true,1791363967.530056,0.1484897789778188,1,0,
agentcore,concurrency,128,10,stop,1791363967.434751,0.2456918261013925,1,0,
agentcore,concurrency,128,20,stop,1791363967.4445653,0.23708555602934211,1,0,
agentcore,concurrency,128,7,stop,1791363967.527258,0.17100892099551857,1,0,
agentcore,concurrency,128,5,stop,1791363967.5258737,0.17575611302163452,1,0,
agentcore,concurrency,128,49,exec_true,1791363967.5788248,0.1408590900246054,1,0,
agentcore,concurrency,128,15,stop,1791363967.5730433,0.14816253900062293,1,0,
agentcore,concurrency,128,36,exec_true,1791363967.5931494,0.1364943099906668,1,0,
agentcore,concurrency,128,27,exec_true,1791363967.3771584,0.3610623370623216,1,0,
agentcore,concurrency,128,26,exec_true,1791363967.5744567,0.16799105796962976,1,0,
agentcore,concurrency,128,62,start,1791363963.9146178,3.8490555469179526,1,0,
agentcore,concurrency,128,30,exec_true,1791363967.626447,0.1386825949884951,1,0,
agentcore,concurrency,128,31,exec_true,1791363967.6173484,0.16971226898021996,1,0,
agentcore,concurrency,128,4,exec_true,1791363967.6725607,0.11921390995848924,1,0,
agentcore,concurrency,128,1,exec_true,1791363967.5615027,0.23034332296811044,1,0,
agentcore,concurrency,128,19,stop,1791363967.6474438,0.15257325302809477,1,0,
agentcore,concurrency,128,35,start,1791363963.84455,3.9593442210461944,1,0,
agentcore,concurrency,128,8,exec_true,1791363967.6641722,0.1585288840578869,1,0,
agentcore,concurrency,128,0,exec_true,1791363967.6785536,0.15932956407777965,1,0,
agentcore,concurrency,128,12,exec_true,1791363967.6769466,0.17019264108967036,1,0,
agentcore,concurrency,128,49,exec_true,1791363967.7196946,0.12888336402829736,1,0,
agentcore,concurrency,128,73,start,1791363963.9451194,3.923477502889,1,0,
agentcore,concurrency,128,2,exec_true,1791363967.5300055,0.34005248197354376,1,0,
agentcore,concurrency,128,27,stop,1791363967.7382326,0.16255880799144506,1,0,
agentcore,concurrency,128,30,exec_true,1791363967.7651393,0.13976445305161178,1,0,
agentcore,concurrency,128,36,exec_true,1791363967.729653,0.17919934401288629,1,0,
agentcore,concurrency,128,31,stop,1791363967.787069,0.1414904500124976,1,0,
agentcore,concurrency,128,26,stop,1791363967.742455,0.19270756200421602,1,0,
agentcore,concurrency,128,4,exec_true,1791363967.7917857,0.15066237200517207,1,0,
agentcore,concurrency,128,41,start,1791363963.8605926,4.105110796983354,1,0,
agentcore,concurrency,128,1,stop,1791363967.791853,0.18006039795000106,1,0,
agentcore,concurrency,128,46,start,1791363963.8735514,4.112111592083238,1,0,
agentcore,concurrency,128,49,exec_true,1791363967.8485847,0.14086871000472456,1,0,
agentcore,concurrency,128,8,exec_true,1791363967.8227081,0.1898148029576987,1,0,
agentcore,concurrency,128,2,exec_true,1791363967.870065,0.15019567590206861,1,0,
agentcore,concurrency,128,12,exec_true,1791363967.8471463,0.17917562299408019,1,0,
agentcore,concurrency,128,62,exec_true,1791363967.7636817,0.2791061659809202,1,0,
agentcore,concurrency,128,55,start,1791363963.8973594,4.168198516941629,1,0,
agentcore,concurrency,128,36,exec_true,1791363967.9088593,0.1586643080227077,1,0,
agentcore,concurrency,128,30,stop,1791363967.9049118,0.17302100197412074,1,0,
agentcore,concurrency,128,50,start,1791363963.883815,4.229779795976356,1,0,
agentcore,concurrency,128,4,stop,1791363967.9424558,0.17704972403589636,1,0,
agentcore,concurrency,128,0,stop,1791363967.8378909,0.2863436620682478,1,0,
agentcore,concurrency,128,65,start,1791363963.9223425,4.204005428007804,1,0,
agentcore,concurrency,128,49,exec_true,1791363967.989461,0.15015718108043075,1,0,
agentcore,concurrency,128,73,exec_true,1791363967.868604,0.28236425993964076,1,0,
agentcore,concurrency,128,8,exec_true,1791363968.0125322,0.14050182793289423,1,0,
agentcore,concurrency,128,35,exec_true,1791363967.8039021,0.3612096309661865,1,0,
agentcore,concurrency,128,12,stop,1791363968.0263333,0.15866493992507458,1,0,
agentcore,concurrency,128,71,start,1791363963.9396338,4.259488558978774,1,0,
agentcore,concurrency,128,68,start,1791363963.9308922,4.272068127989769,1,0,
agentcore,concurrency,128,62,exec_true,1791363968.0427969,0.16894998494535685,1,0,
agentcore,concurrency,128,74,start,1791363963.9480944,4.277697048033588,1,0,
agentcore,concurrency,128,36,exec_true,1791363968.067531,0.16134773998055607,1,0,
agentcore,concurrency,128,48,start,1791363963.8785677,4.361912177060731,1,0,
agentcore,concurrency,128,95,start,1791363964.1851854,4.061320126056671,1,0,
agentcore,concurrency,128,39,start,1791363963.8549962,4.421283642062917,1,0,
agentcore,concurrency,128,73,exec_true,1791363968.1509795,0.12659105099737644,1,0,
agentcore,concurrency,128,2,exec_true,1791363968.0202677,0.26063891290687025,1,0,
agentcore,concurrency,128,49,exec_true,1791363968.1396258,0.14270477695390582,1,0,
agentcore,concurrency,128,8,exec_true,1791363968.153041,0.1405566119356081,1,0,
agentcore,concurrency,128,35,exec_true,1791363968.1652079,0.1618300119880587,1,0,
agentcore,concurrency,128,62,exec_true,1791363968.2117574,0.15040031098760664,1,0,
agentcore,concurrency,128,51,start,1791363963.8866422,4.478797064977698,1,0,
agentcore,concurrency,128,79,start,1791363964.067629,4.299971446045674,1,0,
agentcore,concurrency,128,65,exec_true,1791363968.1263568,0.24836751690600067,1,0,
agentcore,concurrency,128,36,exec_true,1791363968.2288866,0.1508936050813645,1,0,
agentcore,concurrency,128,59,start,1791363963.907214,4.4726222440367565,1,0,
agentcore,concurrency,128,97,start,1791363964.2171085,4.172188078984618,1,0,
agentcore,concurrency,128,67,start,1791363963.9280722,4.476311760023236,1,0,
agentcore,concurrency,128,73,exec_true,1791363968.2775812,0.12897519790567458,1,0,
agentcore,concurrency,128,50,exec_true,1791363968.1136034,0.3153863890329376,1,0,
agentcore,concurrency,128,49,exec_true,1791363968.2823408,0.1480898919980973,1,0,
agentcore,concurrency,128,8,exec_true,1791363968.2936044,0.1382294170325622,1,0,
agentcore,concurrency,128,52,start,1791363963.889162,4.554850963060744,1,0,
agentcore,concurrency,128,41,exec_true,1791363967.9657128,0.4795121030183509,1,0,
agentcore,concurrency,128,80,start,1791363964.0711532,4.385782835073769,1,0,
agentcore,concurrency,128,55,exec_true,1791363968.065566,0.3976053160149604,1,0,
agentcore,concurrency,128,90,start,1791363964.1571512,4.315144357038662,1,0,
agentcore,concurrency,128,35,exec_true,1791363968.3270442,0.15053544496186078,1,0,
agentcore,concurrency,128,74,exec_true,1791363968.2258003,0.266357233049348,1,0,
agentcore,concurrency,128,56,start,1791363963.8998983,4.596408432000317,1,0,
agentcore,concurrency,128,72,start,1791363963.9423935,4.5585042629390955,1,0,
agentcore,concurrency,128,62,exec_true,1791363968.3621638,0.14975464704912156,1,0,
agentcore,concurrency,128,91,start,1791363964.160803,4.354253523051739,1,0,
agentcore,concurrency,128,48,exec_true,1791363968.2404866,0.2759430860169232,1,0,
agentcore,concurrency,128,65,exec_true,1791363968.374731,0.14361237199045718,1,0,
agentcore,concurrency,128,53,start,1791363963.8914557,4.626928686979227,1,0,
agentcore,concurrency,128,121,start,1791363964.5867634,3.9380124011076987,1,0,
agentcore,concurrency,128,36,exec_true,1791363968.3797863,0.1532750999322161,1,0,
agentcore,concurrency,128,39,exec_true,1791363968.276289,0.25809238001238555,1,0,
agentcore,concurrency,128,73,exec_true,1791363968.4065666,0.1307832000311464,1,0,
agentcore,concurrency,128,46,exec_true,1791363967.9856718,0.5531420159386471,1,0,
agentcore,concurrency,128,57,start,1791363963.9022381,4.644990580971353,1,0,
agentcore,concurrency,128,47,start,1791363963.8759592,4.6788378899218515,1,0,
agentcore,concurrency,128,50,exec_true,1791363968.4290013,0.12716815096791834,1,0,
agentcore,concurrency,128,8,exec_true,1791363968.4318411,0.14010710211005062,1,0,
agentcore,concurrency,128,49,exec_true,1791363968.4304423,0.14339993696194142,1,0,
agentcore,concurrency,128,42,start,1791363963.8631449,4.716587873059325,1,0,
agentcore,concurrency,128,101,start,1791363964.2666416,4.328076128964312,1,0,
agentcore,concurrency,128,55,exec_true,1791363968.4631793,0.13502566795796156,1,0,
agentcore,concurrency,128,66,start,1791363963.9253879,4.674018660909496,1,0,
agentcore,concurrency,128,32,start,1791363963.8374848,4.763625789899379,1,0,
agentcore,concurrency,128,41,exec_true,1791363968.4452314,0.15713200299069285,1,0,
agentcore,concurrency,128,40,start,1791363963.857923,4.748115626047365,1,0,
agentcore,concurrency,128,35,exec_true,1791363968.4775877,0.12981965695507824,1,0,
agentcore,concurrency,128,74,exec_true,1791363968.4921682,0.1271359670208767,1,0,
agentcore,concurrency,128,82,start,1791363964.0765376,4.544822650961578,1,0,
agentcore,concurrency,128,75,start,1791363963.9510157,4.672285418026149,1,0,
agentcore,concurrency,128,79,exec_true,1791363968.3676066,0.2579165749484673,1,0,
agentcore,concurrency,128,103,start,1791363964.2766178,4.367354343994521,1,0,
agentcore,concurrency,128,2,stop,1791363968.280917,0.364706501015462,1,0,
agentcore,concurrency,128,62,exec_true,1791363968.5119286,0.14008947496768087,1,0,
agentcore,concurrency,128,45,start,1791363963.8709402,4.788900158018805,1,0,
agentcore,concurrency,128,69,start,1791363963.9338152,4.727218446903862,1,0,
agentcore,concurrency,128,73,exec_true,1791363968.5373595,0.13899243506602943,1,0,
agentcore,concurrency,128,109,start,1791363964.3974555,4.284639552002773,1,0,
agentcore,concurrency,128,48,exec_true,1791363968.516439,0.1671225359896198,1,0,
agentcore,concurrency,128,46,exec_true,1791363968.5388193,0.14617516298312694,1,0,
agentcore,concurrency,128,65,exec_true,1791363968.5183501,0.16786205302923918,1,0,
agentcore,concurrency,128,97,exec_true,1791363968.389305,0.30378578999079764,1,0,
agentcore,concurrency,128,64,start,1791363963.9197063,4.773471348918974,1,0,
agentcore,concurrency,128,50,exec_true,1791363968.5561764,0.14086909394245595,1,0,
agentcore,concurrency,128,87,start,1791363964.123972,4.574201342999004,1,0,
agentcore,concurrency,128,39,exec_true,1791363968.53439,0.16528942401055247,1,0,
agentcore,concurrency,128,95,exec_true,1791363968.2465127,0.4548438279889524,1,0,
agentcore,concurrency,128,86,start,1791363964.1000433,4.60301619709935,1,0,
agentcore,concurrency,128,38,start,1791363963.852422,4.853766122017987,1,0,
agentcore,concurrency,128,49,exec_true,1791363968.5738504,0.13479027897119522,1,0,
agentcore,concurrency,128,80,exec_true,1791363968.4569442,0.25862602598499507,1,0,
agentcore,concurrency,128,51,exec_true,1791363968.3654456,0.3555345219792798,1,0,
agentcore,concurrency,128,33,start,1791363963.839683,4.8841903349384665,1,0,
agentcore,concurrency,128,111,start,1791363964.4454033,4.280030218069442,1,0,
agentcore,concurrency,128,35,exec_true,1791363968.6074142,0.12953900708816946,1,0,
agentcore,concurrency,128,36,exec_true,1791363968.533071,0.20575913600623608,1,0,
agentcore,concurrency,128,71,exec_true,1791363968.1991305,0.5436627579620108,1,0,
agentcore,concurrency,128,8,stop,1791363968.5719588,0.1734913159161806,1,0,
agentcore,concurrency,128,41,exec_true,1791363968.6023738,0.14932760398369282,1,0,
agentcore,concurrency,128,58,start,1791363963.904829,4.852396000991575,1,0,
agentcore,concurrency,128,55,exec_true,1791363968.5982134,0.1599859930574894,1,0,
agentcore,concurrency,128,115,start,1791363964.5169015,4.244176845066249,1,0,
agentcore,concurrency,128,52,exec_true,1791363968.4440198,0.32184977701399475,1,0,
agentcore,concurrency,128,74,exec_true,1791363968.6193144,0.14878523093648255,1,0,
agentcore,concurrency,128,61,start,1791363963.9120631,4.866488125990145,1,0,
agentcore,concurrency,128,93,start,1791363964.1666567,4.61630640598014,1,0,
agentcore,concurrency,128,92,start,1791363964.1638165,4.620530420914292,1,0,
agentcore,concurrency,128,79,exec_true,1791363968.6255329,0.16690088401082903,1,0,
agentcore,concurrency,128,62,exec_true,1791363968.6520267,0.14044919598381966,1,0,
agentcore,concurrency,128,84,start,1791363964.087246,4.705276463995688,1,0,
agentcore,concurrency,128,72,exec_true,1791363968.5009038,0.29932359606027603,1,0,
agentcore,concurrency,128,76,start,1791363964.057751,4.744905843050219,1,0,
agentcore,concurrency,128,46,exec_true,1791363968.6850004,0.12099043896887451,1,0,
agentcore,concurrency,128,73,exec_true,1791363968.6763585,0.1311741250101477,1,0,
agentcore,concurrency,128,81,start,1791363964.0737798,4.735384239931591,1,0,
agentcore,concurrency,128,63,start,1791363963.9170718,4.895101421047002,1,0,
agentcore,concurrency,128,56,exec_true,1791363968.4963155,0.3219865069258958,1,0,
agentcore,concurrency,128,75,exec_true,1791363968.6233075,0.20353698695544153,1,0,
agentcore,concurrency,128,47,exec_true,1791363968.554803,0.28502220497466624,1,0,
agentcore,concurrency,128,80,exec_true,1791363968.715577,0.12577521102502942,1,0,
agentcore,concurrency,128,66,exec_true,1791363968.5994122,0.24438024207483977,1,0,
agentcore,concurrency,128,91,exec_true,1791363968.5150642,0.32997114409226924,1,0,
agentcore,concurrency,128,127,start,1791363964.6681154,4.18205872096587,1,0,
agentcore,concurrency,128,43,start,1791363963.86565,4.984612873988226,1,0,
agentcore,concurrency,128,39,exec_true,1791363968.6996875,0.15060926997102797,1,0,
agentcore,concurrency,128,95,exec_true,1791363968.7013624,0.1530435000313446,1,0,
agentcore,concurrency,128,50,exec_true,1791363968.6970553,0.15944882191251963,1,0,
agentcore,concurrency,128,53,exec_true,1791363968.5183902,0.33816573000513017,1,0,
agentcore,concurrency,128,65,exec_true,1791363968.6862216,0.1732083180686459,1,0,
agentcore,concurrency,128,48,exec_true,1791363968.6835704,0.17946609295904636,1,0,
agentcore,concurrency,128,70,start,1791363963.9367278,4.928612504969351,1,0,
agentcore,concurrency,128,36,exec_true,1791363968.7388406,0.13046773709356785,1,0,
agentcore,concurrency,128,44,start,1791363963.8682647,5.002589738927782,1,0,
agentcore,concurrency,128,49,stop,1791363968.7086513,0.16447192197665572,1,0,
agentcore,concurrency,128,57,exec_true,1791363968.5472364,0.32641920493915677,1,0,
agentcore,concurrency,128,37,start,1791363963.8495324,5.025644754990935,1,0,
agentcore,concurrency,128,42,exec_true,1791363968.5797389,0.30219824705272913,1,0,
agentcore,concurrency,128,35,exec_true,1791363968.7369604,0.1502585030393675,1,0,
agentcore,concurrency,128,121,exec_true,1791363968.524782,0.3711242660647258,1,0,
agentcore,concurrency,128,90,exec_true,1791363968.4723024,0.42700903001241386,1,0,
agentcore,concurrency,128,71,exec_true,1791363968.7427998,0.16720202204305679,1,0,
agentcore,concurrency,128,74,exec_true,1791363968.7681067,0.14315711904782802,1,0,
agentcore,concurrency,128,52,exec_true,1791363968.7658794,0.1467374589992687,1,0,
agentcore,concurrency,128,41,exec_true,1791363968.7517078,0.16247073898557574,1,0,
agentcore,concurrency,128,55,exec_true,1791363968.7582057,0.15869361895602196,1,0,
agentcore,concurrency,128,45,exec_true,1791363968.6598463,0.25834217097144574,1,0,
agentcore,concurrency,128,88,start,1791363964.1370904,4.7855859900591895,1,0,
agentcore,concurrency,128,114,start,1791363964.505165,4.419880932080559,1,0,
agentcore,concurrency,128,62,exec_true,1791363968.7924821,0.13261007994879037,1,0,
agentcore,concurrency,128,67,exec_true,1791363968.4043922,0.5207341599743813,1,0,
agentcore,concurrency,128,106,start,1791363964.3652499,4.5633171170484275,1,0,
agentcore,concurrency,128,73,exec_true,1791363968.8075392,0.12313496402930468,1,0,
agentcore,concurrency,128,83,start,1791363964.0852473,4.8468711209716275,1,0,
agentcore,concurrency,128,82,exec_true,1791363968.6213672,0.31219290290027857,1,0,
agentcore,concurrency,128,72,exec_true,1791363968.800295,0.13551082194317132,1,0,
agentcore,concurrency,128,54,start,1791363963.8941245,5.044513399945572,1,0,
agentcore,concurrency,128,103,exec_true,1791363968.6439788,0.29671880102250725,1,0,
agentcore,concurrency,128,117,start,1791363964.525521,4.423564979922958,1,0,
agentcore,concurrency,128,79,exec_true,1791363968.792441,0.1584034919505939,1,0,
agentcore,concurrency,128,46,exec_true,1791363968.805998,0.14733071497175843,1,0,
agentcore,concurrency,128,56,exec_true,1791363968.8183103,0.13506180804688483,1,0,
agentcore,concurrency,128,60,start,1791363963.9096732,5.046675114077516,1,0,
agentcore,concurrency,128,101,exec_true,1791363968.5947251,0.36367960495408624,1,0,
agentcore,concurrency,128,32,exec_true,1791363968.6011162,0.3610432220157236,1,0,
agentcore,concurrency,128,87,exec_true,1791363968.6981819,0.2694912109291181,1,0,
agentcore,concurrency,128,96,start,1791363964.2061458,4.762721734936349,1,0,
agentcore,concurrency,128,99,start,1791363964.2369902,4.735089740948752,1,0,
agentcore,concurrency,128,125,start,1791363964.6251996,4.3493468021042645,1,0,
agentcore,concurrency,128,64,exec_true,1791363968.6931832,0.28385719400830567,1,0,
agentcore,concurrency,128,34,start,1791363963.842138,5.139391928911209,1,0,
agentcore,concurrency,128,91,exec_true,1791363968.845046,0.1389587379526347,1,0,
agentcore,concurrency,128,98,start,1791363964.2210321,4.764555140980519,1,0,
agentcore,concurrency,128,65,exec_true,1791363968.8594382,0.12744375690817833,1,0,
agentcore,concurrency,128,59,exec_true,1791363968.3798418,0.6087356399511918,1,0,
agentcore,concurrency,128,38,exec_true,1791363968.706194,0.2847238159738481,1,0,
agentcore,concurrency,128,48,exec_true,1791363968.8630457,0.12983726907987148,1,0,
agentcore,concurrency,128,109,exec_true,1791363968.6821022,0.31310880894307047,1,0,
agentcore,concurrency,128,112,start,1791363964.465157,4.531215426046401,1,0,
agentcore,concurrency,128,47,exec_true,1791363968.8398356,0.15846058004535735,1,0,
agentcore,concurrency,128,80,exec_true,1791363968.8413608,0.15870154893491417,1,0,
agentcore,concurrency,128,85,start,1791363964.0922158,4.914735356927849,1,0,
agentcore,concurrency,128,50,exec_true,1791363968.8565137,0.15200851997360587,1,0,
agentcore,concurrency,128,39,exec_true,1791363968.8503034,0.15953621501103044,1,0,
agentcore,concurrency,128,97,exec_true,1791363968.6931014,0.3183068360667676,1,0,
agentcore,concurrency,128,66,exec_true,1791363968.8437994,0.16940452007111162,1,0,
agentcore,concurrency,128,75,exec_true,1791363968.826852,0.18741980905178934,1,0,
agentcore,concurrency,128,95,exec_true,1791363968.8544154,0.16159395803697407,1,0,
agentcore,concurrency,128,107,start,1791363964.3765914,4.639509508037008,1,0,
agentcore,concurrency,128,51,exec_true,1791363968.7209866,0.29777112300507724,1,0,
agentcore,concurrency,128,36,exec_true,1791363968.8693166,0.1509592829970643,1,0,
agentcore,concurrency,128,92,exec_true,1791363968.7843542,0.23596021300181746,1,0,
agentcore,concurrency,128,53,exec_true,1791363968.856562,0.1679347630124539,1,0,
agentcore,concurrency,128,108,start,1791363964.3845923,4.643675166997127,1,0,
agentcore,concurrency,128,57,exec_true,1791363968.8736632,0.1562861540587619,1,0,
agentcore,concurrency,128,111,exec_true,1791363968.7254395,0.316779506043531,1,0,
agentcore,concurrency,128,74,exec_true,1791363968.9112737,0.13572773907799274,1,0,
agentcore,concurrency,128,40,exec_true,1791363968.6060464,0.44334952300414443,1,0,
agentcore,concurrency,128,41,exec_true,1791363968.9141853,0.1375612299889326,1,0,
agentcore,concurrency,128,35,exec_true,1791363968.8872283,0.16931886202655733,1,0,
agentcore,concurrency,128,115,exec_true,1791363968.7610855,0.29974649101495743,1,0,
agentcore,concurrency,128,76,exec_true,1791363968.8026652,0.26170367910526693,1,0,
agentcore,concurrency,128,73,exec_true,1791363968.9306812,0.13556215702556074,1,0,
agentcore,concurrency,128,121,exec_true,1791363968.8959126,0.17181834601797163,1,0,
agentcore,concurrency,128,71,exec_true,1791363968.9100103,0.15923849202226847,1,0,
agentcore,concurrency,128,52,exec_true,1791363968.9126227,0.1583065940067172,1,0,
agentcore,concurrency,128,118,start,1791363964.5553708,4.517710558022372,1,0,
agentcore,concurrency,128,72,exec_true,1791363968.9358134,0.13906560803297907,1,0,
agentcore,concurrency,128,78,start,1791363964.0649776,5.014310328988358,1,0,
agentcore,concurrency,128,62,exec_true,1791363968.9250984,0.1567996219964698,1,0,
agentcore,concurrency,128,67,exec_true,1791363968.9251318,0.15822579408995807,1,0,
agentcore,concurrency,128,45,exec_true,1791363968.918198,0.16751464700791985,1,0,
agentcore,concurrency,128,124,start,1791363964.6167314,4.4704161420231685,1,0,
agentcore,concurrency,128,81,exec_true,1791363968.8091702,0.27962130296509713,1,0,
agentcore,concurrency,128,55,exec_true,1791363968.9169073,0.173050306038931,1,0,
agentcore,concurrency,128,103,exec_true,1791363968.940705,0.15095129306428134,1,0,
agentcore,concurrency,128,86,exec_true,1791363968.7030666,0.3886261230800301,1,0,
agentcore,concurrency,128,82,exec_true,1791363968.9335692,0.16270821902435273,1,0,
agentcore,concurrency,128,32,exec_true,1791363968.9621673,0.1363040970172733,1,0,
agentcore,concurrency,128,79,exec_true,1791363968.9508529,0.15017966099549085,1,0,
agentcore,concurrency,128,58,exec_true,1791363968.7572305,0.3451520409435034,1,0,
agentcore,concurrency,128,56,exec_true,1791363968.9533775,0.15089831198565662,1,0,
agentcore,concurrency,128,46,exec_true,1791363968.953336,0.15097623702604324,1,0,
agentcore,concurrency,128,102,start,1791363964.2716286,4.835422829957679,1,0,
agentcore,concurrency,128,101,exec_true,1791363968.9584165,0.14867546898312867,1,0,
agentcore,concurrency,128,42,exec_true,1791363968.8819451,0.2251759059727192,1,0,
agentcore,concurrency,128,127,exec_true,1791363968.8501837,0.2569793160073459,1,0,
agentcore,concurrency,128,87,exec_true,1791363968.9676802,0.1477092580171302,1,0,
agentcore,concurrency,128,38,exec_true,1791363968.9909258,0.12625884707085788,1,0,
agentcore,concurrency,128,91,exec_true,1791363968.9840114,0.13905399199575186,1,0,
agentcore,concurrency,128,47,exec_true,1791363968.9983056,0.12793910794425756,1,0,
agentcore,concurrency,128,93,exec_true,1791363968.7829704,0.345414143987,1,0,
agentcore,concurrency,128,48,exec_true,1791363968.9928927,0.14104163902811706,1,0,
agentcore,concurrency,128,64,exec_true,1791363968.9770482,0.16554918291512877,1,0,
agentcore,concurrency,128,65,exec_true,1791363968.9868913,0.16034075093921274,1,0,
agentcore,concurrency,128,90,exec_true,1791363968.8993175,0.24937116005457938,1,0,
agentcore,concurrency,128,51,exec_true,1791363969.0187647,0.12995956698432565,1,0,
agentcore,concurrency,128,89,start,1791363964.1540093,4.999091685982421,1,0,
agentcore,concurrency,128,95,exec_true,1791363969.016018,0.1391955780563876,1,0,
agentcore,concurrency,128,113,start,1791363964.4851458,4.671854003914632,1,0,
agentcore,concurrency,128,109,exec_true,1791363968.9952197,0.16392829699907452,1,0,
agentcore,concurrency,128,59,exec_true,1791363968.9885879,0.17188338399864733,1,0,
agentcore,concurrency,128,39,exec_true,1791363969.0098512,0.1527653830125928,1,0,
agentcore,concurrency,128,69,exec_true,1791363968.66104,0.503045127959922,1,0,
agentcore,concurrency,128,66,exec_true,1791363969.0132132,0.15897773299366236,1,0,
agentcore,concurrency,128,75,exec_true,1791363969.0142784,0.16032376198563725,1,0,
agentcore,concurrency,128,53,exec_true,1791363969.024505,0.15143717301543802,1,0,
agentcore,concurrency,128,92,exec_true,1791363969.0203202,0.15677820809651166,1,0,
agentcore,concurrency,128,40,exec_true,1791363969.0494018,0.13013017002958804,1,0,
agentcore,concurrency,128,74,exec_true,1791363969.0470104,0.13411492703016847,1,0,
agentcore,concurrency,128,111,exec_true,1791363969.042226,0.14573481504339725,1,0,
agentcore,concurrency,128,125,exec_true,1791363968.9745572,0.21346007997635752,1,0,
agentcore,concurrency,128,54,exec_true,1791363968.938649,0.25306031899526715,1,0,
agentcore,concurrency,128,97,exec_true,1791363969.0114152,0.18185610498767346,1,0,
agentcore,concurrency,128,73,exec_true,1791363969.0662537,0.12981755891814828,1,0,
agentcore,concurrency,128,116,start,1791363964.5190976,4.677052628947422,1,0,
agentcore,concurrency,128,43,exec_true,1791363968.8502686,0.34829057299066335,1,0,
agentcore,concurrency,128,36,stop,1791363969.0202858,0.18636663199868053,1,0,
agentcore,concurrency,128,120,start,1791363964.5754688,4.63453819102142,1,0,
agentcore,concurrency,128,37,exec_true,1791363968.8751838,0.336526281083934,1,0,
agentcore,concurrency,128,76,exec_true,1791363969.0643783,0.14895211602561176,1,0,
agentcore,concurrency,128,117,exec_true,1791363968.9490914,0.2661908770678565,1,0,
agentcore,concurrency,128,41,exec_true,1791363969.0517528,0.16359280399046838,1,0,
agentcore,concurrency,128,72,exec_true,1791363969.0748863,0.14292062306776643,1,0,
agentcore,concurrency,128,106,exec_true,1791363968.9285758,0.2906553630018607,1,0,
agentcore,concurrency,128,79,exec_true,1791363969.1010423,0.12049753998871893,1,0,
agentcore,concurrency,128,62,exec_true,1791363969.081905,0.14081884594634175,1,0,
agentcore,concurrency,128,46,exec_true,1791363969.1043184,0.12048620800487697,1,0,
agentcore,concurrency,128,121,exec_true,1791363969.0677388,0.1583552190568298,1,0,
agentcore,concurrency,128,35,exec_true,1791363969.056553,0.17075531103182584,1,0,
agentcore,concurrency,128,96,exec_true,1791363968.9688735,0.2608430669642985,1,0,
agentcore,concurrency,128,57,exec_true,1791363969.0299556,0.19980170100461692,1,0,
agentcore,concurrency,128,71,exec_true,1791363969.0692573,0.16052932396996766,1,0,
agentcore,concurrency,128,33,exec_true,1791363968.723881,0.5081443270901218,1,0,
agentcore,concurrency,128,52,exec_true,1791363969.0709403,0.1654543640324846,1,0,
agentcore,concurrency,128,81,exec_true,1791363969.088799,0.14764990599360317,1,0,
agentcore,concurrency,128,56,exec_true,1791363969.1042824,0.13335268199443817,1,0,
agentcore,concurrency,128,70,exec_true,1791363968.865346,0.3761612940579653,1,0,
agentcore,concurrency,128,103,exec_true,1791363969.0916626,0.14989369397517294,1,0,
agentcore,concurrency,128,58,exec_true,1791363969.1023898,0.14020323299337178,1,0,
agentcore,concurrency,128,67,exec_true,1791363969.0833638,0.16190930805169046,1,0,
agentcore,concurrency,128,63,exec_true,1791363968.8121827,0.43509275594260544,1,0,
agentcore,concurrency,128,115,exec_true,1791363969.0608406,0.18771064199972898,1,0,
agentcore,concurrency,128,91,exec_true,1791363969.1230717,0.12787968700286,1,0,
agentcore,concurrency,128,42,exec_true,1791363969.1071265,0.14867574302479625,1,0,
agentcore,concurrency,128,55,exec_true,1791363969.0899649,0.16717511205933988,1,0,
agentcore,concurrency,128,82,exec_true,1791363969.0962837,0.16207002999726683,1,0,
agentcore,concurrency,128,127,exec_true,1791363969.107168,0.15426566498354077,1,0,
agentcore,concurrency,128,110,start,1791363964.4096892,4.854352848022245,1,0,
agentcore,concurrency,128,61,exec_true,1791363968.7785594,0.48663038993254304,1,0,
agentcore,concurrency,128,47,exec_true,1791363969.1262538,0.14057885797228664,1,0,
agentcore,concurrency,128,86,exec_true,1791363969.0916984,0.1751852830639109,1,0,
agentcore,concurrency,128,38,exec_true,1791363969.117194,0.14972098998259753,1,0,
agentcore,concurrency,128,60,exec_true,1791363968.9563553,0.3143407889874652,1,0,
agentcore,concurrency,128,48,exec_true,1791363969.133943,0.13899381598457694,1,0,
agentcore,concurrency,128,87,exec_true,1791363969.115401,0.16031220299191773,1,0,
agentcore,concurrency,128,85,exec_true,1791363969.006958,0.2707553440704942,1,0,
agentcore,concurrency,128,32,exec_true,1791363969.0984824,0.18041318899486214,1,0,
agentcore,concurrency,128,80,exec_true,1791363969.0000722,0.2805789270205423,1,0,
agentcore,concurrency,128,94,start,1791363964.1780853,5.104613521951251,1,0,
agentcore,concurrency,128,95,exec_true,1791363969.155222,0.1293553289724514,1,0,
agentcore,concurrency,128,99,exec_true,1791363968.9720857,0.3125306130386889,1,0,
agentcore,concurrency,128,50,exec_true,1791363969.0085294,0.27857361000496894,1,0,
agentcore,concurrency,128,93,exec_true,1791363969.128392,0.15997263696044683,1,0,
agentcore,concurrency,128,64,exec_true,1791363969.142604,0.14981652691494673,1,0,
agentcore,concurrency,128,101,exec_true,1791363969.1070974,0.1878011969383806,1,0,
agentcore,concurrency,128,68,exec_true,1791363968.2029665,1.094251328962855,1,0,
agentcore,concurrency,128,83,exec_true,1791363968.9321282,0.36637694702949375,1,0,
agentcore,concurrency,128,107,exec_true,1791363969.0161085,0.28355523804202676,1,0,
agentcore,concurrency,128,65,exec_true,1791363969.147239,0.15920066798571497,1,0,
agentcore,concurrency,128,66,exec_true,1791363969.1721978,0.1409602710045874,1,0,
agentcore,concurrency,128,108,exec_true,1791363969.0282738,0.28650844597723335,1,0,
agentcore,concurrency,128,59,exec_true,1791363969.16048,0.15714725200086832,1,0,
agentcore,concurrency,128,109,exec_true,1791363969.1591566,0.16100648907013237,1,0,
agentcore,concurrency,128,90,exec_true,1791363969.1486945,0.17153666098602116,1,0,
agentcore,concurrency,128,45,exec_true,1791363969.085868,0.23440786509308964,1,0,
agentcore,concurrency,128,75,exec_true,1791363969.1746085,0.15057518298272043,1,0,
agentcore,concurrency,128,44,exec_true,1791363968.8708608,0.454369631013833,1,0,
agentcore,concurrency,128,34,exec_true,1791363968.9815376,0.3437471759971231,1,0,
agentcore,concurrency,128,39,exec_true,1791363969.162623,0.16269126592669636,1,0,
agentcore,concurrency,128,119,start,1791363964.5669942,4.75963576301001,1,0,
agentcore,concurrency,128,40,exec_true,1791363969.1795418,0.15191747003700584,1,0,
agentcore,concurrency,128,43,exec_true,1791363969.1985657,0.13713554909918457,1,0,
agentcore,concurrency,128,74,exec_true,1791363969.1811314,0.15461655997205526,1,0,
agentcore,concurrency,128,51,exec_true,1791363969.1487298,0.18704933603294194,1,0,
agentcore,concurrency,128,69,exec_true,1791363969.164092,0.17173541092779487,1,0,
agentcore,concurrency,128,53,exec_true,1791363969.1759484,0.15990814904216677,1,0,
agentcore,concurrency,128,84,exec_true,1791363968.792528,0.5434478449169546,1,0,
agentcore,concurrency,128,125,exec_true,1791363969.1880233,0.156830160995014,1,0,
agentcore,concurrency,128,122,start,1791363964.5944402,4.7523960089311,1,0,
agentcore,concurrency,128,92,exec_true,1791363969.1771092,0.17161653900984675,1,0,
agentcore,concurrency,128,37,exec_true,1791363969.2117164,0.1421599369496107,1,0,
agentcore,concurrency,128,121,exec_true,1791363969.2261035,0.12987562094349414,1,0,
agentcore,concurrency,128,111,exec_true,1791363969.1879702,0.17005547403823584,1,0,
agentcore,concurrency,128,54,exec_true,1791363969.1917186,0.16793913196306676,1,0,
agentcore,concurrency,128,114,exec_true,1791363968.925053,0.43464755394961685,1,0,
agentcore,concurrency,128,72,exec_true,1791363969.2178137,0.1479015159420669,1,0,
agentcore,concurrency,128,73,exec_true,1791363969.1960804,0.1718638469465077,1,0,
agentcore,concurrency,128,33,exec_true,1791363969.2320354,0.13703137601260096,1,0,
agentcore,concurrency,128,76,exec_true,1791363969.2133365,0.15813625906594098,1,0,
agentcore,concurrency,128,41,exec_true,1791363969.215352,0.1614093859679997,1,0,
agentcore,concurrency,128,115,exec_true,1791363969.2485576,0.12975198205094784,1,0,
agentcore,concurrency,128,35,exec_true,1791363969.2273145,0.15105695300735533,1,0,
agentcore,concurrency,128,91,exec_true,1791363969.2509606,0.13106896600220352,1,0,
agentcore,concurrency,128,79,exec_true,1791363969.2215478,0.1605367800220847,1,0,
agentcore,concurrency,128,96,exec_true,1791363969.2297235,0.15537920105271041,1,0,
agentcore,concurrency,128,46,exec_true,1791363969.2248125,0.16531849198509008,1,0,
agentcore,concurrency,128,61,exec_true,1791363969.2651958,0.12498842703644186,1,0,
agentcore,concurrency,128,103,exec_true,1791363969.241562,0.14871882495936006,1,0,
agentcore,concurrency,128,42,exec_true,1791363969.2558103,0.1345039129955694,1,0,
agentcore,concurrency,128,82,exec_true,1791363969.25836,0.131984609994106,1,0,
agentcore,concurrency,128,88,exec_true,1791363968.9226842,0.4676875430159271,1,0,
agentcore,concurrency,128,77,start,1791363964.0604193,5.329982243012637,1,0,
agentcore,concurrency,128,58,exec_true,1791363969.242599,0.1478249200154096,1,0,
agentcore,concurrency,128,123,start,1791363964.6057951,4.794622545945458,1,0,
agentcore,concurrency,128,57,exec_true,1791363969.2297633,0.17294772993773222,1,0,
agentcore,concurrency,128,52,exec_true,1791363969.236404,0.1696466680150479,1,0,
agentcore,concurrency,128,117,exec_true,1791363969.2152934,0.19079846795648336,1,0,
agentcore,concurrency,128,118,exec_true,1791363969.0730896,0.3330591289559379,1,0,
agentcore,concurrency,128,63,exec_true,1791363969.247282,0.15889515704475343,1,0,
agentcore,concurrency,128,56,exec_true,1791363969.2376454,0.16855890001170337,1,0,
agentcore,concurrency,128,70,exec_true,1791363969.2415147,0.17109653097577393,1,0,
agentcore,concurrency,128,81,exec_true,1791363969.2364554,0.17816605209372938,1,0,
agentcore,concurrency,128,48,exec_true,1791363969.2729433,0.1430356380296871,1,0,
agentcore,concurrency,128,65,exec_true,1791363969.3064468,0.11154223198536783,1,0,
agentcore,concurrency,128,87,exec_true,1791363969.2757196,0.1423131860792637,1,0,
agentcore,concurrency,128,127,exec_true,1791363969.26144,0.15995607001241297,1,0,
agentcore,concurrency,128,60,exec_true,1791363969.2707036,0.15229097893461585,1,0,
agentcore,concurrency,128,78,exec_true,1791363969.079294,0.3475131670711562,1,0,
agentcore,concurrency,128,38,exec_true,1791363969.2669208,0.1602419241098687,1,0,
agentcore,concurrency,128,47,exec_true,1791363969.2668417,0.16404109308496118,1,0,
agentcore,concurrency,128,102,exec_true,1791363969.1070573,0.3252761319745332,1,0,
agentcore,concurrency,128,32,exec_true,1791363969.2789037,0.1534779720241204,1,0,
agentcore,concurrency,128,104,start,1791363964.3144681,5.1179600219475105,1,0,
agentcore,concurrency,128,85,exec_true,1791363969.2777228,0.15799474203959107,1,0,
agentcore,concurrency,128,64,exec_true,1791363969.2924278,0.14697115996386856,1,0,
agentcore,concurrency,128,101,exec_true,1791363969.2949066,0.14458170998841524,1,0,
agentcore,concurrency,128,95,exec_true,1791363969.2845836,0.15493844007141888,1,0,
agentcore,concurrency,128,89,exec_true,1791363969.1531086,0.28644560999237,1,0,
agentcore,concurrency,128,86,exec_true,1791363969.26689,0.17783744307234883,1,0,
agentcore,concurrency,128,99,exec_true,1791363969.2846217,0.16247986897360533,1,0,
agentcore,concurrency,128,68,exec_true,1791363969.297227,0.14996737497858703,1,0,
agentcore,concurrency,128,97,exec_true,1791363969.1932776,0.2592214239994064,1,0,
agentcore,concurrency,128,66,exec_true,1791363969.3132322,0.13931633497122675,1,0,
agentcore,concurrency,128,55,exec_true,1791363969.2571492,0.1954339180374518,1,0,
agentcore,concurrency,128,93,exec_true,1791363969.2883708,0.1642437990522012,1,0,
agentcore,concurrency,128,50,exec_true,1791363969.2871094,0.16555037396028638,1,0,
agentcore,concurrency,128,83,exec_true,1791363969.2985113,0.1622690010117367,1,0,
agentcore,concurrency,128,109,exec_true,1791363969.3201756,0.14389212091919035,1,0,
agentcore,concurrency,128,113,exec_true,1791363969.1570053,0.30713068204931915,1,0,
agentcore,concurrency,128,90,exec_true,1791363969.320238,0.14393180003389716,1,0,
agentcore,concurrency,128,108,exec_true,1791363969.3147926,0.14940545696299523,1,0,
agentcore,concurrency,128,98,exec_true,1791363968.9855964,0.4786296150414273,1,0,
agentcore,concurrency,128,106,exec_true,1791363969.2192407,0.24503287393599749,1,0,
agentcore,concurrency,128,107,exec_true,1791363969.2996697,0.16463139397092164,1,0,
agentcore,concurrency,128,105,start,1791363964.3350887,5.138767669093795,1,0,
agentcore,concurrency,128,75,exec_true,1791363969.325191,0.15039121499285102,1,0,
agentcore,concurrency,128,80,exec_true,1791363969.2806602,0.19496767001692206,1,0,
agentcore,concurrency,128,67,exec_true,1791363969.2452807,0.23312780691776425,1,0,
agentcore,concurrency,128,59,exec_true,1791363969.3176343,0.1636880619917065,1,0,
agentcore,concurrency,128,39,exec_true,1791363969.32532,0.15751067700330168,1,0,
agentcore,concurrency,128,40,exec_true,1791363969.331469,0.1531826819991693,1,0,
agentcore,concurrency,128,44,exec_true,1791363969.3252363,0.16150489903520793,1,0,
agentcore,concurrency,128,34,exec_true,1791363969.3252902,0.1663587719667703,1,0,
agentcore,concurrency,128,62,exec_true,1791363969.2227306,0.2704740919871256,1,0,
agentcore,concurrency,128,84,exec_true,1791363969.3359818,0.15726240002550185,1,0,
agentcore,concurrency,128,69,exec_true,1791363969.3358328,0.16376127302646637,1,0,
agentcore,concurrency,128,53,exec_true,1791363969.335862,0.16822604194749147,1,0,
agentcore,concurrency,128,43,exec_true,1791363969.3357098,0.1704846859211102,1,0,
agentcore,concurrency,128,121,exec_true,1791363969.355986,0.15221251896582544,1,0,
agentcore,concurrency,128,92,exec_true,1791363969.348735,0.16011157201137394,1,0,
agentcore,concurrency,128,51,exec_true,1791363969.3357847,0.17651604500133544,1,0,
agentcore,concurrency,128,71,exec_true,1791363969.2297924,0.28255525790154934,1,0,
agentcore,concurrency,128,74,exec_true,1791363969.3357537,0.18047178303822875,1,0,
agentcore,concurrency,128,125,exec_true,1791363969.3448648,0.17140787292737514,1,0,
agentcore,concurrency,128,37,exec_true,1791363969.3538878,0.16243280796334147,1,0,
agentcore,concurrency,128,114,exec_true,1791363969.3597066,0.16139547794591635,1,0,
agentcore,concurrency,128,73,stop,1791363969.3679516,0.15581493405625224,1,0,
agentcore,concurrency,128,54,exec_true,1791363969.3596647,0.16413108992855996,1,0,
agentcore,concurrency,128,111,exec_true,1791363969.3580325,0.1658097580075264,1,0,
agentcore,concurrency,128,41,exec_true,1791363969.3767712,0.15026638796553016,1,0,
agentcore,concurrency,128,42,exec_true,1791363969.39032,0.13818315498065203,1,0,
agentcore,concurrency,128,115,exec_true,1791363969.3783216,0.1502192880725488,1,0,
agentcore,concurrency,128,33,exec_true,1791363969.3690732,0.16111624299082905,1,0,
agentcore,concurrency,128,79,exec_true,1791363969.3820913,0.1504084919579327,1,0,
agentcore,concurrency,128,91,exec_true,1791363969.3820395,0.15324364695698023,1,0,
agentcore,concurrency,128,110,exec_true,1791363969.264052,0.2758852349361405,1,0,
agentcore,concurrency,128,96,exec_true,1791363969.3851109,0.15799086599145085,1,0,
agentcore,concurrency,128,72,exec_true,1791363969.3657224,0.18045596091542393,1,0,
agentcore,concurrency,128,35,exec_true,1791363969.378378,0.1691754449857399,1,0,
agentcore,concurrency,128,57,exec_true,1791363969.4027185,0.14694355800747871,1,0,
agentcore,concurrency,128,103,exec_true,1791363969.390287,0.1594175740610808,1,0,
agentcore,concurrency,128,120,exec_true,1791363969.2100139,0.3420686579775065,1,0,
agentcore,concurrency,128,118,exec_true,1791363969.406154,0.14932503493037075,1,0,
agentcore,concurrency,128,60,exec_true,1791363969.423006,0.1325180570129305,1,0,
agentcore,concurrency,128,45,exec_true,1791363969.3202813,0.23528415302280337,1,0,
agentcore,concurrency,128,70,exec_true,1791363969.4126186,0.1484400739427656,1,0,
agentcore,concurrency,128,65,exec_true,1791363969.4179976,0.14313155796844512,1,0,
agentcore,concurrency,128,58,exec_true,1791363969.390429,0.17075767798814923,1,0,
agentcore,concurrency,128,117,exec_true,1791363969.4060977,0.15919231995940208,1,0,
agentcore,concurrency,128,76,exec_true,1791363969.371479,0.19600176194217056,1,0,
agentcore,concurrency,128,56,exec_true,1791363969.4062092,0.16347194102127105,1,0,
agentcore,concurrency,128,95,exec_true,1791363969.4395285,0.13474325195420533,1,0,
agentcore,concurrency,128,82,exec_true,1791363969.3903499,0.18398921296466142,1,0,
agentcore,concurrency,128,52,exec_true,1791363969.4060574,0.1683505509281531,1,0,
agentcore,concurrency,128,63,exec_true,1791363969.4061823,0.16825717501342297,1,0,
agentcore,concurrency,128,48,exec_true,1791363969.4159868,0.1584864651085809,1,0,
agentcore,concurrency,128,81,exec_true,1791363969.414633,0.16740526806097478,1,0,
agentcore,concurrency,128,47,exec_true,1791363969.4308915,0.15119128103833646,1,0,
agentcore,concurrency,128,38,exec_true,1791363969.4271722,0.15843248600140214,1,0,
agentcore,concurrency,128,85,exec_true,1791363969.435728,0.15697219595313072,1,0,
agentcore,concurrency,128,101,exec_true,1791363969.4394946,0.15613843395840377,1,0,
agentcore,concurrency,128,102,exec_true,1791363969.4323406,0.16661073395516723,1,0,
agentcore,concurrency,128,61,exec_true,1791363969.390191,0.20881267706863582,1,0,
agentcore,concurrency,128,87,exec_true,1791363969.418039,0.18099519901443273,1,0,
agentcore,concurrency,128,86,exec_true,1791363969.444737,0.15432853600941598,1,0,
agentcore,concurrency,128,55,exec_true,1791363969.4525886,0.14652622095309198,1,0,
agentcore,concurrency,128,46,exec_true,1791363969.39014,0.20900287304539233,1,0,
agentcore,concurrency,128,122,exec_true,1791363969.3468437,0.26127452100627124,1,0,
agentcore,concurrency,128,64,exec_true,1791363969.4394095,0.1688242619857192,1,0,
agentcore,concurrency,128,78,exec_true,1791363969.426817,0.1814547129906714,1,0,
agentcore,concurrency,128,127,exec_true,1791363969.4214084,0.18987222202122211,1,0,
agentcore,concurrency,128,50,exec_true,1791363969.4526658,0.16393819206859916,1,0,
agentcore,concurrency,128,124,exec_true,1791363969.0871575,0.5295121270464733,1,0,
agentcore,concurrency,128,89,exec_true,1791363969.43956,0.1771466169739142,1,0,
agentcore,concurrency,128,80,exec_true,1791363969.4756336,0.14110782893840224,1,0,
agentcore,concurrency,128,98,exec_true,1791363969.464231,0.15256490500178188,1,0,
agentcore,concurrency,128,83,exec_true,1791363969.4607885,0.16171950695570558,1,0,
agentcore,concurrency,128,66,exec_true,1791363969.4525542,0.17458261002320796,1,0,
agentcore,concurrency,128,93,exec_true,1791363969.4526205,0.17457096395082772,1,0,
agentcore,concurrency,128,107,exec_true,1791363969.464306,0.16292217292357236,1,0,
agentcore,concurrency,128,108,exec_true,1791363969.4642038,0.16305844602175057,1,0,
agentcore,concurrency,128,109,exec_true,1791363969.4640791,0.1632155569968745,1,0,
agentcore,concurrency,128,59,exec_true,1791363969.4813309,0.1459962889784947,1,0,
agentcore,concurrency,128,99,exec_true,1791363969.4471107,0.1869415839901194,1,0,
agentcore,concurrency,128,97,exec_true,1791363969.4525063,0.18683466396760195,1,0,
agentcore,concurrency,128,90,exec_true,1791363969.464176,0.17944685998372734,1,0,
agentcore,concurrency,128,84,exec_true,1791363969.4932501,0.15041563601698726,1,0,
agentcore,concurrency,128,34,exec_true,1791363969.4916592,0.15203791693784297,1,0,
agentcore,concurrency,128,106,exec_true,1791363969.4642794,0.18404662900138646,1,0,
agentcore,concurrency,128,75,exec_true,1791363969.4755902,0.1727804980473593,1,0,
agentcore,concurrency,128,39,exec_true,1791363969.4828389,0.16556246497202665,1,0,
agentcore,concurrency,128,68,exec_true,1791363969.4472008,0.20567676797509193,1,0,
agentcore,concurrency,128,67,exec_true,1791363969.478416,0.1745035860221833,1,0,
agentcore,concurrency,128,40,exec_true,1791363969.4846578,0.16832852002698928,1,0,
agentcore,concurrency,128,113,exec_true,1791363969.4641426,0.18887477705720812,1,0,
agentcore,concurrency,128,44,exec_true,1791363969.486747,0.17115006293170154,1,0,
agentcore,concurrency,128,32,exec_true,1791363969.4323876,0.22729150496888906,1,0,
agentcore,concurrency,128,53,exec_true,1791363969.5040991,0.15862103598192334,1,0,
agentcore,concurrency,128,121,exec_true,1791363969.508796,0.1539663349976763,1,0,
agentcore,concurrency,128,62,stop,1791363969.493215,0.16960280295461416,1,0,
agentcore,concurrency,128,92,exec_true,1791363969.5088537,0.15398972597904503,1,0,
agentcore,concurrency,128,69,exec_true,1791363969.4996016,0.16706269106362015,1,0,
agentcore,concurrency,128,88,exec_true,1791363969.3903773,0.27968807599972934,1,0,
agentcore,concurrency,128,43,exec_true,1791363969.5062041,0.1639148440444842,1,0,
agentcore,concurrency,128,91,exec_true,1791363969.5352912,0.13486090197693557,1,0,
agentcore,concurrency,128,51,exec_true,1791363969.512308,0.1624205179978162,1,0,
agentcore,concurrency,128,42,exec_true,1791363969.5285099,0.14891810901463032,1,0,
agentcore,concurrency,128,94,exec_true,1791363969.2827046,0.3947738449787721,1,0,
agentcore,concurrency,128,111,exec_true,1791363969.5238483,0.1536867970135063,1,0,
agentcore,concurrency,128,114,exec_true,1791363969.5211136,0.1564555219374597,1,0,
agentcore,concurrency,128,54,exec_true,1791363969.5238018,0.1587406180333346,1,0,
agentcore,concurrency,128,125,exec_true,1791363969.5162787,0.16922221600543708,1,0,
agentcore,concurrency,128,71,exec_true,1791363969.5123534,0.1731895770644769,1,0,
agentcore,concurrency,128,33,exec_true,1791363969.5301976,0.15820508799515665,1,0,
agentcore,concurrency,128,41,exec_true,1791363969.5270448,0.16140039800666273,1,0,
agentcore,concurrency,128,96,exec_true,1791363969.543109,0.145370350102894,1,0,
agentcore,concurrency,128,60,exec_true,1791363969.5555298,0.13300295709632337,1,0,
agentcore,concurrency,128,37,exec_true,1791363969.5163262,0.17524136102292687,1,0,
agentcore,concurrency,128,79,exec_true,1791363969.532509,0.16413196898065507,1,0,
agentcore,concurrency,128,110,exec_true,1791363969.5399477,0.1569148659473285,1,0,
agentcore,concurrency,128,115,exec_true,1791363969.5285463,0.17239741305820644,1,0,
agentcore,concurrency,128,74,exec_true,1791363969.5162327,0.18674893002025783,1,0,
agentcore,concurrency,128,104,exec_true,1791363969.4324343,0.27062215795740485,1,0,
agentcore,concurrency,128,103,exec_true,1791363969.5497108,0.15820992609951645,1,0,
agentcore,concurrency,128,57,exec_true,1791363969.5496693,0.15998359199147671,1,0,
agentcore,concurrency,128,118,exec_true,1791363969.555487,0.15646182594355196,1,0,
agentcore,concurrency,128,70,exec_true,1791363969.561071,0.15358517598360777,1,0,
agentcore,concurrency,128,116,exec_true,1791363969.1961565,0.5202054420951754,1,0,
agentcore,concurrency,128,119,exec_true,1791363969.326636,0.39176452497486025,1,0,
agentcore,concurrency,128,72,exec_true,1791363969.5461862,0.17396936507429928,1,0,
agentcore,concurrency,128,35,stop,1791363969.5475793,0.17507147695869207,1,0,
agentcore,concurrency,128,117,exec_true,1791363969.5653024,0.15739217400550842,1,0,
agentcore,concurrency,128,45,exec_true,1791363969.5555716,0.1695104279788211,1,0,
agentcore,concurrency,128,38,exec_true,1791363969.5856133,0.1417194859823212,1,0,
agentcore,concurrency,128,65,exec_true,1791363969.5611358,0.1680107139982283,1,0,
agentcore,concurrency,128,56,exec_true,1791363969.5696893,0.16215158300474286,1,0,
agentcore,concurrency,128,52,exec_true,1791363969.5744145,0.15749564999714494,1,0,
agentcore,concurrency,128,82,exec_true,1791363969.574346,0.16117502702400088,1,0,
agentcore,concurrency,128,76,exec_true,1791363969.5674918,0.17021329805720598,1,0,
agentcore,concurrency,128,63,exec_true,1791363969.5744455,0.16330383101012558,1,0,
agentcore,concurrency,128,47,exec_true,1791363969.5820887,0.15569479099940509,1,0,
agentcore,concurrency,128,58,exec_true,1791363969.561193,0.1811614700127393,1,0,
agentcore,concurrency,128,100,start,1791363964.2552772,5.488588175037876,1,0,
agentcore,concurrency,128,48,exec_true,1791363969.5744789,0.1714298320002854,1,0,
agentcore,concurrency,128,85,exec_true,1791363969.5927103,0.15540067304391414,1,0,
agentcore,concurrency,128,81,exec_true,1791363969.5820458,0.16611615207511932,1,0,
agentcore,concurrency,128,95,exec_true,1791363969.5742836,0.17585502995643765,1,0,
agentcore,concurrency,128,46,exec_true,1791363969.5991483,0.15514869499020278,1,0,
agentcore,concurrency,128,120,exec_true,1791363969.552091,0.20394312706775963,1,0,
agentcore,concurrency,128,101,exec_true,1791363969.5956423,0.16045394504908472,1,0,
agentcore,concurrency,128,61,exec_true,1791363969.5990098,0.1608712610322982,1,0,
agentcore,concurrency,128,102,exec_true,1791363969.5989604,0.16097292210906744,1,0,
agentcore,concurrency,128,55,exec_true,1791363969.5991206,0.1608630371047184,1,0,
agentcore,concurrency,128,78,exec_true,1791363969.6082783,0.15520701801870018,1,0,
agentcore,concurrency,128,86,exec_true,1791363969.5990708,0.16766621195711195,1,0,
agentcore,concurrency,128,50,exec_true,1791363969.6166155,0.15141300798859447,1,0,
agentcore,concurrency,128,89,exec_true,1791363969.6167123,0.15535897901281714,1,0,
agentcore,concurrency,128,64,exec_true,1791363969.6082404,0.16516882693395019,1,0,
agentcore,concurrency,128,93,exec_true,1791363969.6271982,0.14810991298872977,1,0,
agentcore,concurrency,128,122,exec_true,1791363969.6081297,0.16723300504963845,1,0,
agentcore,concurrency,128,83,exec_true,1791363969.6225162,0.15526051400229335,1,0,
agentcore,concurrency,128,107,exec_true,1791363969.6272345,0.15058256103657186,1,0,
agentcore,concurrency,128,108,exec_true,1791363969.6272678,0.15410888893529773,1,0,
agentcore,concurrency,128,80,exec_true,1791363969.6167476,0.16466560203116387,1,0,
agentcore,concurrency,128,127,exec_true,1791363969.611288,0.1738589210435748,1,0,
agentcore,concurrency,128,98,exec_true,1791363969.6168017,0.16984205599874258,1,0,
agentcore,concurrency,128,40,exec_true,1791363969.6529922,0.13370884605683386,1,0,
agentcore,concurrency,128,124,exec_true,1791363969.6166763,0.17438919295091182,1,0,
agentcore,concurrency,128,90,exec_true,1791363969.6436296,0.14844759705010802,1,0,
agentcore,concurrency,128,109,exec_true,1791363969.6273003,0.16482730593997985,1,0,
agentcore,concurrency,128,126,start,1791363964.6552188,5.142923080013134,1,0,
agentcore,concurrency,128,53,exec_true,1791363969.662727,0.13714967900887132,1,0,
agentcore,concurrency,128,59,exec_true,1791363969.6273324,0.17259482899680734,1,0,
agentcore,concurrency,128,84,exec_true,1791363969.6436715,0.15632113197352737,1,0,
agentcore,concurrency,128,66,exec_true,1791363969.6271465,0.17814594507217407,1,0,
agentcore,concurrency,128,121,exec_true,1791363969.662768,0.14257741998881102,1,0,
agentcore,concurrency,128,99,exec_true,1791363969.6340609,0.17137544800061733,1,0,
agentcore,concurrency,128,113,exec_true,1791363969.6530235,0.15891048905905336,1,0,
agentcore,concurrency,128,87,exec_true,1791363969.5990398,0.21296148002147675,1,0,
agentcore,concurrency,128,39,exec_true,1791363969.6484067,0.1636287790024653,1,0,
agentcore,concurrency,128,97,exec_true,1791363969.6393483,0.17272518400568515,1,0,
agentcore,concurrency,128,32,exec_true,1791363969.6596866,0.15241447498556226,1,0,
agentcore,concurrency,128,106,exec_true,1791363969.6483335,0.16379676398355514,1,0,
agentcore,concurrency,128,75,exec_true,1791363969.6483765,0.16378346201963723,1,0,
agentcore,concurrency,128,34,exec_true,1791363969.6437025,0.1738144380506128,1,0,
agentcore,concurrency,128,67,exec_true,1791363969.6529255,0.16921941202599555,1,0,
agentcore,concurrency,128,42,exec_true,1791363969.677436,0.14757187489885837,1,0,
agentcore,concurrency,128,71,exec_true,1791363969.6855493,0.13954764604568481,1,0,
agentcore,concurrency,128,69,exec_true,1791363969.6666763,0.1584580629132688,1,0,
agentcore,concurrency,128,44,exec_true,1791363969.6579053,0.1672594859264791,1,0,
agentcore,concurrency,128,51,exec_true,1791363969.6747367,0.15045716299209744,1,0,
agentcore,concurrency,128,68,exec_true,1791363969.652885,0.18112569791264832,1,0,
agentcore,concurrency,128,92,exec_true,1791363969.6628485,0.17121746600605547,1,0,
agentcore,concurrency,128,94,exec_true,1791363969.6774843,0.15661516797263175,1,0,
agentcore,concurrency,128,88,exec_true,1791363969.6700735,0.16405772499274462,1,0,
agentcore,concurrency,128,91,exec_true,1791363969.670158,0.17034800699912012,1,0,
agentcore,concurrency,128,43,exec_true,1791363969.6701255,0.17049477889668196,1,0,
agentcore,concurrency,128,114,exec_true,1791363969.6775746,0.16309205803554505,1,0,
agentcore,concurrency,128,54,exec_true,1791363969.6825492,0.1581486180657521,1,0,
agentcore,concurrency,128,33,exec_true,1791363969.688409,0.15233083406928927,1,0,
agentcore,concurrency,128,111,exec_true,1791363969.6775415,0.16322870994918048,1,0,
agentcore,concurrency,128,60,exec_true,1791363969.6885388,0.159745131037198,1,0,
agentcore,concurrency,128,125,exec_true,1791363969.68551,0.16943305300083011,1,0,
agentcore,concurrency,128,96,exec_true,1791363969.6884847,0.16650766599923372,1,0,
agentcore,concurrency,128,123,exec_true,1791363969.4004257,0.4545986319426447,1,0,
agentcore,concurrency,128,74,exec_true,1791363969.7029889,0.15206900495104492,1,0,
agentcore,concurrency,128,57,exec_true,1791363969.7096608,0.1454418150242418,1,0,
agentcore,concurrency,128,37,exec_true,1791363969.6935816,0.16999593598302454,1,0,
agentcore,concurrency,128,110,exec_true,1791363969.6968684,0.16864607797469944,1,0,
agentcore,concurrency,128,118,exec_true,1791363969.7119582,0.153656488051638,1,0,
agentcore,concurrency,128,79,exec_true,1791363969.6966493,0.17173546005506068,1,0,
agentcore,concurrency,128,115,exec_true,1791363969.7009509,0.1675066549796611,1,0,
agentcore,concurrency,128,70,exec_true,1791363969.714665,0.15382612799294293,1,0,
agentcore,concurrency,128,77,exec_true,1791363969.3904064,0.48457730596419424,1,0,
agentcore,concurrency,128,41,exec_true,1791363969.688451,0.18659538903739303,1,0,
agentcore,concurrency,128,63,exec_true,1791363969.7377553,0.13736350205726922,1,0,
agentcore,concurrency,128,104,exec_true,1791363969.7030625,0.17460465105250478,1,0,
agentcore,concurrency,128,72,exec_true,1791363969.7201643,0.16094492992851883,1,0,
agentcore,concurrency,128,82,exec_true,1791363969.7355316,0.14564053097274154,1,0,
agentcore,concurrency,128,117,exec_true,1791363969.722701,0.1585045619867742,1,0,
agentcore,concurrency,128,52,exec_true,1791363969.731917,0.1517786670010537,1,0,
agentcore,concurrency,128,45,exec_true,1791363969.7250898,0.1623539449647069,1,0,
agentcore,concurrency,128,47,exec_true,1791363969.7377894,0.15111909701954573,1,0,
agentcore,concurrency,128,119,exec_true,1791363969.7184117,0.17356263601686805,1,0,
agentcore,concurrency,128,65,stop,1791363969.7291605,0.166465632035397,1,0,
agentcore,concurrency,128,116,exec_true,1791363969.7163696,0.1794817839981988,1,0,
agentcore,concurrency,128,120,exec_true,1791363969.7560441,0.1412825669394806,1,0,
agentcore,concurrency,128,103,exec_true,1791363969.7079325,0.19108470296487212,1,0,
agentcore,concurrency,128,78,exec_true,1791363969.7634947,0.13717312400694937,1,0,
agentcore,concurrency,128,48,exec_true,1791363969.7459166,0.1560850200476125,1,0,
agentcore,concurrency,128,56,exec_true,1791363969.7318497,0.1713449980597943,1,0,
agentcore,concurrency,128,95,exec_true,1791363969.7501483,0.15431826398707926,1,0,
agentcore,concurrency,128,58,exec_true,1791363969.7423615,0.16596283402759582,1,0,
agentcore,concurrency,128,38,exec_true,1791363969.7273414,0.18102739402092993,1,0,
agentcore,concurrency,128,76,exec_true,1791363969.7377121,0.17489258095156401,1,0,
agentcore,concurrency,128,40,exec_true,1791363969.786708,0.12838679098058492,1,0,
agentcore,concurrency,128,46,exec_true,1791363969.7543058,0.16082631202880293,1,0,
agentcore,concurrency,128,101,exec_true,1791363969.7561033,0.16208856902085245,1,0,
agentcore,concurrency,128,50,exec_true,1791363969.768035,0.15019659197423607,1,0,
agentcore,concurrency,128,61,exec_true,1791363969.75989,0.15839276800397784,1,0,
agentcore,concurrency,128,102,exec_true,1791363969.7599397,0.16369726601988077,1,0,
agentcore,concurrency,128,89,exec_true,1791363969.7720804,0.15163701004348695,1,0,
agentcore,concurrency,128,122,exec_true,1791363969.7753682,0.1511039169272408,1,0,
agentcore,concurrency,128,64,exec_true,1791363969.7734156,0.15590284403879195,1,0,
agentcore,concurrency,128,85,exec_true,1791363969.7481196,0.18361957394517958,1,0,
agentcore,concurrency,128,80,exec_true,1791363969.781419,0.15089957392774522,1,0,
agentcore,concurrency,128,108,exec_true,1791363969.7813833,0.15400864800903946,1,0,
agentcore,concurrency,128,98,exec_true,1791363969.7866554,0.1509409350110218,1,0,
agentcore,concurrency,128,81,exec_true,1791363969.7481682,0.18947099999058992,1,0,
agentcore,concurrency,128,93,exec_true,1791363969.775319,0.162354415981099,1,0,
agentcore,concurrency,128,127,exec_true,1791363969.7851543,0.1574251629645005,1,0,
agentcore,concurrency,128,112,exec_true,1791363968.9963784,0.9479277080390602,1,0,
agentcore,concurrency,128,124,exec_true,1791363969.791073,0.15453876997344196,1,0,
agentcore,concurrency,128,83,exec_true,1791363969.7777832,0.1708669780055061,1,0,
agentcore,concurrency,128,86,exec_true,1791363969.7667446,0.18195405695587397,1,0,
agentcore,concurrency,128,109,exec_true,1791363969.792133,0.15924475295469165,1,0,
agentcore,concurrency,128,113,exec_true,1791363969.8119462,0.14129750593565404,1,0,
agentcore,concurrency,128,105,exec_true,1791363969.4738631,0.4833545229630545,1,0,
agentcore,concurrency,128,90,exec_true,1791363969.7920861,0.16639235790353268,1,0,
agentcore,concurrency,128,39,exec_true,1791363969.8120418,0.14881303603760898,1,0,
agentcore,concurrency,128,66,exec_true,1791363969.8053014,0.1579259770223871,1,0,
agentcore,concurrency,128,53,exec_true,1791363969.7998853,0.16338945599272847,1,0,
agentcore,concurrency,128,75,exec_true,1791363969.8121653,0.1535911860410124,1,0,
agentcore,concurrency,128,121,exec_true,1791363969.8053515,0.163979600998573,1,0,
agentcore,concurrency,128,99,exec_true,1791363969.805443,0.16396352997981012,1,0,
agentcore,concurrency,128,67,exec_true,1791363969.822155,0.15113151399418712,1,0,
agentcore,concurrency,128,107,exec_true,1791363969.7778223,0.19813774398062378,1,0,
agentcore,concurrency,128,42,exec_true,1791363969.825017,0.15098701603710651,1,0,
agentcore,concurrency,128,32,exec_true,1791363969.8121061,0.16790401400066912,1,0,
agentcore,concurrency,128,34,exec_true,1791363969.8175244,0.16378249903209507,1,0,
agentcore,concurrency,128,59,exec_true,1791363969.7999337,0.18367064709309489,1,0,
agentcore,concurrency,128,97,exec_true,1791363969.812079,0.17157222994137555,1,0,
agentcore,concurrency,128,88,exec_true,1791363969.8341382,0.15296148299239576,1,0,
agentcore,concurrency,128,84,exec_true,1791363969.7999992,0.18714463897049427,1,0,
agentcore,concurrency,128,69,exec_true,1791363969.82514,0.16556969995144755,1,0,
agentcore,concurrency,128,68,exec_true,1791363969.8340197,0.1582533729961142,1,0,
agentcore,concurrency,128,91,exec_true,1791363969.840515,0.15182759799063206,1,0,
agentcore,concurrency,128,106,exec_true,1791363969.8121362,0.18388902000151575,1,0,
agentcore,concurrency,128,87,exec_true,1791363969.812008,0.1863003569887951,1,0,
agentcore,concurrency,128,94,exec_true,1791363969.8341053,0.16599328198935837,1,0,
agentcore,concurrency,128,51,exec_true,1791363969.8251994,0.1762623810209334,1,0,
agentcore,concurrency,128,60,exec_true,1791363969.8482938,0.1563556189648807,1,0,
agentcore,concurrency,128,44,exec_true,1791363969.8251705,0.17954790499061346,1,0,
agentcore,concurrency,128,54,exec_true,1791363969.8407032,0.16405382205266505,1,0,
agentcore,concurrency,128,92,exec_true,1791363969.8340726,0.17072939302306622,1,0,
agentcore,concurrency,128,33,exec_true,1791363969.8407457,0.1725717500085011,1,0,
agentcore,concurrency,128,114,exec_true,1791363969.8406727,0.17270335694774985,1,0,
agentcore,concurrency,128,57,exec_true,1791363969.8551083,0.1583073599031195,1,0,
agentcore,concurrency,128,71,exec_true,1791363969.8251035,0.18839425698388368,1,0,
agentcore,concurrency,128,111,exec_true,1791363969.8407755,0.17275789403356612,1,0,
agentcore,concurrency,128,43,exec_true,1791363969.8406274,0.17293914000038058,1,0,
agentcore,concurrency,128,96,exec_true,1791363969.8549984,0.16544375999365002,1,0,
agentcore,concurrency,128,37,exec_true,1791363969.8635886,0.1569157859776169,1,0,
agentcore,concurrency,128,110,exec_true,1791363969.8655238,0.15787821100093424,1,0,
agentcore,concurrency,128,118,exec_true,1791363969.8656213,0.15911183098796755,1,0,
agentcore,concurrency,128,52,exec_true,1791363969.8837025,0.14287292200606316,1,0,
agentcore,concurrency,128,125,exec_true,1791363969.8549523,0.17165831790771335,1,0,
agentcore,concurrency,128,74,stop,1791363969.855065,0.17735318408813328,1,0,
agentcore,concurrency,128,115,exec_true,1791363969.8684645,0.1657153310952708,1,0,
agentcore,concurrency,128,123,exec_true,1791363969.8550303,0.17921582702547312,1,0,
agentcore,concurrency,128,117,exec_true,1791363969.881211,0.15307022794149816,1,0,
agentcore,concurrency,128,79,exec_true,1791363969.8683977,0.16591519792564213,1,0,
agentcore,concurrency,128,120,exec_true,1791363969.8973324,0.14110152900684625,1,0,
agentcore,concurrency,128,104,exec_true,1791363969.8776743,0.16551670501939952,1,0,
agentcore,concurrency,128,63,exec_true,1791363969.8775754,0.16566735797096044,1,0,
agentcore,concurrency,128,77,exec_true,1791363969.8749945,0.16831077600363642,1,0,
agentcore,concurrency,128,70,exec_true,1791363969.8684974,0.17484268092084676,1,0,
agentcore,concurrency,128,55,exec_true,1791363969.7599895,0.28337881702464074,1,0,
agentcore,concurrency,128,72,exec_true,1791363969.8811204,0.17082501703407615,1,0,
agentcore,concurrency,128,103,exec_true,1791363969.8990273,0.1529768790351227,1,0,
agentcore,concurrency,128,82,exec_true,1791363969.8811781,0.17459699197206646,1,0,
agentcore,concurrency,128,78,exec_true,1791363969.9006758,0.15521251398604363,1,0,
agentcore,concurrency,128,45,exec_true,1791363969.8874526,0.16847476898692548,1,0,
agentcore,concurrency,128,40,exec_true,1791363969.9151013,0.14846676599700004,1,0,
agentcore,concurrency,128,119,exec_true,1791363969.8919816,0.17205763806123286,1,0,
agentcore,concurrency,128,41,stop,1791363969.875054,0.18902716506272554,1,0,
agentcore,concurrency,128,48,stop,1791363969.9020128,0.16213896893896163,1,0,
agentcore,concurrency,128,47,exec_true,1791363969.8889194,0.17526460101362318,1,0,
agentcore,concurrency,128,56,exec_true,1791363969.9032013,0.16104425000958145,1,0,
agentcore,concurrency,128,116,exec_true,1791363969.8958588,0.17468281497713178,1,0,
agentcore,concurrency,128,58,exec_true,1791363969.908332,0.16225690802093595,1,0,
agentcore,concurrency,128,100,exec_true,1791363969.7438765,0.3296801410615444,1,0,
agentcore,concurrency,128,76,exec_true,1791363969.9126124,0.16242858103942126,1,0,
agentcore,concurrency,128,122,exec_true,1791363969.9264789,0.15016749501228333,1,0,
agentcore,concurrency,128,101,exec_true,1791363969.9181983,0.16064140491653234,1,0,
agentcore,concurrency,128,61,exec_true,1791363969.9182887,0.1606018840102479,1,0,
agentcore,concurrency,128,95,exec_true,1791363969.9044735,0.17444698803592473,1,0,
agentcore,concurrency,128,38,exec_true,1791363969.9083748,0.17487992893438786,1,0,
agentcore,concurrency,128,102,exec_true,1791363969.923648,0.15965841198340058,1,0,
agentcore,concurrency,128,64,exec_true,1791363969.9293253,0.15744449605699629,1,0,
agentcore,concurrency,128,46,stop,1791363969.915138,0.17378130904398859,1,0,
agentcore,concurrency,128,80,exec_true,1791363969.9323266,0.1567274200497195,1,0,
agentcore,concurrency,128,50,stop,1791363969.918238,0.17247568909078836,1,0,
agentcore,concurrency,128,108,exec_true,1791363969.9354005,0.15607718902174383,1,0,
agentcore,concurrency,128,89,exec_true,1791363969.923724,0.1692534179892391,1,0,
agentcore,concurrency,128,85,exec_true,1791363969.9317465,0.1626493571093306,1,0,
agentcore,concurrency,128,81,exec_true,1791363969.9376452,0.15785362001042813,1,0,
agentcore,concurrency,128,67,exec_true,1791363969.9732962,0.1298000169917941,1,0,
agentcore,concurrency,128,83,exec_true,1791363969.948658,0.15610108408145607,1,0,
agentcore,concurrency,128,98,exec_true,1791363969.9376035,0.16927023197058588,1,0,
agentcore,concurrency,128,93,exec_true,1791363969.9376788,0.16924410802312195,1,0,
agentcore,concurrency,128,112,exec_true,1791363969.9443147,0.16492557094898075,1,0,
agentcore,concurrency,128,109,exec_true,1791363969.951387,0.16069987998344004,1,0,
agentcore,concurrency,128,127,exec_true,1791363969.9425902,0.17164677300024778,1,0,
agentcore,concurrency,128,53,exec_true,1791363969.963281,0.1510050119832158,1,0,
agentcore,concurrency,128,126,exec_true,1791363969.7981536,0.3161635330179706,1,0,
agentcore,concurrency,128,113,exec_true,1791363969.953254,0.16109451407101005,1,0,
agentcore,concurrency,128,105,exec_true,1791363969.9572244,0.15717347897589207,1,0,
agentcore,concurrency,128,75,exec_true,1791363969.9657652,0.15326528495643288,1,0,
agentcore,concurrency,128,121,exec_true,1791363969.9693394,0.1531835290370509,1,0,
agentcore,concurrency,128,39,stop,1791363969.9608626,0.1639599179616198,1,0,
agentcore,concurrency,128,66,exec_true,1791363969.963237,0.16403973707929254,1,0,
agentcore,concurrency,128,124,exec_true,1791363969.9456227,0.18431343301199377,1,0,
agentcore,concurrency,128,42,exec_true,1791363969.9760103,0.15397366601973772,1,0,
agentcore,concurrency,128,90,exec_true,1791363969.9584873,0.17153004196006805,1,0,
agentcore,concurrency,128,88,exec_true,1791363969.9871066,0.14295718900393695,1,0,
agentcore,concurrency,128,107,exec_true,1791363969.9759676,0.1541290070163086,1,0,
agentcore,concurrency,128,99,exec_true,1791363969.9694128,0.16376606095582247,1,0,
agentcore,concurrency,128,32,exec_true,1791363969.9800196,0.15319286996964365,1,0,
agentcore,concurrency,128,97,exec_true,1791363969.9836566,0.15651687502395362,1,0,
agentcore,concurrency,128,86,exec_true,1791363969.9487047,0.19352284108754247,1,0,
agentcore,concurrency,128,106,exec_true,1791363969.996034,0.14838583092205226,1,0,
agentcore,concurrency,128,91,exec_true,1791363969.9923491,0.15348506695590913,1,0,
agentcore,concurrency,128,114,exec_true,1791363970.0133832,0.1339853600366041,1,0,
agentcore,concurrency,128,68,exec_true,1791363969.9922857,0.15765842201653868,1,0,
agentcore,concurrency,128,34,exec_true,1791363969.9813163,0.1696971559431404,1,0,
agentcore,concurrency,128,54,exec_true,1791363970.004763,0.1478344170609489,1,0,
agentcore,concurrency,128,84,exec_true,1791363969.9871497,0.16799405706115067,1,0,
agentcore,concurrency,128,69,exec_true,1791363969.9907162,0.16717869299463928,1,0,
agentcore,concurrency,128,51,exec_true,1791363970.0014687,0.15807258198037744,1,0,
agentcore,concurrency,128,118,exec_true,1791363970.0247405,0.13686171697918326,1,0,
agentcore,concurrency,128,92,exec_true,1791363970.0048087,0.1601613980019465,1,0,
agentcore,concurrency,128,94,exec_true,1791363970.000106,0.16640790307428688,1,0,
agentcore,concurrency,128,87,exec_true,1791363969.998316,0.1698603220283985,1,0,
agentcore,concurrency,128,33,exec_true,1791363970.0133286,0.1565671960124746,1,0,
agentcore,concurrency,128,71,exec_true,1791363970.0135043,0.15832046093419194,1,0,
agentcore,concurrency,128,60,exec_true,1791363970.0046616,0.1672237979946658,1,0,
agentcore,concurrency,128,117,exec_true,1791363970.0342872,0.14236273302230984,1,0,
agentcore,concurrency,128,125,exec_true,1791363970.0266163,0.15164133498910815,1,0,
agentcore,concurrency,128,37,exec_true,1791363970.020511,0.1598372810985893,1,0,
agentcore,concurrency,128,110,exec_true,1791363970.0234094,0.15701667906250805,1,0,
agentcore,concurrency,128,111,exec_true,1791363970.0135393,0.16691910906229168,1,0,
agentcore,concurrency,128,52,exec_true,1791363970.0265822,0.1589109100168571,1,0,
agentcore,concurrency,128,43,exec_true,1791363970.0135725,0.17212102399207652,1,0,
agentcore,concurrency,128,103,exec_true,1791363970.0520103,0.1365952220512554,1,0,
agentcore,concurrency,128,59,exec_true,1791363969.9836128,0.20770126802381128,1,0,
agentcore,concurrency,128,57,exec_true,1791363970.0134218,0.17793225508648902,1,0,
agentcore,concurrency,128,123,exec_true,1791363970.0342531,0.159327246947214,1,0,
agentcore,concurrency,128,63,exec_true,1791363970.043249,0.152572673978284,1,0,
agentcore,concurrency,128,115,exec_true,1791363970.0341904,0.16296344995498657,1,0,
agentcore,concurrency,128,79,stop,1791363970.034319,0.16683358699083328,1,0,
agentcore,concurrency,128,96,exec_true,1791363970.0204499,0.18175933498423547,1,0,
agentcore,concurrency,128,119,exec_true,1791363970.0640464,0.14027046598494053,1,0,
agentcore,concurrency,128,70,exec_true,1791363970.0433455,0.16251220600679517,1,0,
agentcore,concurrency,128,120,exec_true,1791363970.0384412,0.16749798005912453,1,0,
agentcore,concurrency,128,44,exec_true,1791363970.0047247,0.20416878093965352,1,0,
agentcore,concurrency,128,72,exec_true,1791363970.0519557,0.15961933403741568,1,0,
agentcore,concurrency,128,77,exec_true,1791363970.0433114,0.16831388499122113,1,0,
agentcore,concurrency,128,55,stop,1791363970.043374,0.16832102602347732,1,0,
agentcore,concurrency,128,38,exec_true,1791363970.0832644,0.13265997904818505,1,0,
agentcore,concurrency,128,82,exec_true,1791363970.0557826,0.16235115204472095,1,0,
agentcore,concurrency,128,47,exec_true,1791363970.0641901,0.1552736209705472,1,0,
agentcore,concurrency,128,76,exec_true,1791363970.0750494,0.1469447510316968,1,0,
agentcore,concurrency,128,104,exec_true,1791363970.043199,0.18157122703269124,1,0,
agentcore,concurrency,128,56,exec_true,1791363970.0642514,0.16058153798803687,1,0,
agentcore,concurrency,128,45,exec_true,1791363970.0559332,0.1689581680111587,1,0,
agentcore,concurrency,128,58,exec_true,1791363970.070595,0.1613467460265383,1,0,
agentcore,concurrency,128,116,exec_true,1791363970.0705492,0.16144626203458756,1,0,
agentcore,concurrency,128,108,exec_true,1791363970.0914836,0.14055551798082888,1,0,
agentcore,concurrency,128,40,exec_true,1791363970.0639815,0.17182403604965657,1,0,
agentcore,concurrency,128,67,exec_true,1791363970.103104,0.13276383897755295,1,0,
agentcore,concurrency,128,78,exec_true,1791363970.0558953,0.18000298494007438,1,0,
agentcore,concurrency,128,102,exec_true,1791363970.083312,0.15602055203635246,1,0,
agentcore,concurrency,128,100,exec_true,1791363970.0735683,0.16812457307241857,1,0,
agentcore,concurrency,128,64,exec_true,1791363970.0867786,0.15803953097201884,1,0,
agentcore,concurrency,128,85,exec_true,1791363970.094402,0.1504736680071801,1,0,
agentcore,concurrency,128,98,exec_true,1791363970.106883,0.1380308719817549,1,0,
agentcore,concurrency,128,61,exec_true,1791363970.0788963,0.17051732703112066,1,0,
agentcore,concurrency,128,122,exec_true,1791363970.0766559,0.1728097329614684,1,0,
agentcore,concurrency,128,95,stop,1791363970.0789268,0.17059991997666657,1,0,
agentcore,concurrency,128,80,exec_true,1791363970.0890608,0.16048991598654538,1,0,
agentcore,concurrency,128,89,exec_true,1791363970.0929837,0.16233702399767935,1,0,
agentcore,concurrency,128,42,exec_true,1791363970.1299899,0.12718419509474188,1,0,
agentcore,concurrency,128,81,exec_true,1791363970.0955083,0.16831340896897018,1,0,
agentcore,concurrency,128,83,exec_true,1791363970.1047664,0.16270605695899576,1,0,
agentcore,concurrency,128,109,exec_true,1791363970.1120958,0.15675850701518357,1,0,
agentcore,concurrency,128,97,exec_true,1791363970.1401813,0.13200613902881742,1,0,
agentcore,concurrency,128,53,exec_true,1791363970.1142917,0.1601262049516663,1,0,
agentcore,concurrency,128,75,exec_true,1791363970.1190386,0.15652420104015619,1,0,
agentcore,concurrency,128,93,exec_true,1791363970.1069288,0.17116713104769588,1,0,
agentcore,concurrency,128,126,exec_true,1791363970.1143236,0.16399598808493465,1,0,
agentcore,concurrency,128,121,exec_true,1791363970.1225345,0.15583535900805146,1,0,
agentcore,concurrency,128,66,exec_true,1791363970.1272862,0.1559748110594228,1,0,
agentcore,concurrency,128,105,exec_true,1791363970.1144035,0.17132058809511364,1,0,
agentcore,concurrency,128,113,exec_true,1791363970.1143544,0.17142106511164457,1,0,
agentcore,concurrency,128,99,exec_true,1791363970.1331854,0.15628364402800798,1,0,
agentcore,concurrency,128,127,exec_true,1791363970.1142437,0.17752949299756438,1,0,
agentcore,concurrency,128,124,exec_true,1791363970.129944,0.16330025508068502,1,0,
agentcore,concurrency,128,84,exec_true,1791363970.1551535,0.1393254689173773,1,0,
agentcore,concurrency,128,112,exec_true,1791363970.109249,0.18692036194261163,1,0,
agentcore,concurrency,128,90,exec_true,1791363970.1300232,0.1706844320287928,1,0,
agentcore,concurrency,128,107,exec_true,1791363970.130102,0.17065817001275718,1,0,
agentcore,concurrency,128,54,exec_true,1791363970.1526039,0.1481962789548561,1,0,
agentcore,concurrency,128,32,exec_true,1791363970.1332178,0.17172681901138276,1,0,
agentcore,concurrency,128,118,exec_true,1791363970.1616096,0.14468408096581697,1,0,
agentcore,concurrency,128,106,exec_true,1791363970.1444302,0.1639069210505113,1,0,
agentcore,concurrency,128,114,exec_true,1791363970.1473773,0.16238175705075264,1,0,
agentcore,concurrency,128,69,exec_true,1791363970.1579015,0.1531522129662335,1,0,
agentcore,concurrency,128,88,exec_true,1791363970.13007,0.184777285088785,1,0,
agentcore,concurrency,128,87,exec_true,1791363970.1681838,0.14839677594136447,1,0,
agentcore,concurrency,128,86,exec_true,1791363970.1422338,0.17581844702363014,1,0,
agentcore,concurrency,128,51,exec_true,1791363970.1595528,0.15976405900437385,1,0,
agentcore,concurrency,128,68,exec_true,1791363970.1499536,0.17074491688981652,1,0,
agentcore,concurrency,128,60,exec_true,1791363970.1718915,0.15082575904671103,1,0,
agentcore,concurrency,128,34,exec_true,1791363970.15102,0.17173512699082494,1,0,
agentcore,concurrency,128,92,exec_true,1791363970.1649766,0.1621516690356657,1,0,
agentcore,concurrency,128,110,exec_true,1791363970.180432,0.14803457900416106,1,0,
agentcore,concurrency,128,117,exec_true,1791363970.1766598,0.15403941099066287,1,0,
agentcore,concurrency,128,63,exec_true,1791363970.1958327,0.13913620996754616,1,0,
agentcore,concurrency,128,94,exec_true,1791363970.166524,0.16848523798398674,1,0,
agentcore,concurrency,128,52,stop,1791363970.1855023,0.14953849103767425,1,0,
agentcore,concurrency,128,111,exec_true,1791363970.180464,0.15710644889622927,1,0,
agentcore,concurrency,128,33,exec_true,1791363970.169907,0.17004571901634336,1,0,
agentcore,concurrency,128,123,exec_true,1791363970.1935875,0.1464297380298376,1,0,
agentcore,concurrency,128,59,exec_true,1791363970.1913211,0.15093079500366002,1,0,
agentcore,concurrency,128,103,exec_true,1791363970.1886146,0.1537230300018564,1,0,
agentcore,concurrency,128,57,exec_true,1791363970.1913598,0.15350268105976284,1,0,
agentcore,concurrency,128,37,exec_true,1791363970.1803548,0.17106274305842817,1,0,
agentcore,concurrency,128,125,exec_true,1791363970.178265,0.17322002490982413,1,0,
agentcore,concurrency,128,91,stop,1791363970.145843,0.20568217209074646,1,0,
agentcore,concurrency,128,77,exec_true,1791363970.211631,0.13991894805803895,1,0,
agentcore,concurrency,128,43,exec_true,1791363970.1856997,0.1659235010156408,1,0,
agentcore,concurrency,128,82,exec_true,1791363970.218143,0.13351236702874303,1,0,
agentcore,concurrency,128,115,exec_true,1791363970.1971617,0.15452061593532562,1,0,
agentcore,concurrency,128,71,exec_true,1791363970.1718323,0.1798810550244525,1,0,
agentcore,concurrency,128,72,stop,1791363970.211586,0.1496521169319749,1,0,
agentcore,concurrency,128,101,exec_true,1791363970.0788493,0.28242075291927904,1,0,
agentcore,concurrency,128,119,exec_true,1791363970.204327,0.16073489596601576,1,0,
agentcore,concurrency,128,96,exec_true,1791363970.2022164,0.1628904709359631,1,0,
agentcore,concurrency,128,120,exec_true,1791363970.2059455,0.16197098803240806,1,0,
agentcore,concurrency,128,104,exec_true,1791363970.2247813,0.14955701504368335,1,0,
agentcore,concurrency,128,70,exec_true,1791363970.2058673,0.16993306297808886,1,0,
agentcore,concurrency,128,76,exec_true,1791363970.222003,0.15898929093964398,1,0,
agentcore,concurrency,128,67,exec_true,1791363970.235874,0.1485109510831535,1,0,
agentcore,concurrency,128,44,exec_true,1791363970.2089005,0.17716203990858048,1,0,
agentcore,concurrency,128,100,exec_true,1791363970.2417042,0.14560074801556766,1,0,
agentcore,concurrency,128,85,exec_true,1791363970.2448823,0.1481193050276488,1,0,
agentcore,concurrency,128,64,exec_true,1791363970.2448277,0.14823260996490717,1,0,
agentcore,concurrency,128,45,exec_true,1791363970.2248974,0.17077092302497476,1,0,
agentcore,concurrency,128,122,exec_true,1791363970.2494712,0.14623648603446782,1,0,
agentcore,concurrency,128,40,exec_true,1791363970.2358122,0.1642930479720235,1,0,
agentcore,concurrency,128,78,exec_true,1791363970.2359035,0.1642410159111023,1,0,
agentcore,concurrency,128,102,exec_true,1791363970.2399237,0.16025685891509056,1,0,
agentcore,concurrency,128,116,exec_true,1791363970.2320018,0.16948387201409787,1,0,
agentcore,concurrency,128,83,exec_true,1791363970.26748,0.1386194999795407,1,0,
agentcore,concurrency,128,47,stop,1791363970.2194743,0.1867896520998329,1,0,
agentcore,concurrency,128,58,exec_true,1791363970.2319503,0.1743513320107013,1,0,
agentcore,concurrency,128,108,exec_true,1791363970.2320447,0.17431610403582454,1,0,
agentcore,concurrency,128,93,exec_true,1791363970.278103,0.13273905601818115,1,0,
agentcore,concurrency,128,81,exec_true,1791363970.2638302,0.14959863293915987,1,0,
agentcore,concurrency,128,56,stop,1791363970.22484,0.18991100799757987,1,0,
agentcore,concurrency,128,80,stop,1791363970.2495573,0.1652333439560607,1,0,
agentcore,concurrency,128,89,exec_true,1791363970.2553313,0.15974734001792967,1,0,
agentcore,concurrency,128,61,exec_true,1791363970.2494214,0.16723660100251436,1,0,
agentcore,concurrency,128,38,exec_true,1791363970.2159305,0.20234268892090768,1,0,
agentcore,concurrency,128,109,exec_true,1791363970.2688649,0.15033495798707008,1,0,
agentcore,concurrency,128,124,exec_true,1791363970.293251,0.12932196899782866,1,0,
agentcore,concurrency,128,97,exec_true,1791363970.2721999,0.15992156392894685,1,0,
agentcore,concurrency,128,75,stop,1791363970.275575,0.15806406002957374,1,0,
agentcore,concurrency,128,53,stop,1791363970.2744281,0.16028072393964976,1,0,
agentcore,concurrency,128,126,exec_true,1791363970.278326,0.157272660988383,1,0,
agentcore,concurrency,128,121,stop,1791363970.2783756,0.15945161902345717,1,0,
agentcore,concurrency,128,99,exec_true,1791363970.2894785,0.14999737008474767,1,0,
agentcore,concurrency,128,105,exec_true,1791363970.2857332,0.15726538700982928,1,0,
agentcore,concurrency,128,84,exec_true,1791363970.2944844,0.14857393503189087,1,0,
agentcore,concurrency,128,106,exec_true,1791363970.308345,0.137922556954436,1,0,
agentcore,concurrency,128,107,exec_true,1791363970.3007662,0.14554890000727028,1,0,
agentcore,concurrency,128,54,exec_true,1791363970.3008056,0.14860333397518843,1,0,
agentcore,concurrency,128,68,exec_true,1791363970.3207078,0.13076771597843617,1,0,
agentcore,concurrency,128,127,exec_true,1791363970.2917795,0.16127370297908783,1,0,
agentcore,concurrency,128,66,stop,1791363970.2832692,0.17181850399356335,1,0,
agentcore,concurrency,128,112,exec_true,1791363970.2961795,0.15905352297704667,1,0,
agentcore,concurrency,128,113,exec_true,1791363970.2857816,0.17099094297736883,1,0,
agentcore,concurrency,128,60,exec_true,1791363970.3227243,0.13638240797445178,1,0,
agentcore,concurrency,128,42,stop,1791363970.257183,0.20994160999543965,1,0,
agentcore,concurrency,128,90,exec_true,1791363970.3007174,0.16653932293411344,1,0,
agentcore,concurrency,128,34,exec_true,1791363970.3227603,0.1457180610159412,1,0,
agentcore,concurrency,128,69,exec_true,1791363970.3110602,0.15882319398224354,1,0,
agentcore,concurrency,128,118,exec_true,1791363970.3063028,0.1649009509710595,1,0,
agentcore,concurrency,128,33,exec_true,1791363970.3399637,0.13636342494282871,1,0,
agentcore,concurrency,128,86,exec_true,1791363970.3180614,0.1594299910357222,1,0,
agentcore,concurrency,128,32,exec_true,1791363970.3049524,0.17506716295611113,1,0,
agentcore,concurrency,128,98,exec_true,1791363970.24492,0.2362159009790048,1,0,
agentcore,concurrency,128,117,exec_true,1791363970.3307054,0.15215920901391655,1,0,
agentcore,concurrency,128,63,exec_true,1791363970.3349752,0.149562192033045,1,0,
agentcore,concurrency,128,88,exec_true,1791363970.3148556,0.16972784395329654,1,0,
agentcore,concurrency,128,87,exec_true,1791363970.3165872,0.17102630902081728,1,0,
agentcore,concurrency,128,111,exec_true,1791363970.3375769,0.1519460870185867,1,0,
agentcore,concurrency,128,92,exec_true,1791363970.3271341,0.1624154809396714,1,0,
agentcore,concurrency,128,51,stop,1791363970.3193266,0.17323551990557462,1,0,
agentcore,concurrency,128,103,stop,1791363970.3423455,0.15193461603485048,1,0,
agentcore,concurrency,128,101,exec_true,1791363970.3612783,0.13420005002990365,1,0,
agentcore,concurrency,128,94,exec_true,1791363970.3350148,0.17002298193983734,1,0,
agentcore,concurrency,128,115,exec_true,1791363970.351688,0.15470121195539832,1,0,
agentcore,concurrency,128,123,exec_true,1791363970.340024,0.16802166402339935,1,0,
agentcore,concurrency,128,59,exec_true,1791363970.3422592,0.16706745803821832,1,0,
agentcore,concurrency,128,125,exec_true,1791363970.351492,0.15988157992251217,1,0,
agentcore,concurrency,128,37,exec_true,1791363970.3514292,0.16186768491752446,1,0,
agentcore,concurrency,128,71,stop,1791363970.351719,0.16397922008764,1,0,
agentcore,concurrency,128,119,exec_true,1791363970.3650694,0.15065986500121653,1,0,
agentcore,concurrency,128,82,stop,1791363970.351661,0.16414241190068424,1,0,
agentcore,concurrency,128,70,exec_true,1791363970.375812,0.14000838401261717,1,0,
agentcore,concurrency,128,114,exec_true,1791363970.3097682,0.20941458898596466,1,0,
agentcore,concurrency,128,77,exec_true,1791363970.3515558,0.1676643539685756,1,0,
agentcore,concurrency,128,120,exec_true,1791363970.3679235,0.15134804300032556,1,0,
agentcore,concurrency,128,43,exec_true,1791363970.3516293,0.17226997204124928,1,0,
agentcore,concurrency,128,57,stop,1791363970.3448718,0.18026150192599744,1,0,
agentcore,concurrency,128,76,exec_true,1791363970.381001,0.14415825298056006,1,0,
agentcore,concurrency,128,110,exec_true,1791363970.3284733,0.19910141394939274,1,0,
agentcore,concurrency,128,96,exec_true,1791363970.3651125,0.1674772088881582,1,0,
agentcore,concurrency,128,104,exec_true,1791363970.374348,0.16016411304008216,1,0,
agentcore,concurrency,128,89,exec_true,1791363970.415085,0.12718102999497205,1,0,
agentcore,concurrency,128,44,exec_true,1791363970.38607,0.15891817398369312,1,0,
agentcore,concurrency,128,100,exec_true,1791363970.3873115,0.1591597159858793,1,0,
agentcore,concurrency,128,58,exec_true,1791363970.4063094,0.14146306610200554,1,0,
agentcore,concurrency,128,122,exec_true,1791363970.395714,0.1579451309517026,1,0,
agentcore,concurrency,128,61,exec_true,1791363970.4166646,0.13880282104946673,1,0,
agentcore,concurrency,128,67,stop,1791363970.3843954,0.1730815409682691,1,0,
agentcore,concurrency,128,45,exec_true,1791363970.3956747,0.1618253510678187,1,0,
agentcore,concurrency,128,40,stop,1791363970.4001124,0.15970962005667388,1,0,
agentcore,concurrency,128,108,exec_true,1791363970.4063678,0.15478548395913094,1,0,
agentcore,concurrency,128,64,stop,1791363970.3930676,0.16955715394578874,1,0,
agentcore,concurrency,128,81,exec_true,1791363970.4134378,0.15021775499917567,1,0,
agentcore,concurrency,128,83,exec_true,1791363970.406108,0.1595286789815873,1,0,
agentcore,concurrency,128,102,exec_true,1791363970.4001863,0.16549341101199389,1,0,
agentcore,concurrency,128,85,exec_true,1791363970.3930116,0.1726995789213106,1,0,
agentcore,concurrency,128,78,exec_true,1791363970.4001508,0.17036348104011267,1,0,
agentcore,concurrency,128,38,stop,1791363970.4182823,0.16642459004651755,1,0,
agentcore,concurrency,128,109,stop,1791363970.419208,0.1659862119704485,1,0,
agentcore,concurrency,128,126,exec_true,1791363970.4356089,0.15130985097493976,1,0,
agentcore,concurrency,128,127,exec_true,1791363970.4530604,0.13724837789777666,1,0,
agentcore,concurrency,128,105,exec_true,1791363970.4430087,0.15014934609644115,1,0,
agentcore,concurrency,128,97,stop,1791363970.4321332,0.1610757060116157,1,0,
agentcore,concurrency,128,113,exec_true,1791363970.4567819,0.13819315400905907,1,0,
agentcore,concurrency,128,107,exec_true,1791363970.4463212,0.1501944400370121,1,0,
agentcore,concurrency,128,54,exec_true,1791363970.4494193,0.1484410590492189,1,0,
agentcore,concurrency,128,68,exec_true,1791363970.4514823,0.14854751992970705,1,0,
agentcore,concurrency,128,124,exec_true,1791363970.4225802,0.1823515669675544,1,0,
agentcore,concurrency,128,118,exec_true,1791363970.4712098,0.13703361805528402,1,0,
agentcore,concurrency,128,60,exec_true,1791363970.4591131,0.15048405504785478,1,0,
agentcore,concurrency,128,112,exec_true,1791363970.4552422,0.15897995501291007,1,0,
agentcore,concurrency,128,34,exec_true,1791363970.4684846,0.15217163308989257,1,0,
agentcore,concurrency,128,106,exec_true,1791363970.4462738,0.17784668202511966,1,0,
agentcore,concurrency,128,116,exec_true,1791363970.4014919,0.22491073503624648,1,0,
agentcore,concurrency,128,88,exec_true,1791363970.4845898,0.14949738094583154,1,0,
agentcore,concurrency,128,90,stop,1791363970.4672632,0.168369555962272,1,0,
agentcore,concurrency,128,86,exec_true,1791363970.4774973,0.15837759105488658,1,0,
agentcore,concurrency,128,33,exec_true,1791363970.4763336,0.16184885194525123,1,0,
agentcore,concurrency,128,117,exec_true,1791363970.4828732,0.15793378499802202,1,0,
agentcore,concurrency,128,69,exec_true,1791363970.469891,0.1723008209373802,1,0,
agentcore,concurrency,128,32,stop,1791363970.4800255,0.16844190610572696,1,0,
agentcore,concurrency,128,63,exec_true,1791363970.4845443,0.1677354531129822,1,0,
agentcore,concurrency,128,115,stop,1791363970.5064018,0.14754381391685456,1,0,
agentcore,concurrency,128,87,stop,1791363970.4876242,0.16837329999543726,1,0,
agentcore,concurrency,128,77,exec_true,1791363970.5192258,0.13716756307985634,1,0,
agentcore,concurrency,128,123,exec_true,1791363970.508059,0.14984906394965947,1,0,
agentcore,concurrency,128,94,exec_true,1791363970.5050454,0.15422509401105344,1,0,
agentcore,concurrency,128,99,exec_true,1791363970.439485,0.2209726000437513,1,0,
agentcore,concurrency,128,101,stop,1791363970.495489,0.16759271104820073,1,0,
agentcore,concurrency,128,104,exec_true,1791363970.5345194,0.13030377903487533,1,0,
agentcore,concurrency,128,119,exec_true,1791363970.5157366,0.15013247705064714,1,0,
agentcore,concurrency,128,110,exec_true,1791363970.5275815,0.1396823760587722,1,0,
agentcore,concurrency,128,111,stop,1791363970.4895296,0.1799406030913815,1,0,
agentcore,concurrency,128,98,exec_true,1791363970.4811418,0.1911268710391596,1,0,
agentcore,concurrency,128,125,exec_true,1791363970.5113797,0.16270948492456228,1,0,
agentcore,concurrency,128,70,exec_true,1791363970.515826,0.15829738089814782,1,0,
agentcore,concurrency,128,114,exec_true,1791363970.519189,0.15730603190604597,1,0,
agentcore,concurrency,128,59,stop,1791363970.5093338,0.16883547604084015,1,0,
agentcore,concurrency,128,43,exec_true,1791363970.5239086,0.1544261520029977,1,0,
agentcore,concurrency,128,89,exec_true,1791363970.542273,0.14016116899438202,1,0,
agentcore,concurrency,128,96,exec_true,1791363970.5326014,0.15129442606121302,1,0,
agentcore,concurrency,128,92,stop,1791363970.4895556,0.1959762730402872,1,0,
agentcore,concurrency,128,84,exec_true,1791363970.4430642,0.24249152897391468,1,0,
agentcore,concurrency,128,108,exec_true,1791363970.5611596,0.12975205900147557,1,0,
agentcore,concurrency,128,76,stop,1791363970.5251656,0.16757645492907614,1,0,
agentcore,concurrency,128,37,exec_true,1791363970.5133045,0.18044087500311434,1,0,
agentcore,concurrency,128,100,exec_true,1791363970.546478,0.15064048301428556,1,0,
agentcore,concurrency,128,78,exec_true,1791363970.570521,0.13115027698222548,1,0,
agentcore,concurrency,128,58,stop,1791363970.5477805,0.16425318899564445,1,0,
agentcore,concurrency,128,120,exec_true,1791363970.5192776,0.19562533998396248,1,0,
agentcore,concurrency,128,83,exec_true,1791363970.5656433,0.15074518194887787,1,0,
agentcore,concurrency,128,45,stop,1791363970.5575063,0.1602540189633146,1,0,
agentcore,concurrency,128,122,exec_true,1791363970.5536659,0.16994017700199038,1,0,
agentcore,concurrency,128,102,exec_true,1791363970.5656855,0.1591780559392646,1,0,
agentcore,concurrency,128,44,exec_true,1791363970.5449963,0.1815866749966517,1,0,
agentcore,concurrency,128,126,exec_true,1791363970.5869267,0.14168032293673605,1,0,
agentcore,concurrency,128,85,exec_true,1791363970.5657167,0.1683608019957319,1,0,
agentcore,concurrency,128,118,exec_true,1791363970.6082501,0.13180894206743687,1,0,
agentcore,concurrency,128,124,exec_true,1791363970.6049383,0.13656974909827113,1,0,
agentcore,concurrency,128,112,exec_true,1791363970.6142285,0.12978670606389642,1,0,
agentcore,concurrency,128,93,exec_true,1791363970.4108546,0.33459248300641775,1,0,
agentcore,concurrency,128,113,exec_true,1791363970.5949814,0.15872858499642462,1,0,
agentcore,concurrency,128,81,stop,1791363970.5636623,0.19168271694798023,1,0,
agentcore,concurrency,128,54,stop,1791363970.5978677,0.15789314708672464,1,0,
agentcore,concurrency,128,60,stop,1791363970.6096041,0.147122971015051,1,0,
agentcore,concurrency,128,68,exec_true,1791363970.6000361,0.16022142802830786,1,0,
agentcore,concurrency,128,107,exec_true,1791363970.5965223,0.16979214397724718,1,0,
agentcore,concurrency,128,34,exec_true,1791363970.6206648,0.14818483393173665,1,0,
agentcore,concurrency,128,127,stop,1791363970.5903177,0.1830604950664565,1,0,
agentcore,concurrency,128,105,exec_true,1791363970.5931695,0.18026941700372845,1,0,
agentcore,concurrency,128,61,exec_true,1791363970.555479,0.2216841650661081,1,0,
agentcore,concurrency,128,106,exec_true,1791363970.6241271,0.15919086104258895,1,0,
agentcore,concurrency,128,33,stop,1791363970.6381922,0.1469824929954484,1,0,
agentcore,concurrency,128,117,stop,1791363970.6408157,0.1521913680480793,1,0,
agentcore,concurrency,128,116,exec_true,1791363970.6264098,0.16909570805728436,1,0,
agentcore,concurrency,128,99,exec_true,1791363970.6604643,0.13840362103655934,1,0,
agentcore,concurrency,128,86,stop,1791363970.635883,0.1684045100118965,1,0,
agentcore,concurrency,128,119,exec_true,1791363970.6659477,0.13871023594401777,1,0,
agentcore,concurrency,128,94,exec_true,1791363970.6592767,0.14674962603021413,1,0,
agentcore,concurrency,128,110,exec_true,1791363970.6672742,0.1406798450043425,1,0,
agentcore,concurrency,128,63,stop,1791363970.6522865,0.15868735301773995,1,0,
agentcore,concurrency,128,84,exec_true,1791363970.6855612,0.1282871610019356,1,0,
agentcore,concurrency,128,88,exec_true,1791363970.634094,0.1815467888955027,1,0,
agentcore,concurrency,128,69,stop,1791363970.6422033,0.1751794449519366,1,0,
agentcore,concurrency,128,123,exec_true,1791363970.6579149,0.16104907100088894,1,0,
agentcore,concurrency,128,98,exec_true,1791363970.672278,0.14933473500423133,1,0,
agentcore,concurrency,128,77,exec_true,1791363970.6564004,0.17006326303817332,1,0,
agentcore,concurrency,128,96,stop,1791363970.6839063,0.1452140579931438,1,0,
agentcore,concurrency,128,89,exec_true,1791363970.6824412,0.15146392793394625,1,0,
agentcore,concurrency,128,125,stop,1791363970.6740968,0.16135157109238207,1,0,
agentcore,concurrency,128,114,exec_true,1791363970.6765013,0.15959344001021236,1,0,
agentcore,concurrency,128,43,stop,1791363970.678345,0.15930283698253334,1,0,
agentcore,concurrency,128,104,exec_true,1791363970.6648297,0.17900854803156108,1,0,
agentcore,concurrency,128,78,exec_true,1791363970.7016788,0.1492302429396659,1,0,
agentcore,concurrency,128,37,stop,1791363970.693755,0.16082861903123558,1,0,
agentcore,concurrency,128,108,stop,1791363970.6909182,0.16978644602932036,1,0,
agentcore,concurrency,128,70,stop,1791363970.6741292,0.1929912290070206,1,0,
agentcore,concurrency,128,113,exec_true,1791363970.7537184,0.11878303298726678,1,0,
agentcore,concurrency,128,102,exec_true,1791363970.7248704,0.15037841291632503,1,0,
agentcore,concurrency,128,44,exec_true,1791363970.7265894,0.15180277603212744,1,0,
agentcore,concurrency,128,122,exec_true,1791363970.7236145,0.16042009100783616,1,0,
agentcore,concurrency,128,120,exec_true,1791363970.7149143,0.1705019810469821,1,0,
agentcore,concurrency,128,85,stop,1791363970.7340844,0.15312199294567108,1,0,
agentcore,concurrency,128,100,exec_true,1791363970.6971278,0.19010040303692222,1,0,
agentcore,concurrency,128,126,exec_true,1791363970.7286136,0.15866229590028524,1,0,
agentcore,concurrency,128,124,exec_true,1791363970.7415168,0.15029512299224734,1,0,
agentcore,concurrency,128,112,exec_true,1791363970.7440226,0.159449576982297,1,0,
agentcore,concurrency,128,83,stop,1791363970.716398,0.18971093406435102,1,0,
agentcore,concurrency,128,93,stop,1791363970.7454581,0.16235407709609717,1,0,
agentcore,concurrency,128,68,stop,1791363970.7602673,0.14884588704444468,1,0,
agentcore,concurrency,128,107,stop,1791363970.7663221,0.1562904859893024,1,0,
agentcore,concurrency,128,118,stop,1791363970.7400663,0.18343168997671455,1,0,
agentcore,concurrency,128,34,stop,1791363970.7688603,0.15551153209526092,1,0,
agentcore,concurrency,128,105,exec_true,1791363970.773445,0.15219840500503778,1,0,
agentcore,concurrency,128,61,stop,1791363970.7771704,0.15805066493339837,1,0,
agentcore,concurrency,128,99,stop,1791363970.7988746,0.15308241301681846,1,0,
agentcore,concurrency,128,88,exec_true,1791363970.8156464,0.13825877103954554,1,0,
agentcore,concurrency,128,94,exec_true,1791363970.8060365,0.14928351098205894,1,0,
agentcore,concurrency,128,116,exec_true,1791363970.7955117,0.16099221003241837,1,0,
agentcore,concurrency,128,110,exec_true,1791363970.8079603,0.1499881799099967,1,0,
agentcore,concurrency,128,98,exec_true,1791363970.821619,0.14333186100702733,1,0,
agentcore,concurrency,128,84,stop,1791363970.8138545,0.16001036495435983,1,0,
agentcore,concurrency,128,106,stop,1791363970.783325,0.19309308100491762,1,0,
agentcore,concurrency,128,123,exec_true,1791363970.8189704,0.15897452598437667,1,0,
agentcore,concurrency,128,77,exec_true,1791363970.8264725,0.15267649292945862,1,0,
agentcore,concurrency,128,119,exec_true,1791363970.8046644,0.18131888995412737,1,0,
agentcore,concurrency,128,104,exec_true,1791363970.8438454,0.16015846200753003,1,0,
agentcore,concurrency,128,122,exec_true,1791363970.88404,0.13139169896021485,1,0,
agentcore,concurrency,128,78,stop,1791363970.850916,0.16677358699962497,1,0,
agentcore,concurrency,128,102,stop,1791363970.8752553,0.1424581620376557,1,0,
agentcore,concurrency,128,89,stop,1791363970.8339124,0.18799110897816718,1,0,
agentcore,concurrency,128,124,exec_true,1791363970.8918216,0.1391798029653728,1,0,
agentcore,concurrency,128,44,stop,1791363970.8783991,0.15512915700674057,1,0,
agentcore,concurrency,128,100,exec_true,1791363970.8872344,0.14894288207869977,1,0,
agentcore,concurrency,128,126,exec_true,1791363970.8872814,0.15185382508207113,1,0,
agentcore,concurrency,128,113,stop,1791363970.8725123,0.16802919295150787,1,0,
agentcore,concurrency,128,114,stop,1791363970.8361013,0.2072734859539196,1,0,
agentcore,concurrency,128,120,exec_true,1791363970.885423,0.1593487859936431,1,0,
agentcore,concurrency,128,112,exec_true,1791363970.9034922,0.16962883796077222,1,0,
agentcore,concurrency,128,105,exec_true,1791363970.9256504,0.15705451800022274,1,0,
agentcore,concurrency,128,94,exec_true,1791363970.9553294,0.14849398704245687,1,0,
agentcore,concurrency,128,116,exec_true,1791363970.9565108,0.1485711099812761,1,0,
agentcore,concurrency,128,88,stop,1791363970.9539127,0.15529086801689118,1,0,
agentcore,concurrency,128,123,exec_true,1791363970.977956,0.14165677002165467,1,0,
agentcore,concurrency,128,98,stop,1791363970.9649594,0.160588892060332,1,0,
agentcore,concurrency,128,110,stop,1791363970.9579558,0.17187262908555567,1,0,
agentcore,concurrency,128,104,exec_true,1791363971.004011,0.1297067659907043,1,0,
agentcore,concurrency,128,77,exec_true,1791363970.9791553,0.15676959499251097,1,0,
agentcore,concurrency,128,119,exec_true,1791363970.9859898,0.15875548298936337,1,0,
agentcore,concurrency,128,122,stop,1791363971.0154405,0.15776759397704154,1,0,
agentcore,concurrency,128,124,stop,1791363971.0310125,0.14939420903101563,1,0,
agentcore,concurrency,128,100,exec_true,1791363971.0361845,0.16044528200291097,1,0,
agentcore,concurrency,128,120,stop,1791363971.0447836,0.15342077903915197,1,0,
agentcore,concurrency,128,126,exec_true,1791363971.0391479,0.16678382398094982,1,0,
agentcore,concurrency,128,112,exec_true,1791363971.0731292,0.14151045598555356,1,0,
agentcore,concurrency,128,105,exec_true,1791363971.0827117,0.15986916900146753,1,0,
agentcore,concurrency,128,116,exec_true,1791363971.105091,0.14084774791263044,1,0,
agentcore,concurrency,128,123,exec_true,1791363971.11962,0.13803580903913826,1,0,
agentcore,concurrency,128,77,exec_true,1791363971.1359315,0.15991349599789828,1,0,
agentcore,concurrency,128,94,stop,1791363971.1038342,0.19366401305887848,1,0,
agentcore,concurrency,128,104,stop,1791363971.133725,0.16967925103381276,1,0,
agentcore,concurrency,128,119,stop,1791363971.1447525,0.17137424799147993,1,0,
agentcore,concurrency,128,112,exec_true,1791363971.2146468,0.1487402729690075,1,0,
agentcore,concurrency,128,126,exec_true,1791363971.2059374,0.164502247935161,1,0,
agentcore,concurrency,128,100,exec_true,1791363971.1966367,0.18073180096689612,1,0,
agentcore,concurrency,128,116,stop,1791363971.2459462,0.1573332630796358,1,0,
agentcore,concurrency,128,123,stop,1791363971.2576632,0.17222872690763324,1,0,
agentcore,concurrency,128,105,exec_true,1791363971.2425876,0.24059255002066493,1,0,
agentcore,concurrency,128,77,stop,1791363971.2958512,0.18894239806104451,1,0,
agentcore,concurrency,128,126,exec_true,1791363971.370446,0.13528618402779102,1,0,
agentcore,concurrency,128,112,stop,1791363971.3633947,0.1554679530672729,1,0,
agentcore,concurrency,128,100,exec_true,1791363971.3773787,0.14874033303931355,1,0,
agentcore,concurrency,128,105,stop,1791363971.4831893,0.14406797895208,1,0,
agentcore,concurrency,128,126,stop,1791363971.5057404,0.15367209597025067,1,0,
agentcore,concurrency,128,100,stop,1791363971.5261269,0.15674850600771606,1,0,
